,county,pupil_total,stable,mobile,mobile_instances,disabled_pupil_total,disabled_stable,disabled_mobile,disabled_mobile_instances,limited_eng_pupil_total,limited_eng_stable,limited_eng_mobile,limited_eng_mobile_instances,poor_pupil_total,poor_stable,poor_mobile,poor_mobile_instances,migrant_pupil_total,migrant_stable,migrant_mobile,migrant_mobile_instances,title_1_pupil_total,title_1_stable,title_1_mobile,title_1_mobile_instances,homeless_pupil_total,homeless_stable,homeless_mobile,homeless_mobile_instances,gifted_pupil_total,gifted_stable,gifted_mobile,gifted_mobile_instances,female_pupil_total,female_stable,female_mobile,female_mobile_instances,male_pupil_total,male_stable,male_mobile,male_mobile_instances,asian_pupil_total,asian_stable,asian_mobile,asian_mobile_instances,black_pupil_total,black_stable,black_mobile,black_mobile_instances,hispanic_pupil_total,hispanic_stable,hispanic_mobile,hispanic_mobile_instances,white_pupil_total,white_stable,white_mobile,white_mobile_instances,disabled_grad_base_total,disabled_graduated,disabled_completed,limited_eng_grad_base_total,limited_eng_graduated,limited_eng_completed,poor_grad_base_total,poor_graduated,poor_completed,migrant_grad_base_total,migrant_graduated,migrant_completed,title_1_grad_base_total,title_1_graduated,title_1_completed,homeless_grad_base_total,homeless_graduated,homeless_completed,gifted_grad_base_total,gifted_graduated,gifted_completed,stable_rate,mobile_rate,mobile_instances_rate,disabled_stable_rate,disabled_mobile_rate,disabled_mobile_instances_rate,disabled_graduated_rate,disabled_completed_rate,limited_eng_stable_rate,limited_eng_mobile_rate,limited_eng_mobile_instances_rate,limited_eng_graduated_rate,limited_eng_completed_rate,poor_stable_rate,poor_mobile_rate,poor_mobile_instances_rate,poor_graduated_rate,poor_completed_rate,migrant_stable_rate,migrant_mobile_rate,migrant_mobile_instances_rate,migrant_graduated_rate,migrant_completed_rate,title_1_stable_rate,title_1_mobile_rate,title_1_mobile_instances_rate,title_1_graduated_rate,title_1_completed_rate,homeless_stable_rate,homeless_mobile_rate,homeless_mobile_instances_rate,homeless_graduated_rate,homeless_completed_rate,gifted_stable_rate,gifted_mobile_rate,gifted_mobile_instances_rate,gifted_graduated_rate,gifted_completed_rate,female_stable_rate,female_mobile_rate,female_mobile_instances_rate,male_stable_rate,male_mobile_rate,male_mobile_instances_rate,female_stable_rate_rate,female_mobile_rate_rate,female_mobile_instances_rate_rate,white_stable_rate,white_mobile_rate,white_mobile_instances_rate,black_stable_rate,black_mobile_rate,black_mobile_instances_rate,hispanic_stable_rate,hispanic_mobile_rate,hispanic_mobile_instances_rate,asian_stable_rate,asian_mobile_rate,asian_mobile_instances_rate
0,ADAMS,98546.0,67272.0,31222.0,33925.0,8848.0,6263.0,2588.0,2896.0,20773.0,14539.0,6379.0,7129.0,43912.0,30020.0,13763.0,15467.0,314.0,232.0,82.0,97.0,23837.0,16007.0,7680.0,8655.0,3652.0,1802.0,1810.0,2104.0,5431.0,4818.0,620.0,691.0,48094.0,32829.0,15292.0,16538.0,50452.0,34443.0,15930.0,17387.0,3547.0,2786.0,758.0,835.0,2254.0,1232.0,1016.0,1080.0,45097.0,30436.0,14753.0,16417.0,45122.0,31191.0,13805.0,14641.0,509.0,242.0,255.0,1124.0,631.0,643.0,2799.0,1616.0,1703.0,63.0,32.0,33.0,935.0,529.0,559.0,360.0,190.0,204.0,402.0,337.0,345.0,68.26,31.68,34.43,70.78,29.25,32.73,47.54,50.1,69.99,30.71,34.32,56.14,57.21,68.36,31.34,35.22,57.73,60.84,73.89,26.11,30.89,50.79,52.38,67.15,32.22,36.31,56.58,59.79,49.34,49.56,57.61,52.78,56.67,88.71,11.42,12.72,83.83,85.82,68.26,31.8,34.39,68.27,31.57,34.46,0.14,0.07,0.07,69.13,30.59,32.45,54.66,45.08,47.91,67.49,32.71,36.4,78.55,21.37,23.54
1,ALAMOSA,2775.0,1882.0,885.0,950.0,223.0,159.0,63.0,66.0,368.0,265.0,102.0,117.0,2008.0,1335.0,667.0,718.0,87.0,52.0,34.0,40.0,1554.0,1031.0,523.0,541.0,84.0,26.0,58.0,60.0,38.0,31.0,7.0,7.0,1354.0,920.0,430.0,461.0,1421.0,962.0,455.0,489.0,25.0,16.0,9.0,9.0,14.0,8.0,6.0,6.0,1615.0,1133.0,476.0,528.0,1058.0,693.0,364.0,376.0,15.0,13.0,14.0,26.0,19.0,19.0,130.0,88.0,92.0,11.0,4.0,4.0,28.0,22.0,23.0,6.0,6.0,6.0,0.0,0.0,0.0,67.82,31.89,34.23,71.3,28.25,29.6,86.67,93.33,72.01,27.72,31.79,73.08,73.08,66.48,33.22,35.76,67.69,70.77,59.77,39.08,45.98,36.36,36.36,66.34,33.66,34.81,78.57,82.14,30.95,69.05,71.43,100.0,100.0,81.58,18.42,18.42,0.0,0.0,67.95,31.76,34.05,67.7,32.02,34.41,5.02,2.35,2.51,65.5,34.4,35.54,57.14,42.86,42.86,70.15,29.47,32.69,64.0,36.0,36.0
2,ARAPAHOE,124639.0,94109.0,30134.0,32269.0,11842.0,9461.0,2354.0,2568.0,25370.0,19012.0,6224.0,6920.0,51658.0,38424.0,12936.0,14399.0,84.0,46.0,38.0,38.0,27014.0,18757.0,8042.0,8837.0,2933.0,1493.0,1362.0,1618.0,9654.0,9011.0,630.0,681.0,60471.0,45874.0,14405.0,15391.0,64168.0,48235.0,15729.0,16878.0,7113.0,5590.0,1515.0,1605.0,15890.0,10721.0,5089.0,5493.0,38844.0,28263.0,10389.0,11341.0,56546.0,45066.0,11388.0,11963.0,874.0,448.0,455.0,1373.0,529.0,534.0,3694.0,2113.0,2184.0,20.0,8.0,9.0,488.0,202.0,213.0,243.0,96.0,102.0,909.0,820.0,828.0,75.51,24.18,25.89,79.89,19.88,21.69,51.26,52.06,74.94,24.53,27.28,38.53,38.89,74.38,25.04,27.87,57.2,59.12,54.76,45.24,45.24,40.0,45.0,69.43,29.77,32.71,41.39,43.65,50.9,46.44,55.17,39.51,41.98,93.34,6.53,7.05,90.21,91.09,75.86,23.82,25.45,75.17,24.51,26.3,0.13,0.04,0.04,79.7,20.14,21.16,67.47,32.03,34.57,72.76,26.75,29.2,78.59,21.3,22.56
3,ARCHULETA,1641.0,1218.0,422.0,452.0,125.0,100.0,25.0,28.0,120.0,94.0,26.0,28.0,885.0,630.0,254.0,275.0,7.0,7.0,0.0,0.0,1073.0,830.0,243.0,257.0,14.0,3.0,11.0,12.0,99.0,83.0,16.0,17.0,786.0,596.0,190.0,204.0,855.0,622.0,232.0,248.0,15.0,11.0,4.0,4.0,21.0,14.0,7.0,7.0,405.0,311.0,94.0,100.0,1150.0,858.0,292.0,313.0,11.0,5.0,5.0,0.0,0.0,0.0,59.0,38.0,40.0,0.0,0.0,0.0,0.0,0.0,0.0,5.0,1.0,1.0,12.0,10.0,11.0,74.22,25.72,27.54,80.0,20.0,22.4,45.45,45.45,78.33,21.67,23.33,0.0,0.0,71.19,28.7,31.07,64.41,67.8,100.0,0.0,0.0,0.0,0.0,77.35,22.65,23.95,0.0,0.0,21.43,78.57,85.71,20.0,20.0,83.84,16.16,17.17,83.33,91.67,75.83,24.17,25.95,72.75,27.13,29.01,9.65,3.08,3.3,74.61,25.39,27.22,66.67,33.33,33.33,76.79,23.21,24.69,73.33,26.67,26.67
4,BACA,988.0,577.0,411.0,421.0,70.0,45.0,25.0,25.0,20.0,11.0,9.0,11.0,452.0,293.0,159.0,164.0,2.0,0.0,2.0,2.0,403.0,291.0,112.0,118.0,0.0,0.0,0.0,0.0,31.0,29.0,2.0,2.0,492.0,274.0,218.0,225.0,496.0,303.0,193.0,196.0,1.0,0.0,1.0,1.0,14.0,10.0,4.0,4.0,197.0,80.0,117.0,121.0,748.0,474.0,274.0,280.0,9.0,5.0,5.0,2.0,2.0,2.0,82.0,36.0,46.0,1.0,0.0,0.0,38.0,28.0,31.0,0.0,0.0,0.0,6.0,6.0,6.0,58.4,41.6,42.61,64.29,35.71,35.71,55.56,55.56,55.0,45.0,55.0,100.0,100.0,64.82,35.18,36.28,43.9,56.1,0.0,100.0,100.0,0.0,0.0,72.21,27.79,29.28,73.68,81.58,0.0,0.0,0.0,0.0,0.0,93.55,6.45,6.45,100.0,100.0,55.69,44.31,45.73,61.09,38.91,39.52,11.32,9.01,9.29,63.37,36.63,37.43,71.43,28.57,28.57,40.61,59.39,61.42,0.0,100.0,100.0
5,BENT,865.0,675.0,190.0,198.0,83.0,60.0,23.0,25.0,34.0,28.0,6.0,6.0,639.0,498.0,141.0,148.0,10.0,6.0,4.0,4.0,576.0,464.0,112.0,119.0,0.0,0.0,0.0,0.0,39.0,37.0,2.0,2.0,435.0,338.0,97.0,103.0,430.0,337.0,93.0,95.0,7.0,3.0,4.0,4.0,13.0,11.0,2.0,2.0,333.0,269.0,64.0,67.0,505.0,387.0,118.0,123.0,11.0,6.0,6.0,2.0,2.0,2.0,39.0,31.0,31.0,1.0,1.0,1.0,17.0,13.0,13.0,0.0,0.0,0.0,6.0,6.0,6.0,78.03,21.97,22.89,72.29,27.71,30.12,54.55,54.55,82.35,17.65,17.65,100.0,100.0,77.93,22.07,23.16,79.49,79.49,60.0,40.0,40.0,100.0,100.0,80.56,19.44,20.66,76.47,76.47,0.0,0.0,0.0,0.0,0.0,94.87,5.13,5.13,100.0,100.0,77.7,22.3,23.68,78.37,21.63,22.09,17.86,5.13,5.44,76.63,23.37,24.36,84.62,15.38,15.38,80.78,19.22,20.12,42.86,57.14,57.14
6,BOULDER,77586.0,64023.0,13412.0,14348.0,7066.0,6021.0,1037.0,1122.0,8949.0,7503.0,1435.0,1569.0,23123.0,18473.0,4564.0,5073.0,76.0,53.0,23.0,25.0,4849.0,3863.0,961.0,1084.0,2091.0,1163.0,906.0,1044.0,8456.0,7864.0,591.0,634.0,37990.0,31435.0,6480.0,6932.0,39596.0,32588.0,6932.0,7416.0,3128.0,2575.0,550.0,576.0,778.0,546.0,232.0,249.0,16922.0,13673.0,3214.0,3491.0,54035.0,45031.0,8899.0,9468.0,466.0,282.0,290.0,334.0,219.0,223.0,1502.0,1026.0,1075.0,17.0,12.0,12.0,19.0,8.0,9.0,253.0,154.0,160.0,661.0,634.0,646.0,82.52,17.29,18.49,85.21,14.68,15.88,60.52,62.23,83.84,16.04,17.53,65.57,66.77,79.89,19.74,21.94,68.31,71.57,69.74,30.26,32.89,70.59,70.59,79.67,19.82,22.36,42.11,47.37,55.62,43.33,49.93,60.87,63.24,93.0,6.99,7.5,95.92,97.73,82.75,17.06,18.25,82.3,17.51,18.73,0.22,0.04,0.05,83.34,16.47,17.52,70.18,29.82,32.01,80.8,18.99,20.63,82.32,17.58,18.41
7,CHAFFEE,2278.0,1707.0,568.0,609.0,191.0,155.0,36.0,40.0,38.0,26.0,12.0,12.0,947.0,730.0,216.0,236.0,0.0,0.0,0.0,0.0,938.0,680.0,257.0,272.0,9.0,4.0,5.0,6.0,84.0,79.0,5.0,6.0,1112.0,846.0,264.0,280.0,1166.0,861.0,304.0,329.0,19.0,16.0,3.0,3.0,9.0,7.0,2.0,2.0,276.0,199.0,77.0,84.0,1895.0,1430.0,462.0,492.0,17.0,12.0,13.0,5.0,5.0,5.0,59.0,45.0,46.0,0.0,0.0,0.0,73.0,64.0,65.0,3.0,1.0,1.0,17.0,17.0,17.0,74.93,24.93,26.73,81.15,18.85,20.94,70.59,76.47,68.42,31.58,31.58,100.0,100.0,77.09,22.81,24.92,76.27,77.97,0.0,0.0,0.0,0.0,0.0,72.49,27.4,29.0,87.67,89.04,44.44,55.56,66.67,33.33,33.33,94.05,5.95,7.14,100.0,100.0,76.08,23.74,25.18,73.84,26.07,28.22,6.84,2.13,2.26,75.46,24.38,25.96,77.78,22.22,22.22,72.1,27.9,30.43,84.21,15.79,15.79
8,CHEYENNE,339.0,247.0,92.0,94.0,40.0,29.0,11.0,12.0,30.0,12.0,18.0,18.0,150.0,101.0,49.0,51.0,6.0,1.0,5.0,5.0,20.0,15.0,5.0,5.0,0.0,0.0,0.0,0.0,13.0,12.0,1.0,1.0,160.0,119.0,41.0,41.0,179.0,128.0,51.0,53.0,1.0,1.0,0.0,0.0,2.0,0.0,2.0,2.0,66.0,36.0,30.0,30.0,269.0,210.0,59.0,60.0,2.0,0.0,0.0,1.0,1.0,1.0,10.0,7.0,8.0,2.0,2.0,2.0,0.0,0.0,0.0,0.0,0.0,0.0,1.0,1.0,1.0,72.86,27.14,27.73,72.5,27.5,30.0,0.0,0.0,40.0,60.0,60.0,100.0,100.0,67.33,32.67,34.0,70.0,80.0,16.67,83.33,83.33,100.0,100.0,75.0,25.0,25.0,0.0,0.0,0.0,0.0,0.0,0.0,0.0,92.31,7.69,7.69,100.0,100.0,74.38,25.62,25.62,71.51,28.49,29.61,46.49,16.01,16.01,78.07,21.93,22.3,0.0,100.0,100.0,54.55,45.45,45.45,100.0,0.0,0.0
9,CLEAR CREEK,1080.0,761.0,319.0,338.0,97.0,69.0,28.0,30.0,13.0,11.0,2.0,2.0,285.0,209.0,76.0,85.0,0.0,0.0,0.0,0.0,268.0,196.0,72.0,74.0,0.0,0.0,0.0,0.0,82.0,70.0,12.0,12.0,548.0,370.0,178.0,190.0,532.0,391.0,141.0,148.0,13.0,7.0,6.0,8.0,14.0,6.0,8.0,8.0,120.0,70.0,50.0,55.0,884.0,639.0,245.0,254.0,7.0,6.0,6.0,2.0,2.0,2.0,22.0,18.0,18.0,0.0,0.0,0.0,0.0,0.0,0.0,0.0,0.0,0.0,16.0,16.0,16.0,70.46,29.54,31.3,71.13,28.87,30.93,85.71,85.71,84.62,15.38,15.38,100.0,100.0,73.33,26.67,29.82,81.82,81.82,0.0,0.0,0.0,0.0,0.0,73.13,26.87,27.61,0.0,0.0,0.0,0.0,0.0,0.0,0.0,85.37,14.63,14.63,100.0,100.0,67.52,32.48,34.67,73.5,26.5,27.82,12.32,5.93,6.33,72.29,27.71,28.73,42.86,57.14,57.14,58.33,41.67,45.83,53.85,46.15,61.54
10,COLORADO BOCS,816.0,378.0,443.0,447.0,83.0,51.0,37.0,37.0,35.0,16.0,19.0,19.0,164.0,76.0,88.0,90.0,0.0,0.0,0.0,0.0,0.0,0.0,0.0,0.0,36.0,16.0,20.0,21.0,4.0,1.0,3.0,4.0,387.0,178.0,209.0,211.0,429.0,200.0,234.0,236.0,16.0,11.0,5.0,5.0,21.0,10.0,11.0,11.0,211.0,54.0,158.0,158.0,526.0,284.0,246.0,250.0,28.0,17.0,19.0,22.0,12.0,15.0,77.0,44.0,55.0,1.0,1.0,1.0,1.0,1.0,1.0,15.0,9.0,10.0,3.0,1.0,2.0,46.32,54.29,54.78,61.45,44.58,44.58,60.71,67.86,45.71,54.29,54.29,54.55,68.18,46.34,53.66,54.88,57.14,71.43,0.0,0.0,0.0,100.0,100.0,0.0,0.0,0.0,100.0,100.0,44.44,55.56,58.33,60.0,66.67,25.0,75.0,100.0,33.33,66.67,45.99,54.01,54.52,46.62,54.55,55.01,11.88,13.96,14.09,53.99,46.77,47.53,47.62,52.38,52.38,25.59,74.88,74.88,68.75,31.25,31.25
11,CONEJOS,1755.0,1318.0,431.0,450.0,101.0,72.0,29.0,30.0,28.0,25.0,3.0,3.0,1176.0,943.0,230.0,242.0,2.0,2.0,0.0,0.0,1521.0,1170.0,345.0,361.0,3.0,0.0,3.0,3.0,80.0,71.0,9.0,9.0,906.0,675.0,229.0,240.0,849.0,643.0,202.0,210.0,11.0,0.0,11.0,11.0,7.0,5.0,2.0,2.0,1006.0,752.0,248.0,264.0,696.0,535.0,161.0,163.0,15.0,13.0,14.0,3.0,2.0,2.0,92.0,78.0,79.0,1.0,0.0,0.0,92.0,82.0,82.0,1.0,0.0,0.0,6.0,6.0,6.0,75.1,24.56,25.64,71.29,28.71,29.7,86.67,93.33,89.29,10.71,10.71,66.67,66.67,80.19,19.56,20.58,84.78,85.87,100.0,0.0,0.0,0.0,0.0,76.92,22.68,23.73,89.13,89.13,0.0,100.0,100.0,0.0,0.0,88.75,11.25,11.25,100.0,100.0,74.5,25.28,26.49,75.74,23.79,24.73,8.22,2.79,2.92,76.87,23.13,23.42,71.43,28.57,28.57,74.75,24.65,26.24,0.0,100.0,100.0
12,COSTILLA,586.0,383.0,203.0,222.0,46.0,34.0,12.0,13.0,92.0,74.0,18.0,19.0,506.0,326.0,180.0,197.0,21.0,14.0,7.0,7.0,403.0,253.0,150.0,163.0,77.0,30.0,47.0,52.0,5.0,5.0,0.0,0.0,274.0,183.0,91.0,103.0,312.0,200.0,112.0,119.0,4.0,4.0,0.0,0.0,2.0,1.0,1.0,1.0,466.0,333.0,133.0,142.0,96.0,37.0,59.0,65.0,1.0,1.0,1.0,17.0,17.0,17.0,30.0,27.0,27.0,1.0,1.0,1.0,18.0,15.0,15.0,5.0,4.0,4.0,3.0,3.0,3.0,65.36,34.64,37.88,73.91,26.09,28.26,100.0,100.0,80.43,19.57,20.65,100.0,100.0,64.43,35.57,38.93,90.0,90.0,66.67,33.33,33.33,100.0,100.0,62.78,37.22,40.45,83.33,83.33,38.96,61.04,67.53,80.0,80.0,100.0,0.0,0.0,100.0,100.0,66.79,33.21,37.59,64.1,35.9,38.14,24.38,12.12,13.72,38.54,61.46,67.71,50.0,50.0,50.0,71.46,28.54,30.47,100.0,0.0,0.0
13,CROWLEY,578.0,382.0,196.0,203.0,60.0,35.0,25.0,26.0,5.0,2.0,3.0,3.0,419.0,262.0,157.0,163.0,2.0,2.0,0.0,0.0,578.0,382.0,196.0,203.0,0.0,0.0,0.0,0.0,11.0,9.0,2.0,2.0,271.0,175.0,96.0,101.0,307.0,207.0,100.0,102.0,0.0,0.0,0.0,0.0,4.0,2.0,2.0,2.0,139.0,86.0,53.0,57.0,385.0,257.0,128.0,131.0,4.0,3.0,3.0,0.0,0.0,0.0,31.0,28.0,30.0,0.0,0.0,0.0,38.0,36.0,37.0,1.0,1.0,1.0,0.0,0.0,0.0,66.09,33.91,35.12,58.33,41.67,43.33,75.0,75.0,40.0,60.0,60.0,0.0,0.0,62.53,37.47,38.9,90.32,96.77,100.0,0.0,0.0,0.0,0.0,66.09,33.91,35.12,94.74,97.37,0.0,0.0,0.0,100.0,100.0,81.82,18.18,18.18,0.0,0.0,64.58,35.42,37.27,67.43,32.57,33.22,23.83,13.07,13.75,66.75,33.25,34.03,50.0,50.0,50.0,61.87,38.13,41.01,0.0,0.0,0.0
14,CUSTER,480.0,361.0,119.0,121.0,50.0,44.0,6.0,6.0,0.0,0.0,0.0,0.0,212.0,142.0,70.0,70.0,0.0,0.0,0.0,0.0,178.0,128.0,50.0,51.0,0.0,0.0,0.0,0.0,38.0,35.0,3.0,3.0,238.0,182.0,56.0,57.0,242.0,179.0,63.0,64.0,7.0,7.0,0.0,0.0,5.0,4.0,1.0,1.0,20.0,6.0,14.0,14.0,436.0,336.0,100.0,102.0,5.0,5.0,5.0,0.0,0.0,0.0,20.0,18.0,18.0,0.0,0.0,0.0,0.0,0.0,0.0,0.0,0.0,0.0,7.0,6.0,6.0,75.21,24.79,25.21,88.0,12.0,12.0,100.0,100.0,0.0,0.0,0.0,0.0,0.0,66.98,33.02,33.02,90.0,90.0,0.0,0.0,0.0,0.0,0.0,71.91,28.09,28.65,0.0,0.0,0.0,0.0,0.0,0.0,0.0,92.11,7.89,7.89,85.71,85.71,76.47,23.53,23.95,73.97,26.03,26.45,32.13,9.89,10.06,77.06,22.94,23.39,80.0,20.0,20.0,30.0,70.0,70.0,100.0,0.0,0.0
15,DELTA,5630.0,4387.0,1222.0,1344.0,524.0,428.0,92.0,107.0,422.0,311.0,110.0,120.0,2821.0,2114.0,692.0,781.0,53.0,28.0,25.0,25.0,2272.0,1785.0,475.0,525.0,61.0,15.0,45.0,52.0,333.0,316.0,17.0,17.0,2735.0,2142.0,585.0,638.0,2895.0,2245.0,637.0,706.0,75.0,36.0,39.0,39.0,29.0,16.0,13.0,13.0,1154.0,936.0,214.0,242.0,4204.0,3285.0,905.0,985.0,44.0,30.0,30.0,30.0,22.0,22.0,238.0,188.0,193.0,5.0,5.0,5.0,2.0,0.0,0.0,10.0,4.0,5.0,40.0,39.0,39.0,77.92,21.71,23.87,81.68,17.56,20.42,68.18,68.18,73.7,26.07,28.44,73.33,73.33,74.94,24.53,27.69,78.99,81.09,52.83,47.17,47.17,100.0,100.0,78.57,20.91,23.11,0.0,0.0,24.59,73.77,85.25,40.0,50.0,94.89,5.11,5.11,97.5,97.5,78.32,21.39,23.33,77.55,22.0,24.39,2.86,0.78,0.85,78.14,21.53,23.43,55.17,44.83,44.83,81.11,18.54,20.97,48.0,52.0,52.0
16,DENVER,100781.0,70226.0,29784.0,34485.0,9523.0,7080.0,2368.0,2924.0,33198.0,24936.0,8076.0,9297.0,65820.0,49504.0,15737.0,19042.0,35.0,31.0,4.0,4.0,68363.0,47071.0,20573.0,24585.0,2174.0,1064.0,1028.0,1368.0,11759.0,10200.0,1513.0,1780.0,49991.0,34871.0,14731.0,16821.0,50790.0,35355.0,15053.0,17664.0,3288.0,2387.0,895.0,984.0,13744.0,9195.0,4383.0,5381.0,56185.0,40470.0,15274.0,18046.0,23656.0,15562.0,7985.0,8623.0,725.0,251.0,271.0,1141.0,558.0,577.0,4505.0,2176.0,2338.0,52.0,24.0,26.0,4328.0,2069.0,2231.0,404.0,106.0,117.0,952.0,743.0,774.0,69.68,29.55,34.22,74.35,24.87,30.7,34.62,37.38,75.11,24.33,28.0,48.9,50.57,75.21,23.91,28.93,48.3,51.9,88.57,11.43,11.43,46.15,50.0,68.85,30.09,35.96,47.8,51.55,48.94,47.29,62.93,26.24,28.96,86.74,12.87,15.14,78.05,81.3,69.75,29.47,33.65,69.61,29.64,34.78,0.14,0.06,0.07,65.78,33.75,36.45,66.9,31.89,39.15,72.03,27.19,32.12,72.6,27.22,29.93
17,DOLORES,318.0,229.0,89.0,91.0,25.0,16.0,9.0,9.0,0.0,0.0,0.0,0.0,146.0,102.0,44.0,45.0,0.0,0.0,0.0,0.0,161.0,119.0,42.0,43.0,0.0,0.0,0.0,0.0,11.0,11.0,0.0,0.0,156.0,116.0,40.0,41.0,162.0,113.0,49.0,50.0,0.0,0.0,0.0,0.0,1.0,1.0,0.0,0.0,21.0,9.0,12.0,13.0,266.0,202.0,64.0,65.0,1.0,1.0,1.0,0.0,0.0,0.0,11.0,9.0,10.0,0.0,0.0,0.0,2.0,2.0,2.0,0.0,0.0,0.0,1.0,1.0,1.0,72.01,27.99,28.62,64.0,36.0,36.0,100.0,100.0,0.0,0.0,0.0,0.0,0.0,69.86,30.14,30.82,81.82,90.91,0.0,0.0,0.0,0.0,0.0,73.91,26.09,26.71,100.0,100.0,0.0,0.0,0.0,0.0,0.0,100.0,0.0,0.0,100.0,100.0,74.36,25.64,26.28,69.75,30.25,30.86,47.67,16.44,16.85,75.94,24.06,24.44,100.0,0.0,0.0,42.86,57.14,61.9,0.0,0.0,0.0
18,DOUGLAS,66965.0,55140.0,11722.0,12396.0,5677.0,4896.0,773.0,854.0,3254.0,2026.0,1225.0,1297.0,7219.0,5364.0,1852.0,1913.0,7.0,1.0,6.0,6.0,1644.0,935.0,709.0,763.0,678.0,399.0,276.0,335.0,4022.0,3733.0,286.0,303.0,32803.0,27070.0,5682.0,5992.0,34162.0,28070.0,6040.0,6404.0,2606.0,2157.0,445.0,486.0,1546.0,917.0,627.0,670.0,9325.0,6706.0,2605.0,2780.0,50557.0,43000.0,7481.0,7856.0,331.0,220.0,227.0,82.0,61.0,62.0,534.0,346.0,368.0,1.0,0.0,0.0,329.0,252.0,265.0,79.0,44.0,49.0,266.0,262.0,265.0,82.34,17.5,18.51,86.24,13.62,15.04,66.47,68.58,62.26,37.65,39.86,74.39,75.61,74.3,25.65,26.5,64.79,68.91,14.29,85.71,85.71,0.0,0.0,56.87,43.13,46.41,76.6,80.55,58.85,40.71,49.41,55.7,62.03,92.81,7.11,7.53,98.5,99.62,82.52,17.32,18.27,82.17,17.68,18.75,0.25,0.05,0.06,85.05,14.8,15.54,59.31,40.56,43.34,71.91,27.94,29.81,82.77,17.08,18.65
19,EAGLE,6749.0,5472.0,1261.0,1365.0,584.0,507.0,76.0,88.0,2428.0,1965.0,455.0,505.0,2834.0,2278.0,547.0,612.0,28.0,22.0,6.0,6.0,1970.0,1602.0,361.0,406.0,87.0,42.0,45.0,50.0,527.0,462.0,65.0,68.0,3205.0,2631.0,568.0,621.0,3544.0,2841.0,693.0,744.0,67.0,57.0,10.0,12.0,25.0,19.0,6.0,6.0,3327.0,2711.0,605.0,665.0,3198.0,2584.0,610.0,647.0,31.0,18.0,18.0,142.0,68.0,68.0,149.0,113.0,113.0,2.0,2.0,2.0,1.0,0.0,0.0,11.0,7.0,7.0,45.0,43.0,44.0,81.08,18.68,20.23,86.82,13.01,15.07,58.06,58.06,80.93,18.74,20.8,47.89,47.89,80.38,19.3,21.59,75.84,75.84,78.57,21.43,21.43,100.0,100.0,81.32,18.32,20.61,0.0,0.0,48.28,51.72,57.47,63.64,63.64,87.67,12.33,12.9,95.56,97.78,82.09,17.72,19.38,80.16,19.55,20.99,2.56,0.55,0.6,80.8,19.07,20.23,76.0,24.0,24.0,81.48,18.18,19.99,85.07,14.93,17.91
20,EL PASO,128825.0,88927.0,39653.0,43430.0,10653.0,7724.0,2908.0,3338.0,8281.0,5835.0,2406.0,2724.0,47941.0,31352.0,16355.0,18510.0,47.0,29.0,18.0,19.0,21351.0,13236.0,7970.0,8786.0,2141.0,999.0,1118.0,1389.0,9084.0,8030.0,1052.0,1154.0,62697.0,43295.0,19299.0,21093.0,66128.0,45632.0,20354.0,22337.0,3620.0,2507.0,1105.0,1185.0,9999.0,6068.0,3891.0,4319.0,28749.0,19167.0,9482.0,10632.0,77513.0,55165.0,22272.0,24094.0,616.0,324.0,334.0,276.0,173.0,176.0,2711.0,1829.0,1913.0,4.0,3.0,3.0,121.0,78.0,82.0,184.0,96.0,100.0,864.0,817.0,828.0,69.03,30.78,33.71,72.51,27.3,31.33,52.6,54.22,70.46,29.05,32.89,62.68,63.77,65.4,34.11,38.61,67.47,70.56,61.7,38.3,40.43,75.0,75.0,61.99,37.33,41.15,64.46,67.77,46.66,52.22,64.88,52.17,54.35,88.4,11.58,12.7,94.56,95.83,69.05,30.78,33.64,69.01,30.78,33.78,0.11,0.05,0.05,71.17,28.73,31.08,60.69,38.91,43.19,66.67,32.98,36.98,69.25,30.52,32.73
21,ELBERT,3839.0,2825.0,1013.0,1043.0,389.0,279.0,110.0,116.0,76.0,51.0,25.0,25.0,765.0,521.0,244.0,253.0,0.0,0.0,0.0,0.0,401.0,297.0,105.0,106.0,2.0,1.0,1.0,1.0,251.0,228.0,23.0,25.0,1868.0,1389.0,477.0,493.0,1971.0,1436.0,536.0,550.0,33.0,16.0,17.0,17.0,26.0,12.0,14.0,14.0,378.0,251.0,127.0,132.0,3260.0,2459.0,800.0,823.0,19.0,16.0,16.0,6.0,3.0,3.0,64.0,54.0,54.0,0.0,0.0,0.0,0.0,0.0,0.0,2.0,2.0,2.0,28.0,27.0,27.0,73.59,26.39,27.17,71.72,28.28,29.82,84.21,84.21,67.11,32.89,32.89,50.0,50.0,68.1,31.9,33.07,84.38,84.38,0.0,0.0,0.0,0.0,0.0,74.06,26.18,26.43,0.0,0.0,50.0,50.0,50.0,100.0,100.0,90.84,9.16,9.96,96.43,96.43,74.36,25.54,26.39,72.86,27.19,27.9,3.98,1.37,1.41,75.43,24.54,25.25,46.15,53.85,53.85,66.4,33.6,34.92,48.48,51.52,51.52
22,FREMONT,6372.0,4692.0,1656.0,1793.0,782.0,595.0,186.0,201.0,61.0,51.0,10.0,10.0,1075.0,778.0,297.0,322.0,0.0,0.0,0.0,0.0,3340.0,2436.0,888.0,955.0,10.0,0.0,10.0,10.0,369.0,339.0,29.0,32.0,3138.0,2338.0,788.0,850.0,3234.0,2354.0,868.0,943.0,35.0,29.0,6.0,6.0,37.0,30.0,7.0,7.0,808.0,572.0,233.0,248.0,5247.0,3900.0,1326.0,1444.0,53.0,30.0,30.0,1.0,1.0,1.0,241.0,149.0,168.0,0.0,0.0,0.0,53.0,39.0,46.0,6.0,1.0,3.0,37.0,34.0,35.0,73.63,25.99,28.14,76.09,23.79,25.7,56.6,56.6,83.61,16.39,16.39,100.0,100.0,72.37,27.63,29.95,61.83,69.71,0.0,0.0,0.0,0.0,0.0,72.93,26.59,28.59,73.58,86.79,0.0,100.0,100.0,16.67,50.0,91.87,7.86,8.67,91.89,94.59,74.51,25.11,27.09,72.79,26.84,29.16,2.37,0.8,0.86,74.33,25.27,27.52,81.08,18.92,18.92,70.79,28.84,30.69,82.86,17.14,17.14
23,GARFIELD,12202.0,9365.0,2818.0,3057.0,887.0,689.0,197.0,211.0,3558.0,2964.0,588.0,669.0,5210.0,4158.0,1047.0,1165.0,46.0,30.0,16.0,16.0,4468.0,3360.0,1095.0,1180.0,134.0,89.0,44.0,52.0,655.0,589.0,66.0,70.0,5856.0,4530.0,1317.0,1429.0,6346.0,4835.0,1501.0,1628.0,78.0,58.0,20.0,20.0,38.0,14.0,24.0,24.0,5525.0,4377.0,1137.0,1268.0,6227.0,4667.0,1553.0,1655.0,59.0,46.0,47.0,120.0,74.0,78.0,298.0,199.0,221.0,2.0,2.0,2.0,7.0,0.0,2.0,7.0,6.0,7.0,58.0,56.0,58.0,76.75,23.09,25.05,77.68,22.21,23.79,77.97,79.66,83.31,16.53,18.8,61.67,65.0,79.81,20.1,22.36,66.78,74.16,65.22,34.78,34.78,100.0,100.0,75.2,24.51,26.41,0.0,28.57,66.42,32.84,38.81,85.71,100.0,89.92,10.08,10.69,96.55,100.0,77.36,22.49,24.4,76.19,23.65,25.65,1.32,0.38,0.42,74.95,24.94,26.58,36.84,63.16,63.16,79.22,20.58,22.95,74.36,25.64,25.64
24,GILPIN,416.0,288.0,128.0,135.0,47.0,31.0,16.0,19.0,2.0,2.0,0.0,0.0,124.0,73.0,51.0,54.0,0.0,0.0,0.0,0.0,22.0,14.0,8.0,9.0,2.0,1.0,1.0,1.0,32.0,27.0,5.0,5.0,200.0,144.0,56.0,60.0,216.0,144.0,72.0,75.0,7.0,6.0,1.0,1.0,5.0,1.0,4.0,6.0,48.0,30.0,18.0,19.0,337.0,242.0,95.0,98.0,5.0,2.0,2.0,1.0,1.0,1.0,8.0,5.0,5.0,0.0,0.0,0.0,0.0,0.0,0.0,1.0,1.0,1.0,2.0,2.0,2.0,69.23,30.77,32.45,65.96,34.04,40.43,40.0,40.0,100.0,0.0,0.0,100.0,100.0,58.87,41.13,43.55,62.5,62.5,0.0,0.0,0.0,0.0,0.0,63.64,36.36,40.91,0.0,0.0,50.0,50.0,50.0,100.0,100.0,84.38,15.62,15.62,100.0,100.0,72.0,28.0,30.0,66.67,33.33,34.72,36.0,14.0,15.0,71.81,28.19,29.08,20.0,80.0,120.0,62.5,37.5,39.58,85.71,14.29,14.29
25,GRAND,1874.0,1460.0,411.0,436.0,186.0,146.0,40.0,41.0,184.0,142.0,42.0,45.0,544.0,446.0,97.0,110.0,0.0,0.0,0.0,0.0,352.0,281.0,71.0,73.0,5.0,2.0,3.0,3.0,119.0,102.0,17.0,17.0,907.0,704.0,201.0,215.0,967.0,756.0,210.0,221.0,7.0,5.0,2.0,2.0,11.0,5.0,5.0,7.0,244.0,184.0,59.0,65.0,1572.0,1238.0,333.0,350.0,5.0,2.0,3.0,9.0,4.0,4.0,32.0,16.0,22.0,1.0,1.0,1.0,1.0,1.0,1.0,1.0,0.0,0.0,7.0,6.0,6.0,77.91,21.93,23.27,78.49,21.51,22.04,40.0,60.0,77.17,22.83,24.46,44.44,44.44,81.99,17.83,20.22,50.0,68.75,0.0,0.0,0.0,100.0,100.0,79.83,20.17,20.74,100.0,100.0,40.0,60.0,60.0,0.0,0.0,85.71,14.29,14.29,85.71,85.71,77.62,22.16,23.7,78.18,21.72,22.85,8.56,2.44,2.61,78.75,21.18,22.26,45.45,45.45,63.64,75.41,24.18,26.64,71.43,28.57,28.57
26,GUNNISON,1936.0,1552.0,384.0,424.0,123.0,104.0,19.0,21.0,161.0,139.0,22.0,27.0,529.0,383.0,146.0,159.0,3.0,2.0,1.0,1.0,90.0,71.0,19.0,23.0,2.0,0.0,2.0,2.0,232.0,207.0,25.0,27.0,955.0,755.0,200.0,219.0,981.0,797.0,184.0,205.0,8.0,7.0,1.0,1.0,2.0,1.0,1.0,1.0,290.0,235.0,55.0,60.0,1580.0,1273.0,307.0,340.0,9.0,6.0,7.0,10.0,5.0,5.0,26.0,20.0,20.0,2.0,1.0,1.0,0.0,0.0,0.0,0.0,0.0,0.0,11.0,11.0,11.0,80.17,19.83,21.9,84.55,15.45,17.07,66.67,77.78,86.34,13.66,16.77,50.0,50.0,72.4,27.6,30.06,76.92,76.92,66.67,33.33,33.33,50.0,50.0,78.89,21.11,25.56,0.0,0.0,0.0,100.0,100.0,0.0,0.0,89.22,10.78,11.64,100.0,100.0,79.06,20.94,22.93,81.24,18.76,20.9,8.28,2.19,2.4,80.57,19.43,21.52,50.0,50.0,50.0,81.03,18.97,20.69,87.5,12.5,12.5
27,HINSDALE,93.0,69.0,24.0,24.0,7.0,6.0,1.0,1.0,1.0,1.0,0.0,0.0,23.0,12.0,11.0,11.0,0.0,0.0,0.0,0.0,27.0,25.0,2.0,2.0,0.0,0.0,0.0,0.0,4.0,4.0,0.0,0.0,42.0,31.0,11.0,11.0,51.0,38.0,13.0,13.0,2.0,1.0,1.0,1.0,1.0,0.0,1.0,1.0,7.0,3.0,4.0,4.0,81.0,65.0,16.0,16.0,1.0,1.0,1.0,0.0,0.0,0.0,0.0,0.0,0.0,0.0,0.0,0.0,1.0,1.0,1.0,0.0,0.0,0.0,1.0,1.0,1.0,74.19,25.81,25.81,85.71,14.29,14.29,100.0,100.0,100.0,0.0,0.0,0.0,0.0,52.17,47.83,47.83,0.0,0.0,0.0,0.0,0.0,0.0,0.0,92.59,7.41,7.41,100.0,100.0,0.0,0.0,0.0,0.0,0.0,100.0,0.0,0.0,100.0,100.0,73.81,26.19,26.19,74.51,25.49,25.49,175.74,62.36,62.36,80.25,19.75,19.75,0.0,100.0,100.0,42.86,57.14,57.14,50.0,50.0,50.0
28,HUERFANO,876.0,607.0,268.0,286.0,97.0,75.0,22.0,27.0,6.0,2.0,4.0,4.0,612.0,415.0,196.0,210.0,4.0,3.0,1.0,1.0,478.0,354.0,124.0,133.0,0.0,0.0,0.0,0.0,22.0,18.0,4.0,5.0,436.0,302.0,133.0,142.0,440.0,305.0,135.0,144.0,4.0,2.0,2.0,2.0,7.0,1.0,6.0,6.0,476.0,361.0,114.0,121.0,361.0,226.0,135.0,146.0,7.0,6.0,7.0,1.0,0.0,0.0,42.0,33.0,36.0,0.0,0.0,0.0,4.0,3.0,3.0,0.0,0.0,0.0,7.0,7.0,7.0,69.29,30.59,32.65,77.32,22.68,27.84,85.71,100.0,33.33,66.67,66.67,0.0,0.0,67.81,32.03,34.31,78.57,85.71,75.0,25.0,25.0,0.0,0.0,74.06,25.94,27.82,75.0,75.0,0.0,0.0,0.0,0.0,0.0,81.82,18.18,22.73,100.0,100.0,69.27,30.5,32.57,69.32,30.68,32.73,15.89,7.0,7.47,62.6,37.4,40.44,14.29,85.71,85.71,75.84,23.95,25.42,50.0,50.0,50.0
29,JACKSON,205.0,151.0,54.0,60.0,26.0,19.0,7.0,9.0,23.0,19.0,4.0,4.0,117.0,81.0,36.0,41.0,0.0,0.0,0.0,0.0,103.0,67.0,36.0,41.0,2.0,0.0,2.0,2.0,7.0,6.0,1.0,1.0,105.0,78.0,27.0,30.0,100.0,73.0,27.0,30.0,0.0,0.0,0.0,0.0,0.0,0.0,0.0,0.0,43.0,36.0,7.0,8.0,156.0,114.0,42.0,47.0,2.0,1.0,1.0,1.0,1.0,1.0,8.0,6.0,6.0,0.0,0.0,0.0,13.0,12.0,12.0,0.0,0.0,0.0,2.0,2.0,2.0,73.66,26.34,29.27,73.08,26.92,34.62,50.0,50.0,82.61,17.39,17.39,100.0,100.0,69.23,30.77,35.04,75.0,75.0,0.0,0.0,0.0,0.0,0.0,65.05,34.95,39.81,92.31,92.31,0.0,100.0,100.0,0.0,0.0,85.71,14.29,14.29,100.0,100.0,74.29,25.71,28.57,73.0,27.0,30.0,70.75,24.49,27.21,73.08,26.92,30.13,0.0,0.0,0.0,83.72,16.28,18.6,0.0,0.0,0.0
30,JEFFERSON,90678.0,74398.0,16049.0,17618.0,7762.0,6429.0,1306.0,1496.0,6700.0,4710.0,1978.0,2157.0,29789.0,23622.0,6017.0,6950.0,67.0,54.0,13.0,13.0,10839.0,7752.0,3011.0,3420.0,2900.0,1730.0,1133.0,1305.0,10053.0,9466.0,578.0,649.0,44122.0,36303.0,7721.0,8426.0,46556.0,38095.0,8328.0,9192.0,2797.0,2324.0,472.0,515.0,1146.0,753.0,387.0,421.0,22211.0,16654.0,5472.0,6065.0,60676.0,51569.0,8980.0,9802.0,602.0,378.0,392.0,398.0,205.0,209.0,2090.0,1351.0,1423.0,12.0,3.0,3.0,295.0,157.0,165.0,247.0,144.0,151.0,933.0,891.0,900.0,82.05,17.7,19.43,82.83,16.83,19.27,62.79,65.12,70.3,29.52,32.19,51.51,52.51,79.3,20.2,23.33,64.64,68.09,80.6,19.4,19.4,25.0,25.0,71.52,27.78,31.55,53.22,55.93,59.66,39.07,45.0,58.3,61.13,94.16,5.75,6.46,95.5,96.46,82.28,17.5,19.1,81.83,17.89,19.74,0.19,0.04,0.04,84.99,14.8,16.15,65.71,33.77,36.74,74.98,24.64,27.31,83.09,16.88,18.41
31,KIOWA,290.0,195.0,95.0,96.0,38.0,23.0,15.0,16.0,4.0,3.0,1.0,1.0,141.0,89.0,52.0,53.0,3.0,0.0,3.0,3.0,45.0,31.0,14.0,15.0,0.0,0.0,0.0,0.0,15.0,12.0,3.0,3.0,134.0,84.0,50.0,51.0,156.0,111.0,45.0,45.0,2.0,0.0,2.0,2.0,5.0,1.0,4.0,4.0,37.0,23.0,14.0,14.0,240.0,166.0,74.0,75.0,0.0,0.0,0.0,0.0,0.0,0.0,10.0,8.0,10.0,0.0,0.0,0.0,0.0,0.0,0.0,0.0,0.0,0.0,4.0,4.0,4.0,67.24,32.76,33.1,60.53,39.47,42.11,0.0,0.0,75.0,25.0,25.0,0.0,0.0,63.12,36.88,37.59,80.0,100.0,0.0,100.0,100.0,0.0,0.0,68.89,31.11,33.33,0.0,0.0,0.0,0.0,0.0,0.0,0.0,80.0,20.0,20.0,100.0,100.0,62.69,37.31,38.06,71.15,28.85,28.85,46.78,27.84,28.4,69.17,30.83,31.25,20.0,80.0,80.0,62.16,37.84,37.84,0.0,100.0,100.0
32,KIT CARSON,1479.0,1092.0,387.0,395.0,158.0,108.0,50.0,52.0,255.0,202.0,53.0,57.0,847.0,590.0,257.0,263.0,43.0,38.0,5.0,5.0,234.0,186.0,48.0,48.0,32.0,6.0,26.0,26.0,62.0,53.0,9.0,9.0,710.0,516.0,194.0,198.0,769.0,576.0,193.0,197.0,6.0,3.0,3.0,3.0,13.0,13.0,0.0,0.0,429.0,324.0,105.0,111.0,1013.0,741.0,272.0,274.0,15.0,9.0,10.0,17.0,13.0,13.0,56.0,46.0,47.0,9.0,6.0,6.0,1.0,1.0,1.0,5.0,3.0,3.0,11.0,11.0,11.0,73.83,26.17,26.71,68.35,31.65,32.91,60.0,66.67,79.22,20.78,22.35,76.47,76.47,69.66,30.34,31.05,82.14,83.93,88.37,11.63,11.63,66.67,66.67,79.49,20.51,20.51,100.0,100.0,18.75,81.25,81.25,60.0,60.0,85.48,14.52,14.52,100.0,100.0,72.68,27.32,27.89,74.9,25.1,25.62,10.24,3.85,3.93,73.15,26.85,27.05,100.0,0.0,0.0,75.52,24.48,25.87,50.0,50.0,50.0
33,LA PLATA,7534.0,5582.0,1946.0,2074.0,654.0,504.0,155.0,171.0,230.0,159.0,71.0,79.0,2679.0,1954.0,719.0,778.0,2.0,2.0,0.0,0.0,1889.0,1495.0,388.0,430.0,66.0,28.0,34.0,38.0,581.0,503.0,78.0,80.0,3670.0,2755.0,914.0,983.0,3864.0,2827.0,1032.0,1091.0,63.0,45.0,18.0,18.0,43.0,25.0,18.0,18.0,1378.0,964.0,409.0,450.0,5281.0,4051.0,1230.0,1290.0,46.0,29.0,30.0,8.0,5.0,5.0,162.0,101.0,115.0,0.0,0.0,0.0,1.0,1.0,1.0,4.0,0.0,2.0,64.0,62.0,63.0,74.09,25.83,27.53,77.06,23.7,26.15,63.04,65.22,69.13,30.87,34.35,62.5,62.5,72.94,26.84,29.04,62.35,70.99,100.0,0.0,0.0,0.0,0.0,79.14,20.54,22.76,100.0,100.0,42.42,51.52,57.58,0.0,50.0,86.57,13.43,13.77,96.88,98.44,75.07,24.9,26.78,73.16,26.71,28.23,2.05,0.68,0.73,76.71,23.29,24.43,58.14,41.86,41.86,69.96,29.68,32.66,71.43,28.57,28.57
34,LAKE,1246.0,930.0,316.0,336.0,128.0,100.0,28.0,31.0,467.0,357.0,110.0,119.0,862.0,665.0,197.0,213.0,3.0,3.0,0.0,0.0,139.0,108.0,31.0,33.0,8.0,1.0,7.0,7.0,60.0,50.0,10.0,10.0,616.0,460.0,156.0,168.0,630.0,470.0,160.0,168.0,1.0,0.0,1.0,1.0,3.0,1.0,2.0,2.0,843.0,656.0,187.0,202.0,352.0,253.0,99.0,103.0,10.0,3.0,4.0,24.0,13.0,13.0,43.0,29.0,29.0,3.0,1.0,1.0,0.0,0.0,0.0,0.0,0.0,0.0,8.0,8.0,8.0,74.64,25.36,26.97,78.12,21.88,24.22,30.0,40.0,76.45,23.55,25.48,54.17,54.17,77.15,22.85,24.71,67.44,67.44,100.0,0.0,0.0,33.33,33.33,77.7,22.3,23.74,0.0,0.0,12.5,87.5,87.5,0.0,0.0,83.33,16.67,16.67,100.0,100.0,74.68,25.32,27.27,74.6,25.4,26.67,12.12,4.11,4.43,71.88,28.12,29.26,33.33,66.67,66.67,77.82,22.18,23.96,0.0,100.0,100.0
35,LARIMER,30303.0,25131.0,5103.0,5784.0,2351.0,1937.0,411.0,499.0,2457.0,1959.0,500.0,618.0,8581.0,7332.0,1208.0,1571.0,45.0,34.0,11.0,11.0,2131.0,1661.0,459.0,525.0,732.0,501.0,224.0,275.0,2764.0,2603.0,159.0,183.0,14842.0,12333.0,2475.0,2806.0,15461.0,12798.0,2628.0,2978.0,998.0,777.0,221.0,258.0,419.0,310.0,107.0,128.0,5265.0,4187.0,1063.0,1268.0,22446.0,18923.0,3474.0,3853.0,198.0,114.0,118.0,127.0,91.0,91.0,643.0,466.0,487.0,5.0,3.0,3.0,6.0,1.0,1.0,118.0,80.0,84.0,295.0,289.0,291.0,82.93,16.84,19.09,82.39,17.48,21.23,57.58,59.6,79.73,20.35,25.15,71.65,71.65,85.44,14.08,18.31,72.47,75.74,75.56,24.44,24.44,60.0,60.0,77.94,21.54,24.64,16.67,16.67,68.44,30.6,37.57,67.8,71.19,94.18,5.75,6.62,97.97,98.64,83.1,16.68,18.91,82.78,17.0,19.26,0.56,0.11,0.13,84.3,15.48,17.17,73.99,25.54,30.55,79.53,20.19,24.08,77.86,22.14,25.85
36,LAS ANIMAS,2993.0,1871.0,1120.0,1161.0,283.0,206.0,77.0,81.0,86.0,64.0,22.0,22.0,1525.0,1049.0,475.0,499.0,8.0,5.0,3.0,3.0,988.0,681.0,306.0,327.0,13.0,1.0,12.0,13.0,69.0,57.0,12.0,13.0,1524.0,951.0,572.0,587.0,1469.0,920.0,548.0,574.0,30.0,23.0,7.0,7.0,48.0,16.0,32.0,32.0,1513.0,1034.0,477.0,503.0,1323.0,758.0,565.0,578.0,18.0,10.0,11.0,2.0,2.0,2.0,126.0,93.0,98.0,0.0,0.0,0.0,17.0,9.0,10.0,3.0,1.0,1.0,8.0,8.0,8.0,62.51,37.42,38.79,72.79,27.21,28.62,55.56,61.11,74.42,25.58,25.58,100.0,100.0,68.79,31.15,32.72,73.81,77.78,62.5,37.5,37.5,0.0,0.0,68.93,30.97,33.1,52.94,58.82,7.69,92.31,100.0,33.33,33.33,82.61,17.39,18.84,100.0,100.0,62.4,37.53,38.52,62.63,37.3,39.07,4.09,2.46,2.53,57.29,42.71,43.69,33.33,66.67,66.67,68.34,31.53,33.25,76.67,23.33,23.33
37,LINCOLN,997.0,596.0,401.0,411.0,113.0,75.0,38.0,38.0,22.0,12.0,10.0,10.0,429.0,275.0,154.0,159.0,0.0,0.0,0.0,0.0,234.0,155.0,79.0,80.0,17.0,1.0,16.0,16.0,34.0,31.0,3.0,3.0,484.0,297.0,187.0,190.0,513.0,299.0,214.0,221.0,10.0,6.0,4.0,4.0,24.0,14.0,10.0,11.0,81.0,42.0,39.0,39.0,862.0,520.0,342.0,351.0,12.0,7.0,7.0,2.0,1.0,1.0,52.0,33.0,35.0,0.0,0.0,0.0,7.0,3.0,4.0,4.0,3.0,3.0,2.0,2.0,2.0,59.78,40.22,41.22,66.37,33.63,33.63,58.33,58.33,54.55,45.45,45.45,50.0,50.0,64.1,35.9,37.06,63.46,67.31,0.0,0.0,0.0,0.0,0.0,66.24,33.76,34.19,42.86,57.14,5.88,94.12,94.12,75.0,75.0,91.18,8.82,8.82,100.0,100.0,61.36,38.64,39.26,58.28,41.72,43.08,12.68,7.98,8.11,60.32,39.68,40.72,58.33,41.67,45.83,51.85,48.15,48.15,60.0,40.0,40.0
38,LOGAN,3228.0,2499.0,727.0,776.0,372.0,291.0,80.0,89.0,173.0,135.0,38.0,39.0,1524.0,1156.0,366.0,395.0,9.0,5.0,4.0,4.0,1244.0,953.0,291.0,310.0,20.0,7.0,13.0,16.0,199.0,185.0,14.0,15.0,1536.0,1184.0,351.0,378.0,1692.0,1315.0,376.0,398.0,23.0,13.0,10.0,10.0,31.0,20.0,11.0,12.0,698.0,533.0,164.0,177.0,2370.0,1856.0,513.0,546.0,26.0,16.0,18.0,3.0,2.0,2.0,104.0,73.0,78.0,3.0,2.0,2.0,4.0,3.0,3.0,4.0,2.0,3.0,31.0,29.0,29.0,77.42,22.52,24.04,78.23,21.51,23.92,61.54,69.23,78.03,21.97,22.54,66.67,66.67,75.85,24.02,25.92,70.19,75.0,55.56,44.44,44.44,66.67,66.67,76.61,23.39,24.92,75.0,75.0,35.0,65.0,80.0,50.0,75.0,92.96,7.04,7.54,93.55,93.55,77.08,22.85,24.61,77.72,22.22,23.52,5.02,1.49,1.6,78.31,21.65,23.04,64.52,35.48,38.71,76.36,23.5,25.36,56.52,43.48,43.48
39,MESA,24785.0,19241.0,5399.0,6186.0,2452.0,2001.0,434.0,517.0,1585.0,1248.0,331.0,396.0,726.0,411.0,308.0,365.0,110.0,72.0,37.0,46.0,4687.0,3622.0,1006.0,1207.0,388.0,209.0,173.0,216.0,1272.0,1181.0,88.0,103.0,11995.0,9339.0,2582.0,2951.0,12790.0,9902.0,2817.0,3235.0,191.0,145.0,46.0,49.0,207.0,139.0,65.0,72.0,5359.0,4202.0,1121.0,1338.0,17855.0,13920.0,3834.0,4342.0,215.0,116.0,119.0,105.0,64.0,66.0,609.0,385.0,411.0,16.0,10.0,10.0,27.0,11.0,14.0,68.0,34.0,38.0,137.0,132.0,133.0,77.63,21.78,24.96,81.61,17.7,21.08,53.95,55.35,78.74,20.88,24.98,60.95,62.86,56.61,42.42,50.28,63.22,67.49,65.45,33.64,41.82,62.5,62.5,77.28,21.46,25.75,40.74,51.85,53.87,44.59,55.67,50.0,55.88,92.85,6.92,8.1,96.35,97.08,77.86,21.53,24.6,77.42,22.03,25.29,0.65,0.18,0.21,77.96,21.47,24.32,67.15,31.4,34.78,78.41,20.92,24.97,75.92,24.08,25.65
40,MINERAL,104.0,64.0,40.0,40.0,3.0,2.0,1.0,1.0,0.0,0.0,0.0,0.0,48.0,32.0,16.0,16.0,0.0,0.0,0.0,0.0,104.0,64.0,40.0,40.0,0.0,0.0,0.0,0.0,4.0,3.0,1.0,1.0,48.0,30.0,18.0,18.0,56.0,34.0,22.0,22.0,1.0,0.0,1.0,1.0,0.0,0.0,0.0,0.0,18.0,9.0,9.0,9.0,81.0,54.0,27.0,27.0,0.0,0.0,0.0,0.0,0.0,0.0,2.0,1.0,1.0,0.0,0.0,0.0,9.0,8.0,8.0,0.0,0.0,0.0,0.0,0.0,0.0,61.54,38.46,38.46,66.67,33.33,33.33,0.0,0.0,0.0,0.0,0.0,0.0,0.0,66.67,33.33,33.33,50.0,50.0,0.0,0.0,0.0,0.0,0.0,61.54,38.46,38.46,88.89,88.89,0.0,0.0,0.0,0.0,0.0,75.0,25.0,25.0,0.0,0.0,62.5,37.5,37.5,60.71,39.29,39.29,130.21,78.12,78.12,66.67,33.33,33.33,0.0,0.0,0.0,50.0,50.0,50.0,0.0,100.0,100.0
41,MOFFAT,2448.0,1875.0,573.0,638.0,213.0,164.0,50.0,56.0,254.0,194.0,59.0,75.0,1113.0,864.0,249.0,300.0,0.0,0.0,0.0,0.0,126.0,111.0,15.0,19.0,32.0,7.0,24.0,31.0,94.0,81.0,13.0,15.0,1163.0,889.0,275.0,312.0,1285.0,986.0,298.0,326.0,8.0,6.0,3.0,4.0,10.0,8.0,2.0,2.0,507.0,384.0,122.0,141.0,1850.0,1421.0,429.0,472.0,10.0,8.0,8.0,4.0,3.0,3.0,68.0,44.0,46.0,0.0,0.0,0.0,0.0,0.0,0.0,8.0,2.0,2.0,2.0,2.0,2.0,76.59,23.41,26.06,77.0,23.47,26.29,80.0,80.0,76.38,23.23,29.53,75.0,75.0,77.63,22.37,26.95,64.71,67.65,0.0,0.0,0.0,0.0,0.0,88.1,11.9,15.08,0.0,0.0,21.88,75.0,96.88,25.0,25.0,86.17,13.83,15.96,100.0,100.0,76.44,23.65,26.83,76.73,23.19,25.37,6.57,2.03,2.31,76.81,23.19,25.51,80.0,20.0,20.0,75.74,24.06,27.81,75.0,37.5,50.0
42,MONTEZUMA,4479.0,3102.0,1360.0,1500.0,407.0,310.0,96.0,108.0,318.0,211.0,106.0,116.0,2574.0,1802.0,761.0,864.0,9.0,9.0,0.0,0.0,1959.0,1413.0,528.0,588.0,11.0,3.0,8.0,8.0,236.0,202.0,34.0,35.0,2159.0,1481.0,669.0,731.0,2320.0,1621.0,691.0,769.0,20.0,14.0,6.0,6.0,24.0,18.0,6.0,7.0,715.0,502.0,209.0,228.0,2677.0,1894.0,771.0,832.0,30.0,13.0,13.0,44.0,16.0,17.0,166.0,84.0,90.0,0.0,0.0,0.0,0.0,0.0,0.0,3.0,2.0,2.0,20.0,19.0,19.0,69.26,30.36,33.49,76.17,23.59,26.54,43.33,43.33,66.35,33.33,36.48,36.36,38.64,70.01,29.56,33.57,50.6,54.22,100.0,0.0,0.0,0.0,0.0,72.13,26.95,30.02,0.0,0.0,27.27,72.73,72.73,66.67,66.67,85.59,14.41,14.83,95.0,95.0,68.6,30.99,33.86,69.87,29.78,33.15,3.18,1.44,1.57,70.75,28.8,31.08,75.0,25.0,29.17,70.21,29.23,31.89,70.0,30.0,30.0
43,MONTROSE,7098.0,5483.0,1581.0,1796.0,610.0,483.0,124.0,141.0,1090.0,882.0,203.0,241.0,3945.0,3079.0,843.0,1017.0,92.0,54.0,34.0,43.0,3127.0,2394.0,718.0,827.0,255.0,104.0,145.0,183.0,474.0,434.0,40.0,41.0,3452.0,2696.0,739.0,838.0,3646.0,2787.0,842.0,958.0,32.0,24.0,8.0,8.0,36.0,26.0,10.0,10.0,2448.0,1931.0,505.0,582.0,4344.0,3336.0,987.0,1114.0,32.0,14.0,14.0,54.0,33.0,33.0,271.0,190.0,193.0,9.0,1.0,2.0,6.0,1.0,1.0,19.0,11.0,11.0,50.0,48.0,50.0,77.25,22.27,25.3,79.18,20.33,23.11,43.75,43.75,80.92,18.62,22.11,61.11,61.11,78.05,21.37,25.78,70.11,71.22,58.7,36.96,46.74,11.11,22.22,76.56,22.96,26.45,16.67,16.67,40.78,56.86,71.76,57.89,57.89,91.56,8.44,8.65,96.0,100.0,78.1,21.41,24.28,76.44,23.09,26.28,2.26,0.62,0.7,76.8,22.72,25.64,72.22,27.78,27.78,78.88,20.63,23.77,75.0,25.0,25.0
44,MORGAN,5792.0,4451.0,1337.0,1450.0,522.0,393.0,128.0,143.0,1571.0,1262.0,308.0,339.0,3479.0,2717.0,759.0,856.0,242.0,125.0,116.0,126.0,1985.0,1521.0,462.0,501.0,179.0,50.0,129.0,147.0,362.0,336.0,26.0,27.0,2845.0,2194.0,648.0,708.0,2947.0,2257.0,689.0,742.0,23.0,16.0,7.0,7.0,159.0,80.0,79.0,82.0,3000.0,2343.0,656.0,725.0,2491.0,1928.0,560.0,600.0,28.0,15.0,17.0,89.0,43.0,49.0,254.0,168.0,191.0,29.0,12.0,13.0,56.0,42.0,44.0,25.0,9.0,11.0,30.0,30.0,30.0,76.85,23.08,25.03,75.29,24.52,27.39,53.57,60.71,80.33,19.61,21.58,48.31,55.06,78.1,21.82,24.6,66.14,75.2,51.65,47.93,52.07,41.38,44.83,76.62,23.27,25.24,75.0,78.57,27.93,72.07,82.12,36.0,44.0,92.82,7.18,7.46,100.0,100.0,77.12,22.78,24.89,76.59,23.38,25.18,2.71,0.8,0.87,77.4,22.48,24.09,50.31,49.69,51.57,78.1,21.87,24.17,69.57,30.43,30.43
45,OTERO,3764.0,2714.0,1050.0,1110.0,364.0,258.0,106.0,111.0,206.0,127.0,79.0,81.0,2533.0,1820.0,713.0,761.0,83.0,37.0,46.0,48.0,1780.0,1291.0,489.0,517.0,6.0,1.0,5.0,5.0,75.0,70.0,5.0,6.0,1824.0,1321.0,503.0,528.0,1940.0,1393.0,547.0,582.0,40.0,31.0,9.0,9.0,27.0,15.0,12.0,12.0,1997.0,1439.0,558.0,596.0,1633.0,1189.0,444.0,464.0,24.0,15.0,15.0,8.0,6.0,7.0,167.0,138.0,148.0,1.0,1.0,1.0,27.0,14.0,18.0,3.0,1.0,2.0,12.0,12.0,12.0,72.1,27.9,29.49,70.88,29.12,30.49,62.5,62.5,61.65,38.35,39.32,75.0,87.5,71.85,28.15,30.04,82.63,88.62,44.58,55.42,57.83,100.0,100.0,72.53,27.47,29.04,51.85,66.67,16.67,83.33,83.33,33.33,66.67,93.33,6.67,8.0,100.0,100.0,72.42,27.58,28.95,71.8,28.2,30.0,3.97,1.51,1.59,72.81,27.19,28.41,55.56,44.44,44.44,72.06,27.94,29.84,77.5,22.5,22.5
46,OURAY,605.0,419.0,186.0,192.0,43.0,29.0,14.0,15.0,27.0,9.0,18.0,18.0,209.0,140.0,69.0,71.0,3.0,2.0,1.0,1.0,44.0,24.0,20.0,21.0,1.0,0.0,1.0,1.0,58.0,53.0,5.0,5.0,308.0,204.0,104.0,107.0,297.0,215.0,82.0,85.0,8.0,6.0,2.0,2.0,2.0,2.0,0.0,0.0,68.0,33.0,35.0,38.0,506.0,361.0,145.0,148.0,8.0,5.0,6.0,3.0,1.0,1.0,17.0,12.0,13.0,0.0,0.0,0.0,1.0,0.0,0.0,0.0,0.0,0.0,2.0,2.0,2.0,69.26,30.74,31.74,67.44,32.56,34.88,62.5,75.0,33.33,66.67,66.67,33.33,33.33,66.99,33.01,33.97,70.59,76.47,66.67,33.33,33.33,0.0,0.0,54.55,45.45,47.73,0.0,0.0,0.0,100.0,100.0,0.0,0.0,91.38,8.62,8.62,100.0,100.0,66.23,33.77,34.74,72.39,27.61,28.62,21.5,10.96,11.28,71.34,28.66,29.25,100.0,0.0,0.0,48.53,51.47,55.88,75.0,25.0,25.0
47,PARK,1871.0,1260.0,610.0,630.0,199.0,144.0,55.0,59.0,5.0,2.0,3.0,3.0,782.0,463.0,319.0,328.0,0.0,0.0,0.0,0.0,222.0,161.0,61.0,63.0,5.0,0.0,5.0,5.0,160.0,140.0,20.0,21.0,892.0,593.0,299.0,310.0,979.0,667.0,311.0,320.0,17.0,11.0,6.0,6.0,18.0,7.0,11.0,12.0,179.0,115.0,64.0,68.0,1585.0,1083.0,501.0,514.0,15.0,9.0,9.0,1.0,0.0,0.0,43.0,27.0,29.0,0.0,0.0,0.0,1.0,0.0,0.0,1.0,0.0,0.0,11.0,9.0,9.0,67.34,32.6,33.67,72.36,27.64,29.65,60.0,60.0,40.0,60.0,60.0,0.0,0.0,59.21,40.79,41.94,62.79,67.44,0.0,0.0,0.0,0.0,0.0,72.52,27.48,28.38,0.0,0.0,0.0,100.0,100.0,0.0,0.0,87.5,12.5,13.12,81.82,81.82,66.48,33.52,34.75,68.13,31.77,32.69,7.45,3.76,3.9,68.33,31.61,32.43,38.89,61.11,66.67,64.25,35.75,37.99,64.71,35.29,35.29
48,PHILLIPS,960.0,763.0,197.0,207.0,99.0,77.0,22.0,24.0,137.0,110.0,27.0,30.0,455.0,340.0,115.0,122.0,11.0,5.0,6.0,6.0,47.0,38.0,9.0,9.0,0.0,0.0,0.0,0.0,53.0,52.0,1.0,1.0,460.0,359.0,101.0,107.0,500.0,404.0,96.0,100.0,3.0,2.0,1.0,1.0,4.0,1.0,3.0,3.0,287.0,224.0,63.0,67.0,655.0,525.0,130.0,136.0,6.0,4.0,5.0,6.0,3.0,3.0,31.0,24.0,25.0,2.0,1.0,1.0,3.0,3.0,3.0,0.0,0.0,0.0,6.0,6.0,6.0,79.48,20.52,21.56,77.78,22.22,24.24,66.67,83.33,80.29,19.71,21.9,50.0,50.0,74.73,25.27,26.81,77.42,80.65,45.45,54.55,54.55,50.0,50.0,80.85,19.15,19.15,100.0,100.0,0.0,0.0,0.0,0.0,0.0,98.11,1.89,1.89,100.0,100.0,78.04,21.96,23.26,80.8,19.2,20.0,16.97,4.77,5.06,80.15,19.85,20.76,25.0,75.0,75.0,78.05,21.95,23.34,66.67,33.33,33.33
49,PITKIN,1819.0,1529.0,290.0,312.0,120.0,109.0,11.0,12.0,202.0,157.0,45.0,49.0,117.0,92.0,25.0,26.0,0.0,0.0,0.0,0.0,0.0,0.0,0.0,0.0,0.0,0.0,0.0,0.0,98.0,91.0,7.0,7.0,876.0,742.0,134.0,147.0,943.0,787.0,156.0,165.0,34.0,27.0,7.0,7.0,13.0,12.0,1.0,1.0,203.0,163.0,40.0,42.0,1554.0,1321.0,233.0,253.0,8.0,6.0,8.0,10.0,6.0,6.0,16.0,13.0,14.0,0.0,0.0,0.0,0.0,0.0,0.0,0.0,0.0,0.0,4.0,4.0,4.0,84.06,15.94,17.15,90.83,9.17,10.0,75.0,100.0,77.72,22.28,24.26,60.0,60.0,78.63,21.37,22.22,81.25,87.5,0.0,0.0,0.0,0.0,0.0,0.0,0.0,0.0,0.0,0.0,0.0,0.0,0.0,0.0,0.0,92.86,7.14,7.14,100.0,100.0,84.7,15.3,16.78,83.46,16.54,17.5,9.67,1.75,1.92,85.01,14.99,16.28,92.31,7.69,7.69,80.3,19.7,20.69,79.41,20.59,20.59
50,PROWERS,2600.0,1967.0,633.0,664.0,208.0,155.0,53.0,56.0,216.0,170.0,46.0,50.0,1769.0,1284.0,485.0,513.0,89.0,62.0,27.0,28.0,1216.0,962.0,254.0,268.0,27.0,12.0,15.0,15.0,180.0,159.0,21.0,22.0,1218.0,911.0,307.0,320.0,1382.0,1056.0,326.0,344.0,8.0,6.0,2.0,2.0,13.0,11.0,2.0,2.0,1339.0,1031.0,308.0,322.0,1180.0,876.0,304.0,321.0,10.0,9.0,9.0,9.0,7.0,7.0,115.0,76.0,80.0,7.0,4.0,4.0,69.0,39.0,41.0,1.0,1.0,1.0,18.0,18.0,18.0,75.65,24.35,25.54,74.52,25.48,26.92,90.0,90.0,78.7,21.3,23.15,77.78,77.78,72.58,27.42,29.0,66.09,69.57,69.66,30.34,31.46,57.14,57.14,79.11,20.89,22.04,56.52,59.42,44.44,55.56,55.56,100.0,100.0,88.33,11.67,12.22,100.0,100.0,74.79,25.21,26.27,76.41,23.59,24.89,6.14,2.07,2.16,74.24,25.76,27.2,84.62,15.38,15.38,77.0,23.0,24.05,75.0,25.0,25.0
51,PUEBLO,29136.0,22215.0,6853.0,7702.0,3179.0,2533.0,649.0,759.0,1681.0,1291.0,382.0,437.0,16200.0,13084.0,3004.0,3619.0,91.0,60.0,31.0,33.0,8868.0,6774.0,2064.0,2400.0,1453.0,1103.0,325.0,403.0,1925.0,1711.0,209.0,227.0,14170.0,10794.0,3341.0,3734.0,14966.0,11421.0,3512.0,3968.0,193.0,139.0,54.0,56.0,601.0,396.0,204.0,226.0,15853.0,12409.0,3407.0,3929.0,11869.0,8852.0,2992.0,3276.0,171.0,63.0,67.0,83.0,47.0,50.0,1163.0,708.0,776.0,8.0,6.0,6.0,75.0,9.0,22.0,128.0,64.0,72.0,223.0,203.0,210.0,76.25,23.52,26.43,79.68,20.42,23.88,36.84,39.18,76.8,22.72,26.0,56.63,60.24,80.77,18.54,22.34,60.88,66.72,65.93,34.07,36.26,75.0,75.0,76.39,23.27,27.06,12.0,29.33,75.91,22.37,27.74,50.0,56.25,88.88,10.86,11.79,91.03,94.17,76.18,23.58,26.35,76.31,23.47,26.51,0.54,0.17,0.19,74.58,25.21,27.6,65.89,33.94,37.6,78.28,21.49,24.78,72.02,27.98,29.02
52,RIO BLANCO,1266.0,935.0,331.0,342.0,117.0,95.0,22.0,22.0,73.0,57.0,16.0,16.0,373.0,248.0,125.0,127.0,1.0,1.0,0.0,0.0,114.0,83.0,31.0,31.0,1.0,1.0,0.0,0.0,42.0,39.0,3.0,3.0,626.0,451.0,175.0,180.0,640.0,484.0,156.0,162.0,4.0,3.0,1.0,1.0,7.0,5.0,2.0,2.0,171.0,124.0,47.0,48.0,1061.0,788.0,273.0,283.0,5.0,5.0,5.0,2.0,2.0,2.0,15.0,13.0,13.0,0.0,0.0,0.0,1.0,0.0,0.0,0.0,0.0,0.0,6.0,6.0,6.0,73.85,26.15,27.01,81.2,18.8,18.8,100.0,100.0,78.08,21.92,21.92,100.0,100.0,66.49,33.51,34.05,86.67,86.67,100.0,0.0,0.0,0.0,0.0,72.81,27.19,27.19,0.0,0.0,100.0,0.0,0.0,0.0,0.0,92.86,7.14,7.14,100.0,100.0,72.04,27.96,28.75,75.62,24.38,25.31,11.51,4.47,4.59,74.27,25.73,26.67,71.43,28.57,28.57,72.51,27.49,28.07,75.0,25.0,25.0
53,RIO GRANDE,2463.0,1794.0,665.0,696.0,152.0,97.0,55.0,56.0,274.0,207.0,67.0,73.0,1198.0,887.0,309.0,332.0,74.0,45.0,29.0,32.0,1240.0,990.0,251.0,260.0,26.0,10.0,16.0,16.0,30.0,27.0,3.0,3.0,1211.0,874.0,335.0,352.0,1252.0,920.0,330.0,344.0,12.0,4.0,8.0,9.0,13.0,6.0,7.0,7.0,1400.0,1051.0,346.0,370.0,993.0,699.0,293.0,298.0,11.0,7.0,7.0,9.0,6.0,6.0,115.0,79.0,92.0,7.0,3.0,4.0,2.0,2.0,2.0,3.0,1.0,2.0,8.0,7.0,8.0,72.84,27.0,28.26,63.82,36.18,36.84,63.64,63.64,75.55,24.45,26.64,66.67,66.67,74.04,25.79,27.71,68.7,80.0,60.81,39.19,43.24,42.86,57.14,79.84,20.24,20.97,100.0,100.0,38.46,61.54,61.54,33.33,66.67,90.0,10.0,10.0,87.5,100.0,72.17,27.66,29.07,73.48,26.36,27.48,5.96,2.28,2.4,70.39,29.51,30.01,46.15,53.85,53.85,75.07,24.71,26.43,33.33,66.67,75.0
54,ROUTT,3346.0,2613.0,734.0,771.0,358.0,288.0,70.0,70.0,235.0,160.0,75.0,80.0,759.0,539.0,220.0,227.0,5.0,5.0,0.0,0.0,245.0,215.0,30.0,34.0,1.0,1.0,0.0,0.0,220.0,212.0,8.0,8.0,1601.0,1266.0,335.0,353.0,1745.0,1347.0,399.0,418.0,50.0,34.0,16.0,16.0,14.0,9.0,5.0,5.0,323.0,236.0,87.0,90.0,2900.0,2283.0,618.0,651.0,33.0,21.0,21.0,9.0,5.0,5.0,44.0,34.0,34.0,0.0,0.0,0.0,0.0,0.0,0.0,0.0,0.0,0.0,30.0,29.0,30.0,78.09,21.94,23.04,80.45,19.55,19.55,63.64,63.64,68.09,31.91,34.04,55.56,55.56,71.01,28.99,29.91,77.27,77.27,100.0,0.0,0.0,0.0,0.0,87.76,12.24,13.88,0.0,0.0,100.0,0.0,0.0,0.0,0.0,96.36,3.64,3.64,96.67,100.0,79.08,20.92,22.05,77.19,22.87,23.95,4.94,1.31,1.38,78.72,21.31,22.45,64.29,35.71,35.71,73.07,26.93,27.86,68.0,32.0,32.0
55,SAGUACHE,1027.0,697.0,330.0,356.0,88.0,60.0,28.0,29.0,253.0,170.0,83.0,93.0,796.0,562.0,234.0,255.0,118.0,57.0,61.0,70.0,674.0,457.0,217.0,239.0,123.0,60.0,63.0,70.0,5.0,5.0,0.0,0.0,513.0,354.0,159.0,172.0,514.0,343.0,171.0,184.0,2.0,1.0,1.0,2.0,4.0,2.0,2.0,2.0,642.0,469.0,173.0,191.0,347.0,206.0,141.0,148.0,9.0,6.0,6.0,10.0,6.0,6.0,58.0,46.0,46.0,6.0,3.0,3.0,22.0,18.0,18.0,8.0,6.0,6.0,2.0,2.0,2.0,67.87,32.13,34.66,68.18,31.82,32.95,66.67,66.67,67.19,32.81,36.76,60.0,60.0,70.6,29.4,32.04,79.31,79.31,48.31,51.69,59.32,50.0,50.0,67.8,32.2,35.46,81.82,81.82,48.78,51.22,56.91,75.0,75.0,100.0,0.0,0.0,100.0,100.0,69.01,30.99,33.53,66.73,33.27,35.8,13.45,6.04,6.54,59.37,40.63,42.65,50.0,50.0,50.0,73.05,26.95,29.75,50.0,50.0,100.0
56,SAN JUAN,84.0,45.0,39.0,40.0,7.0,4.0,3.0,3.0,17.0,9.0,8.0,9.0,51.0,30.0,21.0,22.0,0.0,0.0,0.0,0.0,28.0,19.0,9.0,10.0,1.0,0.0,1.0,1.0,13.0,9.0,4.0,4.0,32.0,15.0,17.0,18.0,52.0,30.0,22.0,22.0,0.0,0.0,0.0,0.0,0.0,0.0,0.0,0.0,25.0,11.0,14.0,15.0,59.0,34.0,25.0,25.0,0.0,0.0,0.0,1.0,1.0,1.0,2.0,2.0,2.0,0.0,0.0,0.0,1.0,1.0,1.0,1.0,1.0,1.0,0.0,0.0,0.0,53.57,46.43,47.62,57.14,42.86,42.86,0.0,0.0,52.94,47.06,52.94,100.0,100.0,58.82,41.18,43.14,100.0,100.0,0.0,0.0,0.0,0.0,0.0,67.86,32.14,35.71,100.0,100.0,0.0,100.0,100.0,100.0,100.0,69.23,30.77,30.77,0.0,0.0,46.88,53.12,56.25,57.69,42.31,42.31,146.5,166.0,175.78,57.63,42.37,42.37,0.0,0.0,0.0,44.0,56.0,60.0,0.0,0.0,0.0
57,SAN MIGUEL,1065.0,855.0,210.0,217.0,73.0,59.0,14.0,15.0,128.0,98.0,30.0,30.0,312.0,256.0,56.0,60.0,1.0,1.0,0.0,0.0,101.0,79.0,22.0,22.0,1.0,0.0,1.0,1.0,61.0,57.0,4.0,4.0,550.0,436.0,114.0,117.0,515.0,419.0,96.0,100.0,14.0,9.0,5.0,5.0,3.0,3.0,0.0,0.0,162.0,113.0,49.0,49.0,874.0,720.0,154.0,161.0,5.0,2.0,4.0,5.0,3.0,3.0,10.0,8.0,8.0,0.0,0.0,0.0,0.0,0.0,0.0,0.0,0.0,0.0,5.0,5.0,5.0,80.28,19.72,20.38,80.82,19.18,20.55,40.0,80.0,76.56,23.44,23.44,60.0,60.0,82.05,17.95,19.23,80.0,80.0,100.0,0.0,0.0,0.0,0.0,78.22,21.78,21.78,0.0,0.0,0.0,100.0,100.0,0.0,0.0,93.44,6.56,6.56,100.0,100.0,79.27,20.73,21.27,81.36,18.64,19.42,14.41,3.77,3.87,82.38,17.62,18.42,100.0,0.0,0.0,69.75,30.25,30.25,64.29,35.71,35.71
58,SEDGWICK,1655.0,467.0,1184.0,1203.0,132.0,70.0,62.0,64.0,6.0,6.0,0.0,0.0,313.0,190.0,122.0,124.0,0.0,0.0,0.0,0.0,39.0,33.0,5.0,6.0,0.0,0.0,0.0,0.0,23.0,17.0,6.0,6.0,991.0,246.0,741.0,754.0,664.0,221.0,443.0,449.0,14.0,0.0,14.0,14.0,60.0,7.0,53.0,53.0,330.0,98.0,232.0,233.0,1202.0,350.0,848.0,865.0,44.0,3.0,6.0,14.0,1.0,4.0,222.0,36.0,65.0,2.0,0.0,0.0,39.0,1.0,6.0,18.0,3.0,4.0,16.0,8.0,9.0,28.22,71.54,72.69,53.03,46.97,48.48,6.82,13.64,100.0,0.0,0.0,7.14,28.57,60.7,38.98,39.62,16.22,29.28,0.0,0.0,0.0,0.0,0.0,84.62,12.82,15.38,2.56,15.38,0.0,0.0,0.0,16.67,22.22,73.91,26.09,26.09,50.0,56.25,24.82,74.77,76.08,33.28,66.72,67.62,2.5,7.54,7.68,29.12,70.55,71.96,11.67,88.33,88.33,29.7,70.3,70.61,0.0,100.0,100.0
59,STATE TOTAL,939283.0,705064.0,231706.0,253577.0,84121.0,65593.0,18348.0,20784.0,135712.0,101683.0,33730.0,37912.0,369904.0,273934.0,94138.0,107242.0,2732.0,1725.0,988.0,1108.0,223008.0,156814.0,64601.0,73472.0,21337.0,11326.0,9665.0,11558.0,73344.0,66620.0,6641.0,7366.0,458512.0,344767.0,112568.0,122761.0,480771.0,360297.0,119138.0,130816.0,28964.0,22363.0,6568.0,7074.0,48049.0,31117.0,16622.0,18690.0,301035.0,219543.0,80495.0,90374.0,521342.0,403611.0,116715.0,124994.0,5775.0,3099.0,3222.0,6171.0,3289.0,3364.0,25718.0,15791.0,16726.0,384.0,214.0,223.0,7398.0,3853.0,4129.0,2394.0,1175.0,1262.0,6604.0,6048.0,6156.0,75.06,24.67,27.0,77.97,21.81,24.71,53.66,55.79,74.93,24.85,27.94,53.3,54.51,74.06,25.45,28.99,61.4,65.04,63.14,36.16,40.56,55.73,58.07,70.32,28.97,32.95,52.08,55.81,53.08,45.3,54.17,49.08,52.72,90.83,9.05,10.04,91.58,93.22,75.19,24.55,26.77,74.94,24.78,27.21,0.02,0.01,0.01,77.42,22.39,23.98,64.76,34.59,38.9,72.93,26.74,30.02,77.21,22.68,24.42
60,SUMMIT,3361.0,2614.0,746.0,782.0,323.0,273.0,50.0,54.0,844.0,692.0,152.0,166.0,1214.0,946.0,267.0,290.0,0.0,0.0,0.0,0.0,149.0,140.0,9.0,12.0,12.0,5.0,7.0,7.0,245.0,212.0,33.0,34.0,1618.0,1269.0,349.0,368.0,1743.0,1345.0,397.0,414.0,39.0,26.0,13.0,14.0,17.0,9.0,8.0,9.0,964.0,789.0,174.0,189.0,2240.0,1714.0,526.0,544.0,27.0,17.0,17.0,45.0,27.0,28.0,74.0,50.0,53.0,2.0,2.0,2.0,2.0,0.0,0.0,2.0,0.0,0.0,33.0,33.0,33.0,77.77,22.2,23.27,84.52,15.48,16.72,62.96,62.96,81.99,18.01,19.67,60.0,62.22,77.92,21.99,23.89,67.57,71.62,0.0,0.0,0.0,100.0,100.0,93.96,6.04,8.05,0.0,0.0,41.67,58.33,58.33,0.0,0.0,86.53,13.47,13.88,100.0,100.0,78.43,21.57,22.74,77.17,22.78,23.75,4.85,1.33,1.41,76.52,23.48,24.29,52.94,47.06,52.94,81.85,18.05,19.61,66.67,33.33,35.9
61,TELLER,3571.0,2460.0,1110.0,1170.0,287.0,188.0,99.0,104.0,39.0,25.0,14.0,14.0,511.0,187.0,324.0,344.0,0.0,0.0,0.0,0.0,379.0,247.0,132.0,147.0,34.0,18.0,16.0,18.0,82.0,67.0,15.0,15.0,1647.0,1142.0,505.0,539.0,1924.0,1318.0,605.0,631.0,24.0,16.0,8.0,9.0,18.0,12.0,6.0,6.0,284.0,188.0,96.0,100.0,3088.0,2145.0,942.0,995.0,19.0,15.0,16.0,3.0,2.0,2.0,95.0,71.0,78.0,0.0,0.0,0.0,0.0,0.0,0.0,14.0,9.0,10.0,12.0,11.0,11.0,68.89,31.08,32.76,65.51,34.49,36.24,78.95,84.21,64.1,35.9,35.9,66.67,66.67,36.59,63.41,67.32,74.74,82.11,0.0,0.0,0.0,0.0,0.0,65.17,34.83,38.79,0.0,0.0,52.94,47.06,52.94,64.29,71.43,81.71,18.29,18.29,91.67,91.67,69.34,30.66,32.73,68.5,31.44,32.8,4.21,1.86,1.99,69.46,30.51,32.22,66.67,33.33,33.33,66.2,33.8,35.21,66.67,33.33,37.5
62,WASHINGTON,943.0,723.0,215.0,224.0,106.0,78.0,26.0,28.0,19.0,13.0,6.0,6.0,420.0,288.0,127.0,135.0,17.0,5.0,12.0,12.0,194.0,134.0,58.0,61.0,4.0,0.0,4.0,4.0,50.0,50.0,0.0,0.0,477.0,349.0,125.0,132.0,466.0,374.0,90.0,92.0,4.0,2.0,2.0,2.0,2.0,2.0,0.0,0.0,120.0,78.0,42.0,42.0,804.0,628.0,171.0,180.0,7.0,4.0,4.0,2.0,2.0,2.0,32.0,30.0,30.0,1.0,1.0,1.0,7.0,7.0,7.0,1.0,1.0,1.0,8.0,8.0,8.0,76.67,22.8,23.75,73.58,24.53,26.42,57.14,57.14,68.42,31.58,31.58,100.0,100.0,68.57,30.24,32.14,93.75,93.75,29.41,70.59,70.59,100.0,100.0,69.07,29.9,31.44,100.0,100.0,0.0,100.0,100.0,100.0,100.0,100.0,0.0,0.0,100.0,100.0,73.17,26.21,27.67,80.26,19.31,19.74,15.34,5.49,5.8,78.11,21.27,22.39,100.0,0.0,0.0,65.0,35.0,35.0,50.0,50.0,50.0
63,WELD,42327.0,32343.0,9880.0,10760.0,3548.0,2715.0,838.0,915.0,8107.0,6539.0,1546.0,1755.0,20210.0,16119.0,3995.0,4620.0,678.0,424.0,242.0,286.0,9011.0,6796.0,2150.0,2446.0,726.0,305.0,412.0,490.0,2206.0,1981.0,220.0,235.0,20612.0,15799.0,4748.0,5184.0,21715.0,16544.0,5132.0,5576.0,553.0,352.0,200.0,209.0,541.0,335.0,203.0,220.0,19198.0,14924.0,4212.0,4744.0,21171.0,16115.0,5022.0,5323.0,240.0,157.0,163.0,324.0,246.0,249.0,1270.0,944.0,994.0,73.0,55.0,57.0,99.0,57.0,58.0,105.0,67.0,71.0,232.0,225.0,229.0,76.41,23.34,25.42,76.52,23.62,25.79,65.42,67.92,80.66,19.07,21.65,75.93,76.85,79.76,19.77,22.86,74.33,78.27,62.54,35.69,42.18,75.34,78.08,75.42,23.86,27.14,57.58,58.59,42.01,56.75,67.49,63.81,67.62,89.8,9.97,10.65,96.98,98.71,76.65,23.04,25.15,76.19,23.63,25.68,0.37,0.11,0.12,76.12,23.72,25.14,61.92,37.52,40.67,77.74,21.94,24.71,63.65,36.17,37.79
64,YUMA,1933.0,1458.0,475.0,522.0,197.0,142.0,55.0,59.0,501.0,381.0,120.0,150.0,1104.0,779.0,325.0,361.0,94.0,59.0,35.0,42.0,672.0,504.0,168.0,186.0,66.0,13.0,53.0,56.0,47.0,44.0,3.0,3.0,974.0,740.0,234.0,262.0,959.0,718.0,241.0,260.0,3.0,3.0,0.0,0.0,5.0,2.0,3.0,4.0,691.0,511.0,180.0,217.0,1194.0,922.0,272.0,280.0,9.0,7.0,7.0,19.0,15.0,15.0,60.0,52.0,53.0,2.0,1.0,1.0,11.0,8.0,8.0,4.0,1.0,1.0,11.0,11.0,11.0,75.43,24.57,27.0,72.08,27.92,29.95,77.78,77.78,76.05,23.95,29.94,78.95,78.95,70.56,29.44,32.7,86.67,88.33,62.77,37.23,44.68,50.0,50.0,75.0,25.0,27.68,72.73,72.73,19.7,80.3,84.85,25.0,25.0,93.62,6.38,6.38,100.0,100.0,75.98,24.02,26.9,74.87,25.13,27.11,7.8,2.47,2.76,77.22,22.78,23.45,40.0,60.0,80.0,73.95,26.05,31.4,100.0,0.0,0.0
