county,pupil_total,stable,mobile,mobile_instances,disabled_pupil_total,disabled_stable,disabled_mobile,disabled_mobile_instances,limited_eng_pupil_total,limited_eng_stable,limited_eng_mobile,limited_eng_mobile_instances,poor_pupil_total,poor_stable,poor_mobile,poor_mobile_instances,migrant_pupil_total,migrant_stable,migrant_mobile,migrant_mobile_instances,title_1_pupil_total,title_1_stable,title_1_mobile,title_1_mobile_instances,homeless_pupil_total,homeless_stable,homeless_mobile,homeless_mobile_instances,gifted_pupil_total,gifted_stable,gifted_mobile,gifted_mobile_instances,female_pupil_total,female_stable,female_mobile,female_mobile_instances,male_pupil_total,male_stable,male_mobile,male_mobile_instances,asian_pupil_total,asian_stable,asian_mobile,asian_mobile_instances,black_pupil_total,black_stable,black_mobile,black_mobile_instances,hispanic_pupil_total,hispanic_stable,hispanic_mobile,hispanic_mobile_instances,white_pupil_total,white_stable,white_mobile,white_mobile_instances,disabled_grad_base_total,disabled_graduated,disabled_completed,limited_eng_grad_base_total,limited_eng_graduated,limited_eng_completed,poor_grad_base_total,poor_graduated,poor_completed,migrant_grad_base_total,migrant_graduated,migrant_completed,title_1_grad_base_total,title_1_graduated,title_1_completed,homeless_grad_base_total,homeless_graduated,homeless_completed,gifted_grad_base_total,gifted_graduated,gifted_completed,stable_rate,mobile_rate,mobile_instances_rate,disabled_stable_rate,disabled_mobile_rate,disabled_mobile_instances_rate,disabled_graduated_rate,disabled_completed_rate,limited_eng_stable_rate,limited_eng_mobile_rate,limited_eng_mobile_instances_rate,limited_eng_graduated_rate,limited_eng_completed_rate,poor_stable_rate,poor_mobile_rate,poor_mobile_instances_rate,poor_graduated_rate,poor_completed_rate,migrant_stable_rate,migrant_mobile_rate,migrant_mobile_instances_rate,migrant_graduated_rate,migrant_completed_rate,title_1_stable_rate,title_1_mobile_rate,title_1_mobile_instances_rate,title_1_graduated_rate,title_1_completed_rate,homeless_stable_rate,homeless_mobile_rate,homeless_mobile_instances_rate,homeless_graduated_rate,homeless_completed_rate,gifted_stable_rate,gifted_mobile_rate,gifted_mobile_instances_rate,gifted_graduated_rate,gifted_completed_rate,female_stable_rate,female_mobile_rate,female_mobile_instances_rate,male_stable_rate,male_mobile_rate,male_mobile_instances_rate,female_stable_rate_rate,female_mobile_rate_rate,female_mobile_instances_rate_rate,white_stable_rate,white_mobile_rate,white_mobile_instances_rate,black_stable_rate,black_mobile_rate,black_mobile_instances_rate,hispanic_stable_rate,hispanic_mobile_rate,hispanic_mobile_instances_rate,asian_stable_rate,asian_mobile_rate,asian_mobile_instances_rate
ADAMS,98546,67272,31222,33925,8848,6263,2588,2896,20773,14539,6379,7129,43912,30020,13763,15467,314,232,82,97,23837,16007,7680,8655,3652,1802,1810,2104,5431,4818,620,691,48094,32829,15292,16538,50452,34443,15930,17387,3547,2786,758,835,2254,1232,1016,1080,45097,30436,14753,16417,45122,31191,13805,14641,509,242,255,1124,631,643,2799,1616,1703,63,32,33,935,529,559,360,190,204,402,337,345,68.26,31.68,34.43,70.78,29.25,32.73,47.54,50.1,69.99,30.71,34.32,56.14,57.21,68.36,31.34,35.22,57.73,60.84,73.89,26.11,30.89,50.79,52.38,67.15,32.22,36.31,56.58,59.79,49.34,49.56,57.61,52.78,56.67,88.71,11.42,12.72,83.83,85.82,68.26,31.8,34.39,68.27,31.57,34.46,0.14,0.07,0.07,69.13,30.59,32.45,54.66,45.08,47.91,67.49,32.71,36.4,78.55,21.37,23.54
ALAMOSA,2775,1882,885,950,223,159,63,66,368,265,102,117,2008,1335,667,718,87,52,34,40,1554,1031,523,541,84,26,58,60,38,31,7,7,1354,920,430,461,1421,962,455,489,25,16,9,9,14,8,6,6,1615,1133,476,528,1058,693,364,376,15,13,14,26,19,19,130,88,92,11,4,4,28,22,23,6,6,6,0,0,0,67.82,31.89,34.23,71.3,28.25,29.6,86.67,93.33,72.01,27.72,31.79,73.08,73.08,66.48,33.22,35.76,67.69,70.77,59.77,39.08,45.98,36.36,36.36,66.34,33.66,34.81,78.57,82.14,30.95,69.05,71.43,100.0,100.0,81.58,18.42,18.42,0.0,0.0,67.95,31.76,34.05,67.7,32.02,34.41,5.02,2.35,2.51,65.5,34.4,35.54,57.14,42.86,42.86,70.15,29.47,32.69,64.0,36.0,36.0
ARAPAHOE,124639,94109,30134,32269,11842,9461,2354,2568,25370,19012,6224,6920,51658,38424,12936,14399,84,46,38,38,27014,18757,8042,8837,2933,1493,1362,1618,9654,9011,630,681,60471,45874,14405,15391,64168,48235,15729,16878,7113,5590,1515,1605,15890,10721,5089,5493,38844,28263,10389,11341,56546,45066,11388,11963,874,448,455,1373,529,534,3694,2113,2184,20,8,9,488,202,213,243,96,102,909,820,828,75.51,24.18,25.89,79.89,19.88,21.69,51.26,52.06,74.94,24.53,27.28,38.53,38.89,74.38,25.04,27.87,57.2,59.12,54.76,45.24,45.24,40.0,45.0,69.43,29.77,32.71,41.39,43.65,50.9,46.44,55.17,39.51,41.98,93.34,6.53,7.05,90.21,91.09,75.86,23.82,25.45,75.17,24.51,26.3,0.13,0.04,0.04,79.7,20.14,21.16,67.47,32.03,34.57,72.76,26.75,29.2,78.59,21.3,22.56
ARCHULETA,1641,1218,422,452,125,100,25,28,120,94,26,28,885,630,254,275,7,7,0,0,1073,830,243,257,14,3,11,12,99,83,16,17,786,596,190,204,855,622,232,248,15,11,4,4,21,14,7,7,405,311,94,100,1150,858,292,313,11,5,5,0,0,0,59,38,40,0,0,0,0,0,0,5,1,1,12,10,11,74.22,25.72,27.54,80.0,20.0,22.4,45.45,45.45,78.33,21.67,23.33,0.0,0.0,71.19,28.7,31.07,64.41,67.8,100.0,0.0,0.0,0.0,0.0,77.35,22.65,23.95,0.0,0.0,21.43,78.57,85.71,20.0,20.0,83.84,16.16,17.17,83.33,91.67,75.83,24.17,25.95,72.75,27.13,29.01,9.65,3.08,3.3,74.61,25.39,27.22,66.67,33.33,33.33,76.79,23.21,24.69,73.33,26.67,26.67
BACA,988,577,411,421,70,45,25,25,20,11,9,11,452,293,159,164,2,0,2,2,403,291,112,118,0,0,0,0,31,29,2,2,492,274,218,225,496,303,193,196,1,0,1,1,14,10,4,4,197,80,117,121,748,474,274,280,9,5,5,2,2,2,82,36,46,1,0,0,38,28,31,0,0,0,6,6,6,58.4,41.6,42.61,64.29,35.71,35.71,55.56,55.56,55.0,45.0,55.0,100.0,100.0,64.82,35.18,36.28,43.9,56.1,0.0,100.0,100.0,0.0,0.0,72.21,27.79,29.28,73.68,81.58,0.0,0.0,0.0,0.0,0.0,93.55,6.45,6.45,100.0,100.0,55.69,44.31,45.73,61.09,38.91,39.52,11.32,9.01,9.29,63.37,36.63,37.43,71.43,28.57,28.57,40.61,59.39,61.42,0.0,100.0,100.0
BENT,865,675,190,198,83,60,23,25,34,28,6,6,639,498,141,148,10,6,4,4,576,464,112,119,0,0,0,0,39,37,2,2,435,338,97,103,430,337,93,95,7,3,4,4,13,11,2,2,333,269,64,67,505,387,118,123,11,6,6,2,2,2,39,31,31,1,1,1,17,13,13,0,0,0,6,6,6,78.03,21.97,22.89,72.29,27.71,30.12,54.55,54.55,82.35,17.65,17.65,100.0,100.0,77.93,22.07,23.16,79.49,79.49,60.0,40.0,40.0,100.0,100.0,80.56,19.44,20.66,76.47,76.47,0.0,0.0,0.0,0.0,0.0,94.87,5.13,5.13,100.0,100.0,77.7,22.3,23.68,78.37,21.63,22.09,17.86,5.13,5.44,76.63,23.37,24.36,84.62,15.38,15.38,80.78,19.22,20.12,42.86,57.14,57.14
BOULDER,77586,64023,13412,14348,7066,6021,1037,1122,8949,7503,1435,1569,23123,18473,4564,5073,76,53,23,25,4849,3863,961,1084,2091,1163,906,1044,8456,7864,591,634,37990,31435,6480,6932,39596,32588,6932,7416,3128,2575,550,576,778,546,232,249,16922,13673,3214,3491,54035,45031,8899,9468,466,282,290,334,219,223,1502,1026,1075,17,12,12,19,8,9,253,154,160,661,634,646,82.52,17.29,18.49,85.21,14.68,15.88,60.52,62.23,83.84,16.04,17.53,65.57,66.77,79.89,19.74,21.94,68.31,71.57,69.74,30.26,32.89,70.59,70.59,79.67,19.82,22.36,42.11,47.37,55.62,43.33,49.93,60.87,63.24,93.0,6.99,7.5,95.92,97.73,82.75,17.06,18.25,82.3,17.51,18.73,0.22,0.04,0.05,83.34,16.47,17.52,70.18,29.82,32.01,80.8,18.99,20.63,82.32,17.58,18.41
CHAFFEE,2462,1783,681,725,227,172,60,64,49,31,18,18,1074,775,298,320,0,0,0,0,938,680,257,272,44,19,25,27,85,80,5,7,1215,883,330,347,1247,900,351,378,19,16,3,3,11,8,3,3,348,222,127,134,2004,1481,524,557,36,26,29,22,15,17,115,80,89,1,1,1,74,65,66,17,10,11,19,18,18,72.42,27.66,29.45,75.77,26.43,28.19,72.22,80.56,63.27,36.73,36.73,68.18,77.27,72.16,27.75,29.8,69.57,77.39,0.0,0.0,0.0,100.0,100.0,72.49,27.4,29.0,87.84,89.19,43.18,56.82,61.36,58.82,64.71,94.12,5.88,8.24,94.74,94.74,72.67,27.16,28.56,72.17,28.15,30.31,5.98,2.24,2.35,73.9,26.15,27.79,72.73,27.27,27.27,63.79,36.49,38.51,84.21,15.79,15.79
CHEYENNE,339,247,92,94,40,29,11,12,30,12,18,18,150,101,49,51,6,1,5,5,20,15,5,5,0,0,0,0,13,12,1,1,160,119,41,41,179,128,51,53,1,1,0,0,2,0,2,2,66,36,30,30,269,210,59,60,2,0,0,1,1,1,10,7,8,2,2,2,0,0,0,0,0,0,1,1,1,72.86,27.14,27.73,72.5,27.5,30.0,0.0,0.0,40.0,60.0,60.0,100.0,100.0,67.33,32.67,34.0,70.0,80.0,16.67,83.33,83.33,100.0,100.0,75.0,25.0,25.0,0.0,0.0,0.0,0.0,0.0,0.0,0.0,92.31,7.69,7.69,100.0,100.0,74.38,25.62,25.62,71.51,28.49,29.61,46.49,16.01,16.01,78.07,21.93,22.3,0.0,100.0,100.0,54.55,45.45,45.45,100.0,0.0,0.0
CLEAR CREEK,1080,761,319,338,97,69,28,30,13,11,2,2,285,209,76,85,0,0,0,0,268,196,72,74,0,0,0,0,82,70,12,12,548,370,178,190,532,391,141,148,13,7,6,8,14,6,8,8,120,70,50,55,884,639,245,254,7,6,6,2,2,2,22,18,18,0,0,0,0,0,0,0,0,0,16,16,16,70.46,29.54,31.3,71.13,28.87,30.93,85.71,85.71,84.62,15.38,15.38,100.0,100.0,73.33,26.67,29.82,81.82,81.82,0.0,0.0,0.0,0.0,0.0,73.13,26.87,27.61,0.0,0.0,0.0,0.0,0.0,0.0,0.0,85.37,14.63,14.63,100.0,100.0,67.52,32.48,34.67,73.5,26.5,27.82,12.32,5.93,6.33,72.29,27.71,28.73,42.86,57.14,57.14,58.33,41.67,45.83,53.85,46.15,61.54
CONEJOS,1755,1318,431,450,101,72,29,30,28,25,3,3,1176,943,230,242,2,2,0,0,1521,1170,345,361,3,0,3,3,80,71,9,9,906,675,229,240,849,643,202,210,11,0,11,11,7,5,2,2,1006,752,248,264,696,535,161,163,15,13,14,3,2,2,92,78,79,1,0,0,92,82,82,1,0,0,6,6,6,75.1,24.56,25.64,71.29,28.71,29.7,86.67,93.33,89.29,10.71,10.71,66.67,66.67,80.19,19.56,20.58,84.78,85.87,100.0,0.0,0.0,0.0,0.0,76.92,22.68,23.73,89.13,89.13,0.0,100.0,100.0,0.0,0.0,88.75,11.25,11.25,100.0,100.0,74.5,25.28,26.49,75.74,23.79,24.73,8.22,2.79,2.92,76.87,23.13,23.42,71.43,28.57,28.57,74.75,24.65,26.24,0.0,100.0,100.0
COSTILLA,586,383,203,222,46,34,12,13,92,74,18,19,506,326,180,197,21,14,7,7,403,253,150,163,77,30,47,52,5,5,0,0,274,183,91,103,312,200,112,119,4,4,0,0,2,1,1,1,466,333,133,142,96,37,59,65,1,1,1,17,17,17,30,27,27,1,1,1,18,15,15,5,4,4,3,3,3,65.36,34.64,37.88,73.91,26.09,28.26,100.0,100.0,80.43,19.57,20.65,100.0,100.0,64.43,35.57,38.93,90.0,90.0,66.67,33.33,33.33,100.0,100.0,62.78,37.22,40.45,83.33,83.33,38.96,61.04,67.53,80.0,80.0,100.0,0.0,0.0,100.0,100.0,66.79,33.21,37.59,64.1,35.9,38.14,24.38,12.12,13.72,38.54,61.46,67.71,50.0,50.0,50.0,71.46,28.54,30.47,100.0,0.0,0.0
CROWLEY,578,382,196,203,60,35,25,26,5,2,3,3,419,262,157,163,2,2,0,0,578,382,196,203,0,0,0,0,11,9,2,2,271,175,96,101,307,207,100,102,0,0,0,0,4,2,2,2,139,86,53,57,385,257,128,131,4,3,3,0,0,0,31,28,30,0,0,0,38,36,37,1,1,1,0,0,0,66.09,33.91,35.12,58.33,41.67,43.33,75.0,75.0,40.0,60.0,60.0,0.0,0.0,62.53,37.47,38.9,90.32,96.77,100.0,0.0,0.0,0.0,0.0,66.09,33.91,35.12,94.74,97.37,0.0,0.0,0.0,100.0,100.0,81.82,18.18,18.18,0.0,0.0,64.58,35.42,37.27,67.43,32.57,33.22,23.83,13.07,13.75,66.75,33.25,34.03,50.0,50.0,50.0,61.87,38.13,41.01,0.0,0.0,0.0
CUSTER,480,361,119,121,50,44,6,6,0,0,0,0,212,142,70,70,0,0,0,0,178,128,50,51,0,0,0,0,38,35,3,3,238,182,56,57,242,179,63,64,7,7,0,0,5,4,1,1,20,6,14,14,436,336,100,102,5,5,5,0,0,0,20,18,18,0,0,0,0,0,0,0,0,0,7,6,6,75.21,24.79,25.21,88.0,12.0,12.0,100.0,100.0,0.0,0.0,0.0,0.0,0.0,66.98,33.02,33.02,90.0,90.0,0.0,0.0,0.0,0.0,0.0,71.91,28.09,28.65,0.0,0.0,0.0,0.0,0.0,0.0,0.0,92.11,7.89,7.89,85.71,85.71,76.47,23.53,23.95,73.97,26.03,26.45,32.13,9.89,10.06,77.06,22.94,23.39,80.0,20.0,20.0,30.0,70.0,70.0,100.0,0.0,0.0
DELTA,5630,4387,1222,1344,524,428,92,107,422,311,110,120,2821,2114,692,781,53,28,25,25,2272,1785,475,525,61,15,45,52,333,316,17,17,2735,2142,585,638,2895,2245,637,706,75,36,39,39,29,16,13,13,1154,936,214,242,4204,3285,905,985,44,30,30,30,22,22,238,188,193,5,5,5,2,0,0,10,4,5,40,39,39,77.92,21.71,23.87,81.68,17.56,20.42,68.18,68.18,73.7,26.07,28.44,73.33,73.33,74.94,24.53,27.69,78.99,81.09,52.83,47.17,47.17,100.0,100.0,78.57,20.91,23.11,0.0,0.0,24.59,73.77,85.25,40.0,50.0,94.89,5.11,5.11,97.5,97.5,78.32,21.39,23.33,77.55,22.0,24.39,2.86,0.78,0.85,78.14,21.53,23.43,55.17,44.83,44.83,81.11,18.54,20.97,48.0,52.0,52.0
DENVER,101183,70528,29884,34586,9563,7114,2374,2930,33214,24947,8081,9302,65857,49535,15743,19048,35,31,4,4,68363,47071,20573,24585,2175,1065,1028,1368,11759,10200,1513,1780,50175,35012,14774,16865,51008,35516,15110,17721,3304,2398,900,989,13762,9204,4392,5390,56228,40501,15286,18058,23953,15795,8049,8688,727,253,273,1141,558,577,4508,2179,2341,52,24,26,4328,2069,2231,404,106,117,952,743,774,69.7,29.53,34.18,74.39,24.82,30.64,34.8,37.55,75.11,24.33,28.01,48.9,50.57,75.22,23.9,28.92,48.34,51.93,88.57,11.43,11.43,46.15,50.0,68.85,30.09,35.96,47.8,51.55,48.97,47.26,62.9,26.24,28.96,86.74,12.87,15.14,78.05,81.3,69.78,29.44,33.61,69.63,29.62,34.74,0.14,0.06,0.07,65.94,33.6,36.27,66.88,31.91,39.17,72.03,27.19,32.12,72.58,27.24,29.93
DOLORES,318,229,89,91,25,16,9,9,0,0,0,0,146,102,44,45,0,0,0,0,161,119,42,43,0,0,0,0,11,11,0,0,156,116,40,41,162,113,49,50,0,0,0,0,1,1,0,0,21,9,12,13,266,202,64,65,1,1,1,0,0,0,11,9,10,0,0,0,2,2,2,0,0,0,1,1,1,72.01,27.99,28.62,64.0,36.0,36.0,100.0,100.0,0.0,0.0,0.0,0.0,0.0,69.86,30.14,30.82,81.82,90.91,0.0,0.0,0.0,0.0,0.0,73.91,26.09,26.71,100.0,100.0,0.0,0.0,0.0,0.0,0.0,100.0,0.0,0.0,100.0,100.0,74.36,25.64,26.28,69.75,30.25,30.86,47.67,16.44,16.85,75.94,24.06,24.44,100.0,0.0,0.0,42.86,57.14,61.9,0.0,0.0,0.0
DOUGLAS,66965,55140,11722,12396,5677,4896,773,854,3254,2026,1225,1297,7219,5364,1852,1913,7,1,6,6,1644,935,709,763,678,399,276,335,4022,3733,286,303,32803,27070,5682,5992,34162,28070,6040,6404,2606,2157,445,486,1546,917,627,670,9325,6706,2605,2780,50557,43000,7481,7856,331,220,227,82,61,62,534,346,368,1,0,0,329,252,265,79,44,49,266,262,265,82.34,17.5,18.51,86.24,13.62,15.04,66.47,68.58,62.26,37.65,39.86,74.39,75.61,74.3,25.65,26.5,64.79,68.91,14.29,85.71,85.71,0.0,0.0,56.87,43.13,46.41,76.6,80.55,58.85,40.71,49.41,55.7,62.03,92.81,7.11,7.53,98.5,99.62,82.52,17.32,18.27,82.17,17.68,18.75,0.25,0.05,0.06,85.05,14.8,15.54,59.31,40.56,43.34,71.91,27.94,29.81,82.77,17.08,18.65
EAGLE,6749,5472,1261,1365,584,507,76,88,2428,1965,455,505,2834,2278,547,612,28,22,6,6,1970,1602,361,406,87,42,45,50,527,462,65,68,3205,2631,568,621,3544,2841,693,744,67,57,10,12,25,19,6,6,3327,2711,605,665,3198,2584,610,647,31,18,18,142,68,68,149,113,113,2,2,2,1,0,0,11,7,7,45,43,44,81.08,18.68,20.23,86.82,13.01,15.07,58.06,58.06,80.93,18.74,20.8,47.89,47.89,80.38,19.3,21.59,75.84,75.84,78.57,21.43,21.43,100.0,100.0,81.32,18.32,20.61,0.0,0.0,48.28,51.72,57.47,63.64,63.64,87.67,12.33,12.9,95.56,97.78,82.09,17.72,19.38,80.16,19.55,20.99,2.56,0.55,0.6,80.8,19.07,20.23,76.0,24.0,24.0,81.48,18.18,19.99,85.07,14.93,17.91
EL PASO,128825,88927,39653,43430,10653,7724,2908,3338,8281,5835,2406,2724,47941,31352,16355,18510,47,29,18,19,21351,13236,7970,8786,2141,999,1118,1389,9084,8030,1052,1154,62697,43295,19299,21093,66128,45632,20354,22337,3620,2507,1105,1185,9999,6068,3891,4319,28749,19167,9482,10632,77513,55165,22272,24094,616,324,334,276,173,176,2711,1829,1913,4,3,3,121,78,82,184,96,100,864,817,828,69.03,30.78,33.71,72.51,27.3,31.33,52.6,54.22,70.46,29.05,32.89,62.68,63.77,65.4,34.11,38.61,67.47,70.56,61.7,38.3,40.43,75.0,75.0,61.99,37.33,41.15,64.46,67.77,46.66,52.22,64.88,52.17,54.35,88.4,11.58,12.7,94.56,95.83,69.05,30.78,33.64,69.01,30.78,33.78,0.11,0.05,0.05,71.17,28.73,31.08,60.69,38.91,43.19,66.67,32.98,36.98,69.25,30.52,32.73
ELBERT,3839,2825,1013,1043,389,279,110,116,76,51,25,25,765,521,244,253,0,0,0,0,401,297,105,106,2,1,1,1,251,228,23,25,1868,1389,477,493,1971,1436,536,550,33,16,17,17,26,12,14,14,378,251,127,132,3260,2459,800,823,19,16,16,6,3,3,64,54,54,0,0,0,0,0,0,2,2,2,28,27,27,73.59,26.39,27.17,71.72,28.28,29.82,84.21,84.21,67.11,32.89,32.89,50.0,50.0,68.1,31.9,33.07,84.38,84.38,0.0,0.0,0.0,0.0,0.0,74.06,26.18,26.43,0.0,0.0,50.0,50.0,50.0,100.0,100.0,90.84,9.16,9.96,96.43,96.43,74.36,25.54,26.39,72.86,27.19,27.9,3.98,1.37,1.41,75.43,24.54,25.25,46.15,53.85,53.85,66.4,33.6,34.92,48.48,51.52,51.52
FREMONT,6372,4692,1656,1793,782,595,186,201,61,51,10,10,1075,778,297,322,0,0,0,0,3340,2436,888,955,10,0,10,10,369,339,29,32,3138,2338,788,850,3234,2354,868,943,35,29,6,6,37,30,7,7,808,572,233,248,5247,3900,1326,1444,53,30,30,1,1,1,241,149,168,0,0,0,53,39,46,6,1,3,37,34,35,73.63,25.99,28.14,76.09,23.79,25.7,56.6,56.6,83.61,16.39,16.39,100.0,100.0,72.37,27.63,29.95,61.83,69.71,0.0,0.0,0.0,0.0,0.0,72.93,26.59,28.59,73.58,86.79,0.0,100.0,100.0,16.67,50.0,91.87,7.86,8.67,91.89,94.59,74.51,25.11,27.09,72.79,26.84,29.16,2.37,0.8,0.86,74.33,25.27,27.52,81.08,18.92,18.92,70.79,28.84,30.69,82.86,17.14,17.14
GARFIELD,12202,9365,2818,3057,887,689,197,211,3558,2964,588,669,5210,4158,1047,1165,46,30,16,16,4468,3360,1095,1180,134,89,44,52,655,589,66,70,5856,4530,1317,1429,6346,4835,1501,1628,78,58,20,20,38,14,24,24,5525,4377,1137,1268,6227,4667,1553,1655,59,46,47,120,74,78,298,199,221,2,2,2,7,0,2,7,6,7,58,56,58,76.75,23.09,25.05,77.68,22.21,23.79,77.97,79.66,83.31,16.53,18.8,61.67,65.0,79.81,20.1,22.36,66.78,74.16,65.22,34.78,34.78,100.0,100.0,75.2,24.51,26.41,0.0,28.57,66.42,32.84,38.81,85.71,100.0,89.92,10.08,10.69,96.55,100.0,77.36,22.49,24.4,76.19,23.65,25.65,1.32,0.38,0.42,74.95,24.94,26.58,36.84,63.16,63.16,79.22,20.58,22.95,74.36,25.64,25.64
GILPIN,416,288,128,135,47,31,16,19,2,2,0,0,124,73,51,54,0,0,0,0,22,14,8,9,2,1,1,1,32,27,5,5,200,144,56,60,216,144,72,75,7,6,1,1,5,1,4,6,48,30,18,19,337,242,95,98,5,2,2,1,1,1,8,5,5,0,0,0,0,0,0,1,1,1,2,2,2,69.23,30.77,32.45,65.96,34.04,40.43,40.0,40.0,100.0,0.0,0.0,100.0,100.0,58.87,41.13,43.55,62.5,62.5,0.0,0.0,0.0,0.0,0.0,63.64,36.36,40.91,0.0,0.0,50.0,50.0,50.0,100.0,100.0,84.38,15.62,15.62,100.0,100.0,72.0,28.0,30.0,66.67,33.33,34.72,36.0,14.0,15.0,71.81,28.19,29.08,20.0,80.0,120.0,62.5,37.5,39.58,85.71,14.29,14.29
GRAND,1874,1460,411,436,186,146,40,41,184,142,42,45,544,446,97,110,0,0,0,0,352,281,71,73,5,2,3,3,119,102,17,17,907,704,201,215,967,756,210,221,7,5,2,2,11,5,5,7,244,184,59,65,1572,1238,333,350,5,2,3,9,4,4,32,16,22,1,1,1,1,1,1,1,0,0,7,6,6,77.91,21.93,23.27,78.49,21.51,22.04,40.0,60.0,77.17,22.83,24.46,44.44,44.44,81.99,17.83,20.22,50.0,68.75,0.0,0.0,0.0,100.0,100.0,79.83,20.17,20.74,100.0,100.0,40.0,60.0,60.0,0.0,0.0,85.71,14.29,14.29,85.71,85.71,77.62,22.16,23.7,78.18,21.72,22.85,8.56,2.44,2.61,78.75,21.18,22.26,45.45,45.45,63.64,75.41,24.18,26.64,71.43,28.57,28.57
GUNNISON,1936,1552,384,424,123,104,19,21,161,139,22,27,529,383,146,159,3,2,1,1,90,71,19,23,2,0,2,2,232,207,25,27,955,755,200,219,981,797,184,205,8,7,1,1,2,1,1,1,290,235,55,60,1580,1273,307,340,9,6,7,10,5,5,26,20,20,2,1,1,0,0,0,0,0,0,11,11,11,80.17,19.83,21.9,84.55,15.45,17.07,66.67,77.78,86.34,13.66,16.77,50.0,50.0,72.4,27.6,30.06,76.92,76.92,66.67,33.33,33.33,50.0,50.0,78.89,21.11,25.56,0.0,0.0,0.0,100.0,100.0,0.0,0.0,89.22,10.78,11.64,100.0,100.0,79.06,20.94,22.93,81.24,18.76,20.9,8.28,2.19,2.4,80.57,19.43,21.52,50.0,50.0,50.0,81.03,18.97,20.69,87.5,12.5,12.5
HINSDALE,93,69,24,24,7,6,1,1,1,1,0,0,23,12,11,11,0,0,0,0,27,25,2,2,0,0,0,0,4,4,0,0,42,31,11,11,51,38,13,13,2,1,1,1,1,0,1,1,7,3,4,4,81,65,16,16,1,1,1,0,0,0,0,0,0,0,0,0,1,1,1,0,0,0,1,1,1,74.19,25.81,25.81,85.71,14.29,14.29,100.0,100.0,100.0,0.0,0.0,0.0,0.0,52.17,47.83,47.83,0.0,0.0,0.0,0.0,0.0,0.0,0.0,92.59,7.41,7.41,100.0,100.0,0.0,0.0,0.0,0.0,0.0,100.0,0.0,0.0,100.0,100.0,73.81,26.19,26.19,74.51,25.49,25.49,175.74,62.36,62.36,80.25,19.75,19.75,0.0,100.0,100.0,42.86,57.14,57.14,50.0,50.0,50.0
HUERFANO,876,607,268,286,97,75,22,27,6,2,4,4,612,415,196,210,4,3,1,1,478,354,124,133,0,0,0,0,22,18,4,5,436,302,133,142,440,305,135,144,4,2,2,2,7,1,6,6,476,361,114,121,361,226,135,146,7,6,7,1,0,0,42,33,36,0,0,0,4,3,3,0,0,0,7,7,7,69.29,30.59,32.65,77.32,22.68,27.84,85.71,100.0,33.33,66.67,66.67,0.0,0.0,67.81,32.03,34.31,78.57,85.71,75.0,25.0,25.0,0.0,0.0,74.06,25.94,27.82,75.0,75.0,0.0,0.0,0.0,0.0,0.0,81.82,18.18,22.73,100.0,100.0,69.27,30.5,32.57,69.32,30.68,32.73,15.89,7.0,7.47,62.6,37.4,40.44,14.29,85.71,85.71,75.84,23.95,25.42,50.0,50.0,50.0
JACKSON,205,151,54,60,26,19,7,9,23,19,4,4,117,81,36,41,0,0,0,0,103,67,36,41,2,0,2,2,7,6,1,1,105,78,27,30,100,73,27,30,0,0,0,0,0,0,0,0,43,36,7,8,156,114,42,47,2,1,1,1,1,1,8,6,6,0,0,0,13,12,12,0,0,0,2,2,2,73.66,26.34,29.27,73.08,26.92,34.62,50.0,50.0,82.61,17.39,17.39,100.0,100.0,69.23,30.77,35.04,75.0,75.0,0.0,0.0,0.0,0.0,0.0,65.05,34.95,39.81,92.31,92.31,0.0,100.0,100.0,0.0,0.0,85.71,14.29,14.29,100.0,100.0,74.29,25.71,28.57,73.0,27.0,30.0,70.75,24.49,27.21,73.08,26.92,30.13,0.0,0.0,0.0,83.72,16.28,18.6,0.0,0.0,0.0
JEFFERSON,90678,74398,16049,17618,7762,6429,1306,1496,6700,4710,1978,2157,29789,23622,6017,6950,67,54,13,13,10839,7752,3011,3420,2900,1730,1133,1305,10053,9466,578,649,44122,36303,7721,8426,46556,38095,8328,9192,2797,2324,472,515,1146,753,387,421,22211,16654,5472,6065,60676,51569,8980,9802,602,378,392,398,205,209,2090,1351,1423,12,3,3,295,157,165,247,144,151,933,891,900,82.05,17.7,19.43,82.83,16.83,19.27,62.79,65.12,70.3,29.52,32.19,51.51,52.51,79.3,20.2,23.33,64.64,68.09,80.6,19.4,19.4,25.0,25.0,71.52,27.78,31.55,53.22,55.93,59.66,39.07,45.0,58.3,61.13,94.16,5.75,6.46,95.5,96.46,82.28,17.5,19.1,81.83,17.89,19.74,0.19,0.04,0.04,84.99,14.8,16.15,65.71,33.77,36.74,74.98,24.64,27.31,83.09,16.88,18.41
KIOWA,290,195,95,96,38,23,15,16,4,3,1,1,141,89,52,53,3,0,3,3,45,31,14,15,0,0,0,0,15,12,3,3,134,84,50,51,156,111,45,45,2,0,2,2,5,1,4,4,37,23,14,14,240,166,74,75,0,0,0,0,0,0,10,8,10,0,0,0,0,0,0,0,0,0,4,4,4,67.24,32.76,33.1,60.53,39.47,42.11,0.0,0.0,75.0,25.0,25.0,0.0,0.0,63.12,36.88,37.59,80.0,100.0,0.0,100.0,100.0,0.0,0.0,68.89,31.11,33.33,0.0,0.0,0.0,0.0,0.0,0.0,0.0,80.0,20.0,20.0,100.0,100.0,62.69,37.31,38.06,71.15,28.85,28.85,46.78,27.84,28.4,69.17,30.83,31.25,20.0,80.0,80.0,62.16,37.84,37.84,0.0,100.0,100.0
KIT CARSON,1479,1092,387,395,158,108,50,52,255,202,53,57,847,590,257,263,43,38,5,5,234,186,48,48,32,6,26,26,62,53,9,9,710,516,194,198,769,576,193,197,6,3,3,3,13,13,0,0,429,324,105,111,1013,741,272,274,15,9,10,17,13,13,56,46,47,9,6,6,1,1,1,5,3,3,11,11,11,73.83,26.17,26.71,68.35,31.65,32.91,60.0,66.67,79.22,20.78,22.35,76.47,76.47,69.66,30.34,31.05,82.14,83.93,88.37,11.63,11.63,66.67,66.67,79.49,20.51,20.51,100.0,100.0,18.75,81.25,81.25,60.0,60.0,85.48,14.52,14.52,100.0,100.0,72.68,27.32,27.89,74.9,25.1,25.62,10.24,3.85,3.93,73.15,26.85,27.05,100.0,0.0,0.0,75.52,24.48,25.87,50.0,50.0,50.0
LA PLATA,7618,5582,2030,2158,659,504,160,176,230,159,71,79,2679,1954,719,778,2,2,0,0,1889,1495,388,430,66,28,34,38,584,503,81,83,3706,2755,950,1019,3912,2827,1080,1139,63,45,18,18,43,25,18,18,1393,964,424,465,5339,4051,1288,1348,47,29,30,9,6,6,166,102,118,0,0,0,1,1,1,4,0,2,65,62,64,73.27,26.65,28.33,76.48,24.28,26.71,61.7,63.83,69.13,30.87,34.35,66.67,66.67,72.94,26.84,29.04,61.45,71.08,100.0,0.0,0.0,0.0,0.0,79.14,20.54,22.76,100.0,100.0,42.42,51.52,57.58,0.0,50.0,86.13,13.87,14.21,95.38,98.46,74.34,25.63,27.5,72.26,27.61,29.12,2.01,0.69,0.74,75.88,24.12,25.25,58.14,41.86,41.86,69.2,30.44,33.38,71.43,28.57,28.57
LAKE,1246,930,316,336,128,100,28,31,467,357,110,119,862,665,197,213,3,3,0,0,139,108,31,33,8,1,7,7,60,50,10,10,616,460,156,168,630,470,160,168,1,0,1,1,3,1,2,2,843,656,187,202,352,253,99,103,10,3,4,24,13,13,43,29,29,3,1,1,0,0,0,0,0,0,8,8,8,74.64,25.36,26.97,78.12,21.88,24.22,30.0,40.0,76.45,23.55,25.48,54.17,54.17,77.15,22.85,24.71,67.44,67.44,100.0,0.0,0.0,33.33,33.33,77.7,22.3,23.74,0.0,0.0,12.5,87.5,87.5,0.0,0.0,83.33,16.67,16.67,100.0,100.0,74.68,25.32,27.27,74.6,25.4,26.67,12.12,4.11,4.43,71.88,28.12,29.26,33.33,66.67,66.67,77.82,22.18,23.96,0.0,100.0,100.0
LARIMER,30303,25131,5103,5784,2351,1937,411,499,2457,1959,500,618,8581,7332,1208,1571,45,34,11,11,2131,1661,459,525,732,501,224,275,2764,2603,159,183,14842,12333,2475,2806,15461,12798,2628,2978,998,777,221,258,419,310,107,128,5265,4187,1063,1268,22446,18923,3474,3853,198,114,118,127,91,91,643,466,487,5,3,3,6,1,1,118,80,84,295,289,291,82.93,16.84,19.09,82.39,17.48,21.23,57.58,59.6,79.73,20.35,25.15,71.65,71.65,85.44,14.08,18.31,72.47,75.74,75.56,24.44,24.44,60.0,60.0,77.94,21.54,24.64,16.67,16.67,68.44,30.6,37.57,67.8,71.19,94.18,5.75,6.62,97.97,98.64,83.1,16.68,18.91,82.78,17.0,19.26,0.56,0.11,0.13,84.3,15.48,17.17,73.99,25.54,30.55,79.53,20.19,24.08,77.86,22.14,25.85
LAS ANIMAS,2993,1871,1120,1161,283,206,77,81,86,64,22,22,1525,1049,475,499,8,5,3,3,988,681,306,327,13,1,12,13,69,57,12,13,1524,951,572,587,1469,920,548,574,30,23,7,7,48,16,32,32,1513,1034,477,503,1323,758,565,578,18,10,11,2,2,2,126,93,98,0,0,0,17,9,10,3,1,1,8,8,8,62.51,37.42,38.79,72.79,27.21,28.62,55.56,61.11,74.42,25.58,25.58,100.0,100.0,68.79,31.15,32.72,73.81,77.78,62.5,37.5,37.5,0.0,0.0,68.93,30.97,33.1,52.94,58.82,7.69,92.31,100.0,33.33,33.33,82.61,17.39,18.84,100.0,100.0,62.4,37.53,38.52,62.63,37.3,39.07,4.09,2.46,2.53,57.29,42.71,43.69,33.33,66.67,66.67,68.34,31.53,33.25,76.67,23.33,23.33
LINCOLN,997,596,401,411,113,75,38,38,22,12,10,10,429,275,154,159,0,0,0,0,234,155,79,80,17,1,16,16,34,31,3,3,484,297,187,190,513,299,214,221,10,6,4,4,24,14,10,11,81,42,39,39,862,520,342,351,12,7,7,2,1,1,52,33,35,0,0,0,7,3,4,4,3,3,2,2,2,59.78,40.22,41.22,66.37,33.63,33.63,58.33,58.33,54.55,45.45,45.45,50.0,50.0,64.1,35.9,37.06,63.46,67.31,0.0,0.0,0.0,0.0,0.0,66.24,33.76,34.19,42.86,57.14,5.88,94.12,94.12,75.0,75.0,91.18,8.82,8.82,100.0,100.0,61.36,38.64,39.26,58.28,41.72,43.08,12.68,7.98,8.11,60.32,39.68,40.72,58.33,41.67,45.83,51.85,48.15,48.15,60.0,40.0,40.0
LOGAN,3228,2499,727,776,372,291,80,89,173,135,38,39,1524,1156,366,395,9,5,4,4,1244,953,291,310,20,7,13,16,199,185,14,15,1536,1184,351,378,1692,1315,376,398,23,13,10,10,31,20,11,12,698,533,164,177,2370,1856,513,546,26,16,18,3,2,2,104,73,78,3,2,2,4,3,3,4,2,3,31,29,29,77.42,22.52,24.04,78.23,21.51,23.92,61.54,69.23,78.03,21.97,22.54,66.67,66.67,75.85,24.02,25.92,70.19,75.0,55.56,44.44,44.44,66.67,66.67,76.61,23.39,24.92,75.0,75.0,35.0,65.0,80.0,50.0,75.0,92.96,7.04,7.54,93.55,93.55,77.08,22.85,24.61,77.72,22.22,23.52,5.02,1.49,1.6,78.31,21.65,23.04,64.52,35.48,38.71,76.36,23.5,25.36,56.52,43.48,43.48
MESA,24785,19241,5399,6186,2452,2001,434,517,1585,1248,331,396,726,411,308,365,110,72,37,46,4687,3622,1006,1207,388,209,173,216,1272,1181,88,103,11995,9339,2582,2951,12790,9902,2817,3235,191,145,46,49,207,139,65,72,5359,4202,1121,1338,17855,13920,3834,4342,215,116,119,105,64,66,609,385,411,16,10,10,27,11,14,68,34,38,137,132,133,77.63,21.78,24.96,81.61,17.7,21.08,53.95,55.35,78.74,20.88,24.98,60.95,62.86,56.61,42.42,50.28,63.22,67.49,65.45,33.64,41.82,62.5,62.5,77.28,21.46,25.75,40.74,51.85,53.87,44.59,55.67,50.0,55.88,92.85,6.92,8.1,96.35,97.08,77.86,21.53,24.6,77.42,22.03,25.29,0.65,0.18,0.21,77.96,21.47,24.32,67.15,31.4,34.78,78.41,20.92,24.97,75.92,24.08,25.65
MINERAL,104,64,40,40,3,2,1,1,0,0,0,0,48,32,16,16,0,0,0,0,104,64,40,40,0,0,0,0,4,3,1,1,48,30,18,18,56,34,22,22,1,0,1,1,0,0,0,0,18,9,9,9,81,54,27,27,0,0,0,0,0,0,2,1,1,0,0,0,9,8,8,0,0,0,0,0,0,61.54,38.46,38.46,66.67,33.33,33.33,0.0,0.0,0.0,0.0,0.0,0.0,0.0,66.67,33.33,33.33,50.0,50.0,0.0,0.0,0.0,0.0,0.0,61.54,38.46,38.46,88.89,88.89,0.0,0.0,0.0,0.0,0.0,75.0,25.0,25.0,0.0,0.0,62.5,37.5,37.5,60.71,39.29,39.29,130.21,78.12,78.12,66.67,33.33,33.33,0.0,0.0,0.0,50.0,50.0,50.0,0.0,100.0,100.0
MOFFAT,2448,1875,573,638,213,164,50,56,254,194,59,75,1113,864,249,300,0,0,0,0,126,111,15,19,32,7,24,31,94,81,13,15,1163,889,275,312,1285,986,298,326,8,6,3,4,10,8,2,2,507,384,122,141,1850,1421,429,472,10,8,8,4,3,3,68,44,46,0,0,0,0,0,0,8,2,2,2,2,2,76.59,23.41,26.06,77.0,23.47,26.29,80.0,80.0,76.38,23.23,29.53,75.0,75.0,77.63,22.37,26.95,64.71,67.65,0.0,0.0,0.0,0.0,0.0,88.1,11.9,15.08,0.0,0.0,21.88,75.0,96.88,25.0,25.0,86.17,13.83,15.96,100.0,100.0,76.44,23.65,26.83,76.73,23.19,25.37,6.57,2.03,2.31,76.81,23.19,25.51,80.0,20.0,20.0,75.74,24.06,27.81,75.0,37.5,50.0
MONTEZUMA,4479,3102,1360,1500,407,310,96,108,318,211,106,116,2574,1802,761,864,9,9,0,0,1959,1413,528,588,11,3,8,8,236,202,34,35,2159,1481,669,731,2320,1621,691,769,20,14,6,6,24,18,6,7,715,502,209,228,2677,1894,771,832,30,13,13,44,16,17,166,84,90,0,0,0,0,0,0,3,2,2,20,19,19,69.26,30.36,33.49,76.17,23.59,26.54,43.33,43.33,66.35,33.33,36.48,36.36,38.64,70.01,29.56,33.57,50.6,54.22,100.0,0.0,0.0,0.0,0.0,72.13,26.95,30.02,0.0,0.0,27.27,72.73,72.73,66.67,66.67,85.59,14.41,14.83,95.0,95.0,68.6,30.99,33.86,69.87,29.78,33.15,3.18,1.44,1.57,70.75,28.8,31.08,75.0,25.0,29.17,70.21,29.23,31.89,70.0,30.0,30.0
MONTROSE,7098,5483,1581,1796,610,483,124,141,1090,882,203,241,3945,3079,843,1017,92,54,34,43,3127,2394,718,827,255,104,145,183,474,434,40,41,3452,2696,739,838,3646,2787,842,958,32,24,8,8,36,26,10,10,2448,1931,505,582,4344,3336,987,1114,32,14,14,54,33,33,271,190,193,9,1,2,6,1,1,19,11,11,50,48,50,77.25,22.27,25.3,79.18,20.33,23.11,43.75,43.75,80.92,18.62,22.11,61.11,61.11,78.05,21.37,25.78,70.11,71.22,58.7,36.96,46.74,11.11,22.22,76.56,22.96,26.45,16.67,16.67,40.78,56.86,71.76,57.89,57.89,91.56,8.44,8.65,96.0,100.0,78.1,21.41,24.28,76.44,23.09,26.28,2.26,0.62,0.7,76.8,22.72,25.64,72.22,27.78,27.78,78.88,20.63,23.77,75.0,25.0,25.0
MORGAN,5792,4451,1337,1450,522,393,128,143,1571,1262,308,339,3479,2717,759,856,242,125,116,126,1985,1521,462,501,179,50,129,147,362,336,26,27,2845,2194,648,708,2947,2257,689,742,23,16,7,7,159,80,79,82,3000,2343,656,725,2491,1928,560,600,28,15,17,89,43,49,254,168,191,29,12,13,56,42,44,25,9,11,30,30,30,76.85,23.08,25.03,75.29,24.52,27.39,53.57,60.71,80.33,19.61,21.58,48.31,55.06,78.1,21.82,24.6,66.14,75.2,51.65,47.93,52.07,41.38,44.83,76.62,23.27,25.24,75.0,78.57,27.93,72.07,82.12,36.0,44.0,92.82,7.18,7.46,100.0,100.0,77.12,22.78,24.89,76.59,23.38,25.18,2.71,0.8,0.87,77.4,22.48,24.09,50.31,49.69,51.57,78.1,21.87,24.17,69.57,30.43,30.43
OTERO,3764,2714,1050,1110,364,258,106,111,206,127,79,81,2533,1820,713,761,83,37,46,48,1780,1291,489,517,6,1,5,5,75,70,5,6,1824,1321,503,528,1940,1393,547,582,40,31,9,9,27,15,12,12,1997,1439,558,596,1633,1189,444,464,24,15,15,8,6,7,167,138,148,1,1,1,27,14,18,3,1,2,12,12,12,72.1,27.9,29.49,70.88,29.12,30.49,62.5,62.5,61.65,38.35,39.32,75.0,87.5,71.85,28.15,30.04,82.63,88.62,44.58,55.42,57.83,100.0,100.0,72.53,27.47,29.04,51.85,66.67,16.67,83.33,83.33,33.33,66.67,93.33,6.67,8.0,100.0,100.0,72.42,27.58,28.95,71.8,28.2,30.0,3.97,1.51,1.59,72.81,27.19,28.41,55.56,44.44,44.44,72.06,27.94,29.84,77.5,22.5,22.5
OURAY,605,419,186,192,43,29,14,15,27,9,18,18,209,140,69,71,3,2,1,1,44,24,20,21,1,0,1,1,58,53,5,5,308,204,104,107,297,215,82,85,8,6,2,2,2,2,0,0,68,33,35,38,506,361,145,148,8,5,6,3,1,1,17,12,13,0,0,0,1,0,0,0,0,0,2,2,2,69.26,30.74,31.74,67.44,32.56,34.88,62.5,75.0,33.33,66.67,66.67,33.33,33.33,66.99,33.01,33.97,70.59,76.47,66.67,33.33,33.33,0.0,0.0,54.55,45.45,47.73,0.0,0.0,0.0,100.0,100.0,0.0,0.0,91.38,8.62,8.62,100.0,100.0,66.23,33.77,34.74,72.39,27.61,28.62,21.5,10.96,11.28,71.34,28.66,29.25,100.0,0.0,0.0,48.53,51.47,55.88,75.0,25.0,25.0
PARK,1871,1260,610,630,199,144,55,59,5,2,3,3,782,463,319,328,0,0,0,0,222,161,61,63,5,0,5,5,160,140,20,21,892,593,299,310,979,667,311,320,17,11,6,6,18,7,11,12,179,115,64,68,1585,1083,501,514,15,9,9,1,0,0,43,27,29,0,0,0,1,0,0,1,0,0,11,9,9,67.34,32.6,33.67,72.36,27.64,29.65,60.0,60.0,40.0,60.0,60.0,0.0,0.0,59.21,40.79,41.94,62.79,67.44,0.0,0.0,0.0,0.0,0.0,72.52,27.48,28.38,0.0,0.0,0.0,100.0,100.0,0.0,0.0,87.5,12.5,13.12,81.82,81.82,66.48,33.52,34.75,68.13,31.77,32.69,7.45,3.76,3.9,68.33,31.61,32.43,38.89,61.11,66.67,64.25,35.75,37.99,64.71,35.29,35.29
PHILLIPS,960,763,197,207,99,77,22,24,137,110,27,30,455,340,115,122,11,5,6,6,47,38,9,9,0,0,0,0,53,52,1,1,460,359,101,107,500,404,96,100,3,2,1,1,4,1,3,3,287,224,63,67,655,525,130,136,6,4,5,6,3,3,31,24,25,2,1,1,3,3,3,0,0,0,6,6,6,79.48,20.52,21.56,77.78,22.22,24.24,66.67,83.33,80.29,19.71,21.9,50.0,50.0,74.73,25.27,26.81,77.42,80.65,45.45,54.55,54.55,50.0,50.0,80.85,19.15,19.15,100.0,100.0,0.0,0.0,0.0,0.0,0.0,98.11,1.89,1.89,100.0,100.0,78.04,21.96,23.26,80.8,19.2,20.0,16.97,4.77,5.06,80.15,19.85,20.76,25.0,75.0,75.0,78.05,21.95,23.34,66.67,33.33,33.33
PITKIN,1819,1529,290,312,120,109,11,12,202,157,45,49,117,92,25,26,0,0,0,0,0,0,0,0,0,0,0,0,98,91,7,7,876,742,134,147,943,787,156,165,34,27,7,7,13,12,1,1,203,163,40,42,1554,1321,233,253,8,6,8,10,6,6,16,13,14,0,0,0,0,0,0,0,0,0,4,4,4,84.06,15.94,17.15,90.83,9.17,10.0,75.0,100.0,77.72,22.28,24.26,60.0,60.0,78.63,21.37,22.22,81.25,87.5,0.0,0.0,0.0,0.0,0.0,0.0,0.0,0.0,0.0,0.0,0.0,0.0,0.0,0.0,0.0,92.86,7.14,7.14,100.0,100.0,84.7,15.3,16.78,83.46,16.54,17.5,9.67,1.75,1.92,85.01,14.99,16.28,92.31,7.69,7.69,80.3,19.7,20.69,79.41,20.59,20.59
PROWERS,2600,1967,633,664,208,155,53,56,216,170,46,50,1769,1284,485,513,89,62,27,28,1216,962,254,268,27,12,15,15,180,159,21,22,1218,911,307,320,1382,1056,326,344,8,6,2,2,13,11,2,2,1339,1031,308,322,1180,876,304,321,10,9,9,9,7,7,115,76,80,7,4,4,69,39,41,1,1,1,18,18,18,75.65,24.35,25.54,74.52,25.48,26.92,90.0,90.0,78.7,21.3,23.15,77.78,77.78,72.58,27.42,29.0,66.09,69.57,69.66,30.34,31.46,57.14,57.14,79.11,20.89,22.04,56.52,59.42,44.44,55.56,55.56,100.0,100.0,88.33,11.67,12.22,100.0,100.0,74.79,25.21,26.27,76.41,23.59,24.89,6.14,2.07,2.16,74.24,25.76,27.2,84.62,15.38,15.38,77.0,23.0,24.05,75.0,25.0,25.0
PUEBLO,29136,22215,6853,7702,3179,2533,649,759,1681,1291,382,437,16200,13084,3004,3619,91,60,31,33,8868,6774,2064,2400,1453,1103,325,403,1925,1711,209,227,14170,10794,3341,3734,14966,11421,3512,3968,193,139,54,56,601,396,204,226,15853,12409,3407,3929,11869,8852,2992,3276,171,63,67,83,47,50,1163,708,776,8,6,6,75,9,22,128,64,72,223,203,210,76.25,23.52,26.43,79.68,20.42,23.88,36.84,39.18,76.8,22.72,26.0,56.63,60.24,80.77,18.54,22.34,60.88,66.72,65.93,34.07,36.26,75.0,75.0,76.39,23.27,27.06,12.0,29.33,75.91,22.37,27.74,50.0,56.25,88.88,10.86,11.79,91.03,94.17,76.18,23.58,26.35,76.31,23.47,26.51,0.54,0.17,0.19,74.58,25.21,27.6,65.89,33.94,37.6,78.28,21.49,24.78,72.02,27.98,29.02
RIO BLANCO,1266,935,331,342,117,95,22,22,73,57,16,16,373,248,125,127,1,1,0,0,114,83,31,31,1,1,0,0,42,39,3,3,626,451,175,180,640,484,156,162,4,3,1,1,7,5,2,2,171,124,47,48,1061,788,273,283,5,5,5,2,2,2,15,13,13,0,0,0,1,0,0,0,0,0,6,6,6,73.85,26.15,27.01,81.2,18.8,18.8,100.0,100.0,78.08,21.92,21.92,100.0,100.0,66.49,33.51,34.05,86.67,86.67,100.0,0.0,0.0,0.0,0.0,72.81,27.19,27.19,0.0,0.0,100.0,0.0,0.0,0.0,0.0,92.86,7.14,7.14,100.0,100.0,72.04,27.96,28.75,75.62,24.38,25.31,11.51,4.47,4.59,74.27,25.73,26.67,71.43,28.57,28.57,72.51,27.49,28.07,75.0,25.0,25.0
RIO GRANDE,2463,1794,665,696,152,97,55,56,274,207,67,73,1198,887,309,332,74,45,29,32,1240,990,251,260,26,10,16,16,30,27,3,3,1211,874,335,352,1252,920,330,344,12,4,8,9,13,6,7,7,1400,1051,346,370,993,699,293,298,11,7,7,9,6,6,115,79,92,7,3,4,2,2,2,3,1,2,8,7,8,72.84,27.0,28.26,63.82,36.18,36.84,63.64,63.64,75.55,24.45,26.64,66.67,66.67,74.04,25.79,27.71,68.7,80.0,60.81,39.19,43.24,42.86,57.14,79.84,20.24,20.97,100.0,100.0,38.46,61.54,61.54,33.33,66.67,90.0,10.0,10.0,87.5,100.0,72.17,27.66,29.07,73.48,26.36,27.48,5.96,2.28,2.4,70.39,29.51,30.01,46.15,53.85,53.85,75.07,24.71,26.43,33.33,66.67,75.0
ROUTT,3346,2613,734,771,358,288,70,70,235,160,75,80,759,539,220,227,5,5,0,0,245,215,30,34,1,1,0,0,220,212,8,8,1601,1266,335,353,1745,1347,399,418,50,34,16,16,14,9,5,5,323,236,87,90,2900,2283,618,651,33,21,21,9,5,5,44,34,34,0,0,0,0,0,0,0,0,0,30,29,30,78.09,21.94,23.04,80.45,19.55,19.55,63.64,63.64,68.09,31.91,34.04,55.56,55.56,71.01,28.99,29.91,77.27,77.27,100.0,0.0,0.0,0.0,0.0,87.76,12.24,13.88,0.0,0.0,100.0,0.0,0.0,0.0,0.0,96.36,3.64,3.64,96.67,100.0,79.08,20.92,22.05,77.19,22.87,23.95,4.94,1.31,1.38,78.72,21.31,22.45,64.29,35.71,35.71,73.07,26.93,27.86,68.0,32.0,32.0
SAGUACHE,1027,697,330,356,88,60,28,29,253,170,83,93,796,562,234,255,118,57,61,70,674,457,217,239,123,60,63,70,5,5,0,0,513,354,159,172,514,343,171,184,2,1,1,2,4,2,2,2,642,469,173,191,347,206,141,148,9,6,6,10,6,6,58,46,46,6,3,3,22,18,18,8,6,6,2,2,2,67.87,32.13,34.66,68.18,31.82,32.95,66.67,66.67,67.19,32.81,36.76,60.0,60.0,70.6,29.4,32.04,79.31,79.31,48.31,51.69,59.32,50.0,50.0,67.8,32.2,35.46,81.82,81.82,48.78,51.22,56.91,75.0,75.0,100.0,0.0,0.0,100.0,100.0,69.01,30.99,33.53,66.73,33.27,35.8,13.45,6.04,6.54,59.37,40.63,42.65,50.0,50.0,50.0,73.05,26.95,29.75,50.0,50.0,100.0
SAN JUAN,84,45,39,40,7,4,3,3,17,9,8,9,51,30,21,22,0,0,0,0,28,19,9,10,1,0,1,1,13,9,4,4,32,15,17,18,52,30,22,22,0,0,0,0,0,0,0,0,25,11,14,15,59,34,25,25,0,0,0,1,1,1,2,2,2,0,0,0,1,1,1,1,1,1,0,0,0,53.57,46.43,47.62,57.14,42.86,42.86,0.0,0.0,52.94,47.06,52.94,100.0,100.0,58.82,41.18,43.14,100.0,100.0,0.0,0.0,0.0,0.0,0.0,67.86,32.14,35.71,100.0,100.0,0.0,100.0,100.0,100.0,100.0,69.23,30.77,30.77,0.0,0.0,46.88,53.12,56.25,57.69,42.31,42.31,146.5,166.0,175.78,57.63,42.37,42.37,0.0,0.0,0.0,44.0,56.0,60.0,0.0,0.0,0.0
SAN MIGUEL,1065,855,210,217,73,59,14,15,128,98,30,30,312,256,56,60,1,1,0,0,101,79,22,22,1,0,1,1,61,57,4,4,550,436,114,117,515,419,96,100,14,9,5,5,3,3,0,0,162,113,49,49,874,720,154,161,5,2,4,5,3,3,10,8,8,0,0,0,0,0,0,0,0,0,5,5,5,80.28,19.72,20.38,80.82,19.18,20.55,40.0,80.0,76.56,23.44,23.44,60.0,60.0,82.05,17.95,19.23,80.0,80.0,100.0,0.0,0.0,0.0,0.0,78.22,21.78,21.78,0.0,0.0,0.0,100.0,100.0,0.0,0.0,93.44,6.56,6.56,100.0,100.0,79.27,20.73,21.27,81.36,18.64,19.42,14.41,3.77,3.87,82.38,17.62,18.42,100.0,0.0,0.0,69.75,30.25,30.25,64.29,35.71,35.71
SEDGWICK,1655,467,1184,1203,132,70,62,64,6,6,0,0,313,190,122,124,0,0,0,0,39,33,5,6,0,0,0,0,23,17,6,6,991,246,741,754,664,221,443,449,14,0,14,14,60,7,53,53,330,98,232,233,1202,350,848,865,44,3,6,14,1,4,222,36,65,2,0,0,39,1,6,18,3,4,16,8,9,28.22,71.54,72.69,53.03,46.97,48.48,6.82,13.64,100.0,0.0,0.0,7.14,28.57,60.7,38.98,39.62,16.22,29.28,0.0,0.0,0.0,0.0,0.0,84.62,12.82,15.38,2.56,15.38,0.0,0.0,0.0,16.67,22.22,73.91,26.09,26.09,50.0,56.25,24.82,74.77,76.08,33.28,66.72,67.62,2.5,7.54,7.68,29.12,70.55,71.96,11.67,88.33,88.33,29.7,70.3,70.61,0.0,100.0,100.0
STATE TOTAL,939283,705064,231706,253577,84121,65593,18348,20784,135712,101683,33730,37912,369904,273934,94138,107242,2732,1725,988,1108,223008,156814,64601,73472,21337,11326,9665,11558,73344,66620,6641,7366,458512,344767,112568,122761,480771,360297,119138,130816,28964,22363,6568,7074,48049,31117,16622,18690,301035,219543,80495,90374,521342,403611,116715,124994,5775,3099,3222,6171,3289,3364,25718,15791,16726,384,214,223,7398,3853,4129,2394,1175,1262,6604,6048,6156,75.06,24.67,27.0,77.97,21.81,24.71,53.66,55.79,74.93,24.85,27.94,53.3,54.51,74.06,25.45,28.99,61.4,65.04,63.14,36.16,40.56,55.73,58.07,70.32,28.97,32.95,52.08,55.81,53.08,45.3,54.17,49.08,52.72,90.83,9.05,10.04,91.58,93.22,75.19,24.55,26.77,74.94,24.78,27.21,0.02,0.01,0.01,77.42,22.39,23.98,64.76,34.59,38.9,72.93,26.74,30.02,77.21,22.68,24.42
SUMMIT,3361,2614,746,782,323,273,50,54,844,692,152,166,1214,946,267,290,0,0,0,0,149,140,9,12,12,5,7,7,245,212,33,34,1618,1269,349,368,1743,1345,397,414,39,26,13,14,17,9,8,9,964,789,174,189,2240,1714,526,544,27,17,17,45,27,28,74,50,53,2,2,2,2,0,0,2,0,0,33,33,33,77.77,22.2,23.27,84.52,15.48,16.72,62.96,62.96,81.99,18.01,19.67,60.0,62.22,77.92,21.99,23.89,67.57,71.62,0.0,0.0,0.0,100.0,100.0,93.96,6.04,8.05,0.0,0.0,41.67,58.33,58.33,0.0,0.0,86.53,13.47,13.88,100.0,100.0,78.43,21.57,22.74,77.17,22.78,23.75,4.85,1.33,1.41,76.52,23.48,24.29,52.94,47.06,52.94,81.85,18.05,19.61,66.67,33.33,35.9
TELLER,3571,2460,1110,1170,287,188,99,104,39,25,14,14,511,187,324,344,0,0,0,0,379,247,132,147,34,18,16,18,82,67,15,15,1647,1142,505,539,1924,1318,605,631,24,16,8,9,18,12,6,6,284,188,96,100,3088,2145,942,995,19,15,16,3,2,2,95,71,78,0,0,0,0,0,0,14,9,10,12,11,11,68.89,31.08,32.76,65.51,34.49,36.24,78.95,84.21,64.1,35.9,35.9,66.67,66.67,36.59,63.41,67.32,74.74,82.11,0.0,0.0,0.0,0.0,0.0,65.17,34.83,38.79,0.0,0.0,52.94,47.06,52.94,64.29,71.43,81.71,18.29,18.29,91.67,91.67,69.34,30.66,32.73,68.5,31.44,32.8,4.21,1.86,1.99,69.46,30.51,32.22,66.67,33.33,33.33,66.2,33.8,35.21,66.67,33.33,37.5
WASHINGTON,943,723,215,224,106,78,26,28,19,13,6,6,420,288,127,135,17,5,12,12,194,134,58,61,4,0,4,4,50,50,0,0,477,349,125,132,466,374,90,92,4,2,2,2,2,2,0,0,120,78,42,42,804,628,171,180,7,4,4,2,2,2,32,30,30,1,1,1,7,7,7,1,1,1,8,8,8,76.67,22.8,23.75,73.58,24.53,26.42,57.14,57.14,68.42,31.58,31.58,100.0,100.0,68.57,30.24,32.14,93.75,93.75,29.41,70.59,70.59,100.0,100.0,69.07,29.9,31.44,100.0,100.0,0.0,100.0,100.0,100.0,100.0,100.0,0.0,0.0,100.0,100.0,73.17,26.21,27.67,80.26,19.31,19.74,15.34,5.49,5.8,78.11,21.27,22.39,100.0,0.0,0.0,65.0,35.0,35.0,50.0,50.0,50.0
WELD,42473,32343,10026,10906,3550,2715,840,917,8115,6539,1554,1763,20210,16119,3995,4620,678,424,242,286,9011,6796,2150,2446,726,305,412,490,2206,1981,220,235,20676,15799,4812,5248,21797,16544,5214,5658,553,352,200,209,542,335,204,221,19279,14924,4293,4825,21233,16115,5084,5385,246,158,164,328,247,251,1284,949,1000,73,55,57,99,57,58,106,67,71,232,225,229,76.15,23.61,25.68,76.48,23.66,25.83,64.23,66.67,80.58,19.15,21.73,75.3,76.52,79.76,19.77,22.86,73.91,77.88,62.54,35.69,42.18,75.34,78.08,75.42,23.86,27.14,57.58,58.59,42.01,56.75,67.49,63.21,66.98,89.8,9.97,10.65,96.98,98.71,76.41,23.27,25.38,75.9,23.92,25.96,0.37,0.11,0.12,75.9,23.94,25.36,61.81,37.64,40.77,77.41,22.27,25.03,63.65,36.17,37.79
YUMA,1933,1458,475,522,197,142,55,59,501,381,120,150,1104,779,325,361,94,59,35,42,672,504,168,186,66,13,53,56,47,44,3,3,974,740,234,262,959,718,241,260,3,3,0,0,5,2,3,4,691,511,180,217,1194,922,272,280,9,7,7,19,15,15,60,52,53,2,1,1,11,8,8,4,1,1,11,11,11,75.43,24.57,27.0,72.08,27.92,29.95,77.78,77.78,76.05,23.95,29.94,78.95,78.95,70.56,29.44,32.7,86.67,88.33,62.77,37.23,44.68,50.0,50.0,75.0,25.0,27.68,72.73,72.73,19.7,80.3,84.85,25.0,25.0,93.62,6.38,6.38,100.0,100.0,75.98,24.02,26.9,74.87,25.13,27.11,7.8,2.47,2.76,77.22,22.78,23.45,40.0,60.0,80.0,73.95,26.05,31.4,100.0,0.0,0.0
