county,school_dist,pupil_total,stable,mobile,mobile_instances,disabled_pupil_total,disabled_stable,disabled_mobile,disabled_mobile_instances,limited_eng_pupil_total,limited_eng_stable,limited_eng_mobile,limited_eng_mobile_instances,poor_pupil_total,poor_stable,poor_mobile,poor_mobile_instances,migrant_pupil_total,migrant_stable,migrant_mobile,migrant_mobile_instances,title_1_pupil_total,title_1_stable,title_1_mobile,title_1_mobile_instances,homeless_pupil_total,homeless_stable,homeless_mobile,homeless_mobile_instances,gifted_pupil_total,gifted_stable,gifted_mobile,gifted_mobile_instances,female_pupil_total,female_stable,female_mobile,female_mobile_instances,male_pupil_total,male_stable,male_mobile,male_mobile_instances,asian_pupil_total,asian_stable,asian_mobile,asian_mobile_instances,black_pupil_total,black_stable,black_mobile,black_mobile_instances,hispanic_pupil_total,hispanic_stable,hispanic_mobile,hispanic_mobile_instances,white_pupil_total,white_stable,white_mobile,white_mobile_instances,disabled_grad_base_total,disabled_graduated,disabled_completed,limited_eng_grad_base_total,limited_eng_graduated,limited_eng_completed,poor_grad_base_total,poor_graduated,poor_completed,migrant_grad_base_total,migrant_graduated,migrant_completed,title_1_grad_base_total,title_1_graduated,title_1_completed,homeless_grad_base_total,homeless_graduated,homeless_completed,gifted_grad_base_total,gifted_graduated,gifted_completed
STATE TOTAL,STATE TOTAL,939283,705064,231706,253577,84121,65593,18348,20784,135712,101683,33730,37912,369904,273934,94138,107242,2732,1725,988,1108,223008,156814,64601,73472,21337,11326,9665,11558,73344,66620,6641,7366,458512,344767,112568,122761,480771,360297,119138,130816,28964,22363,6568,7074,48049,31117,16622,18690,301035,219543,80495,90374,521342,403611,116715,124994,5775,3099,3222,6171,3289,3364,25718,15791,16726,384,214,223,7398,3853,4129,2394,1175,1262,6604,6048,6156
ADAMS,MAPLETON 1,9037,5077,3919,4133,735,469,261,279,2863,1890,963,1045,2729,1948,772,837,32,18,14,15,4045,2717,1317,1365,214,142,70,79,250,205,44,47,4450,2486,1946,2049,4587,2591,1973,2084,108,51,57,58,179,86,92,96,5599,3377,2194,2362,2807,1373,1422,1462,49,18,19,219,73,76,374,142,154,8,5,5,218,118,124,41,12,16,44,27,27
ADAMS,ADAMS 12 FIVE STAR SCHOOLS,49889,34283,15424,16854,4339,3001,1325,1501,6141,4149,1969,2248,18560,12191,6267,7138,93,79,14,16,8571,5618,2873,3369,705,290,403,481,3590,3225,361,404,24340,16773,7500,8121,25549,17510,7924,8733,2388,1936,450,505,1295,725,569,614,16458,11076,5304,6059,28603,19818,8691,9230,250,118,127,379,257,261,1100,627,673,25,12,12,224,80,98,106,62,65,227,201,208
ADAMS,ADAMS COUNTY 14,8265,5510,3038,3397,876,636,266,311,3826,2795,1235,1405,6657,4745,1961,2244,54,41,14,16,5555,3989,1537,1782,886,433,440,529,377,317,75,89,3966,2652,1482,1650,4299,2858,1556,1747,20,16,4,4,222,107,115,119,6722,4616,2366,2660,1178,699,502,559,59,32,32,170,86,88,469,309,316,13,4,4,419,296,301,99,52,57,30,27,27
ADAMS,BRIGHTON 27J,17152,13109,3982,4294,1405,1133,268,300,2404,1875,522,581,5986,4687,1275,1434,73,46,26,34,624,465,157,173,383,122,260,287,703,630,70,76,8452,6475,1943,2103,8700,6634,2039,2191,436,331,105,114,336,208,124,131,7523,5721,1776,1945,8298,6440,1829,1944,66,33,35,110,63,66,338,215,229,10,5,6,18,10,10,41,21,21,63,51,52
ADAMS,BENNETT 29J,1200,895,305,312,131,90,41,41,85,57,28,29,110,78,32,32,1,1,0,0,450,329,121,123,0,0,0,0,55,51,4,4,551,413,138,140,649,482,167,172,4,4,0,0,7,5,2,2,216,147,69,69,913,695,218,225,6,3,3,3,2,2,21,17,17,0,0,0,3,1,1,0,0,0,13,13,13
ADAMS,STRASBURG 31J,1052,828,224,227,128,102,26,26,40,29,11,11,240,188,52,54,0,0,0,0,42,33,9,9,0,0,0,0,42,42,0,0,489,384,105,107,563,444,119,120,17,14,3,3,19,9,10,10,118,88,30,31,886,709,177,179,14,12,12,5,3,3,45,36,36,0,0,0,3,3,3,0,0,0,5,4,4
ADAMS,WESTMINSTER 50,11951,7570,4330,4708,1234,832,401,438,5414,3744,1651,1810,9630,6183,3404,3728,61,47,14,16,4550,2856,1666,1834,1464,815,637,728,414,348,66,71,5846,3646,2178,2368,6105,3924,2152,2340,574,434,139,151,196,92,104,108,8461,5411,3014,3291,2437,1457,966,1042,65,26,27,238,147,147,452,270,278,7,6,6,50,21,22,73,43,45,20,14,14
ALAMOSA,ALAMOSA RE-11J,2420,1641,771,833,207,152,54,57,345,243,101,116,1786,1188,592,640,77,42,34,40,1201,790,411,426,84,26,58,60,26,21,5,5,1181,809,368,397,1239,832,403,436,23,16,7,7,12,7,5,5,1518,1053,459,510,814,538,275,285,14,12,13,26,19,19,118,79,82,11,4,4,5,1,1,6,6,6,0,0,0
ALAMOSA,SANGRE DE CRISTO RE-22J,355,241,114,117,16,7,9,9,23,22,1,1,222,147,75,78,10,10,0,0,353,241,112,115,0,0,0,0,12,10,2,2,173,111,62,64,182,130,52,53,2,0,2,2,2,1,1,1,97,80,17,18,244,155,89,91,1,1,1,0,0,0,12,9,10,0,0,0,23,21,22,0,0,0,0,0,0
ARAPAHOE,ENGLEWOOD 1,3496,2117,1364,1512,398,260,138,152,365,261,104,115,2056,1271,777,865,1,0,1,1,1577,1021,553,592,257,111,145,165,302,251,51,51,1673,1016,649,714,1823,1101,715,798,37,25,12,13,148,61,86,93,1282,755,522,576,1889,1202,678,755,52,21,21,8,4,4,191,76,85,0,0,0,50,13,15,30,9,12,22,11,12
ARAPAHOE,SHERIDAN 2,1848,1169,680,702,185,129,56,58,827,610,218,226,1448,1000,449,465,44,31,13,13,1226,783,444,459,117,64,53,57,54,44,10,10,902,563,339,349,946,606,341,353,40,31,9,9,86,40,46,49,1338,869,470,484,332,200,132,137,18,6,6,51,11,11,131,41,43,2,0,0,140,46,48,29,9,10,14,6,7
ARAPAHOE,CHERRY CREEK 5,56418,45451,10922,11301,5707,4845,860,901,5643,4657,979,1050,14337,11293,3023,3187,8,8,0,0,6058,4205,1831,1924,57,34,23,26,4231,4121,106,120,27427,22268,5132,5300,28991,23183,5790,6001,4486,3725,759,800,7179,5230,1942,2011,10364,7829,2525,2610,31361,26252,5090,5249,412,264,270,219,176,177,1100,894,915,1,1,1,67,53,56,16,12,12,343,328,330
ARAPAHOE,LITTLETON 6,16504,13418,3075,3203,1419,1148,268,292,1022,788,232,252,3696,2766,922,984,5,5,0,0,1365,1032,328,355,204,133,68,73,2618,2472,145,152,8082,6625,1452,1505,8422,6793,1623,1698,536,418,118,123,229,153,75,78,2699,2057,640,674,12296,10229,2062,2140,116,76,77,56,35,36,247,181,190,2,2,2,18,13,14,19,10,12,320,316,317
ARAPAHOE,DEER TRAIL 26J,185,130,55,61,24,13,11,11,5,1,4,4,94,58,36,41,0,0,0,0,20,17,3,3,0,0,0,0,3,3,0,0,86,59,27,31,99,71,28,30,2,2,0,0,1,1,0,0,18,10,8,9,162,117,45,50,4,3,3,0,0,0,11,10,10,0,0,0,0,0,0,0,0,0,0,0,0
ARAPAHOE,ADAMS-ARAPAHOE 28J,45673,31436,13911,15360,4043,3019,1002,1135,17490,12679,4685,5271,29784,21866,7656,8781,25,2,23,23,16745,11682,4877,5498,2297,1150,1073,1297,2435,2110,317,347,22044,15145,6747,7431,23629,16291,7164,7929,2009,1386,617,660,8242,5233,2938,3260,23087,16700,6211,6975,10070,6736,3275,3523,269,75,75,1039,303,306,2004,901,931,15,5,6,212,76,79,148,55,55,209,158,161
ARAPAHOE,BYERS 32J,515,388,127,130,66,47,19,19,18,16,2,2,243,170,73,76,1,0,1,1,23,17,6,6,1,1,0,0,11,10,1,1,257,198,59,61,258,190,68,69,3,3,0,0,5,3,2,2,56,43,13,13,436,330,106,109,3,3,3,0,0,0,10,10,10,0,0,0,1,1,1,1,1,1,1,1,1
ARCHULETA,ARCHULETA COUNTY 50 JT,1641,1218,422,452,125,100,25,28,120,94,26,28,885,630,254,275,7,7,0,0,1073,830,243,257,14,3,11,12,99,83,16,17,786,596,190,204,855,622,232,248,15,11,4,4,21,14,7,7,405,311,94,100,1150,858,292,313,11,5,5,0,0,0,59,38,40,0,0,0,0,0,0,5,1,1,12,10,11
BACA,WALSH RE-1,150,118,32,34,11,6,5,5,17,10,7,9,69,50,19,20,0,0,0,0,23,18,5,6,0,0,0,0,11,11,0,0,72,50,22,23,78,68,10,11,0,0,0,0,0,0,0,0,28,15,13,15,120,101,19,19,0,0,0,0,0,0,7,7,7,0,0,0,0,0,0,0,0,0,1,1,1
BACA,PRITCHETT RE-3,74,43,31,31,4,2,2,2,0,0,0,0,45,23,22,22,0,0,0,0,74,43,31,31,0,0,0,0,8,7,1,1,33,20,13,13,41,23,18,18,0,0,0,0,0,0,0,0,11,5,6,6,62,37,25,25,0,0,0,0,0,0,4,3,4,0,0,0,6,5,6,0,0,0,2,2,2
BACA,SPRINGFIELD RE-4,292,218,74,79,28,21,7,7,3,1,2,2,183,136,47,49,0,0,0,0,292,218,74,79,0,0,0,0,9,8,1,1,143,110,33,37,149,108,41,42,0,0,0,0,2,2,0,0,45,26,19,20,235,182,53,57,1,1,1,1,1,1,15,13,14,0,0,0,22,20,21,0,0,0,1,1,1
BACA,VILAS RE-5,418,160,258,261,21,10,11,11,0,0,0,0,117,54,63,65,2,0,2,2,0,0,0,0,0,0,0,0,2,2,0,0,211,72,139,141,207,88,119,120,1,0,1,1,12,8,4,4,106,30,76,77,284,120,164,166,7,3,3,1,1,1,53,10,18,1,0,0,9,2,3,0,0,0,1,1,1
BACA,CAMPO RE-6,54,38,16,16,6,6,0,0,0,0,0,0,38,30,8,8,0,0,0,0,14,12,2,2,0,0,0,0,1,1,0,0,33,22,11,11,21,16,5,5,0,0,0,0,0,0,0,0,7,4,3,3,47,34,13,13,1,1,1,0,0,0,3,3,3,0,0,0,1,1,1,0,0,0,1,1,1
BENT,LAS ANIMAS RE-1,569,429,140,147,66,45,21,23,3,3,0,0,458,355,103,109,1,1,0,0,431,339,92,98,0,0,0,0,20,18,2,2,291,218,73,79,278,211,67,68,7,3,4,4,12,10,2,2,237,189,48,51,309,223,86,90,10,5,5,0,0,0,25,18,18,0,0,0,15,11,11,0,0,0,3,3,3
BENT,MC CLAVE RE-2,296,246,50,51,17,15,2,2,31,25,6,6,181,143,38,39,9,5,4,4,145,125,20,21,0,0,0,0,19,19,0,0,144,120,24,24,152,126,26,27,0,0,0,0,1,1,0,0,96,80,16,16,196,164,32,33,1,1,1,2,2,2,14,13,13,1,1,1,2,2,2,0,0,0,3,3,3
BOULDER,ST VRAIN VALLEY RE 1J,29351,24282,5015,5364,2453,2096,354,382,5323,4566,750,830,10467,8650,1783,1993,60,50,10,12,333,304,29,34,936,490,431,508,2109,1975,134,138,14416,11946,2438,2614,14935,12336,2577,2750,1008,846,162,167,329,248,81,89,8436,6945,1475,1612,19003,15789,3183,3369,118,61,63,171,110,112,587,403,412,10,7,7,5,1,1,87,54,56,171,170,170
BOULDER,BOULDER VALLEY RE 2,31329,26465,4832,5099,2857,2469,388,414,3006,2461,541,577,6921,5387,1519,1651,2,0,2,2,2077,1728,344,371,800,511,286,324,4696,4348,348,374,15385,13032,2338,2473,15944,13433,2494,2626,1870,1533,334,352,281,185,96,100,5382,4393,982,1050,22114,18964,3129,3287,230,160,163,140,99,101,508,374,387,5,4,4,10,5,6,133,85,86,362,343,352
CHAFFEE,BUENA VISTA R-31,1077,803,273,295,93,79,14,17,3,2,1,1,451,333,118,125,0,0,0,0,68,56,12,12,1,0,1,1,22,20,2,2,536,398,137,146,541,405,136,149,7,6,1,1,9,7,2,2,102,73,29,30,922,693,228,246,8,6,7,0,0,0,34,26,27,0,0,0,4,3,3,1,0,0,6,6,6
CHAFFEE,SALIDA R-32,1201,904,295,314,98,76,22,23,35,24,11,11,496,397,98,111,0,0,0,0,870,624,245,260,8,4,4,5,62,59,3,4,576,448,127,134,625,456,168,180,12,10,2,2,0,0,0,0,174,126,48,54,973,737,234,246,9,6,6,5,5,5,25,19,19,0,0,0,69,61,62,2,1,1,11,11,11
CHEYENNE,KIT CARSON R-1,131,102,29,29,10,6,4,4,2,0,2,2,61,45,16,16,2,0,2,2,0,0,0,0,0,0,0,0,9,9,0,0,71,59,12,12,60,43,17,17,1,1,0,0,0,0,0,0,19,14,5,5,111,87,24,24,1,0,0,0,0,0,3,2,2,0,0,0,0,0,0,0,0,0,1,1,1
CHEYENNE,CHEYENNE COUNTY RE-5,208,145,63,65,30,23,7,8,28,12,16,16,89,56,33,35,4,1,3,3,20,15,5,5,0,0,0,0,4,3,1,1,89,60,29,29,119,85,34,36,0,0,0,0,2,0,2,2,47,22,25,25,158,123,35,36,1,0,0,1,1,1,7,5,6,2,2,2,0,0,0,0,0,0,0,0,0
CLEAR CREEK,CLEAR CREEK RE-1,1080,761,319,338,97,69,28,30,13,11,2,2,285,209,76,85,0,0,0,0,268,196,72,74,0,0,0,0,82,70,12,12,548,370,178,190,532,391,141,148,13,7,6,8,14,6,8,8,120,70,50,55,884,639,245,254,7,6,6,2,2,2,22,18,18,0,0,0,0,0,0,0,0,0,16,16,16
CONEJOS,NORTH CONEJOS RE-1J,1110,838,266,284,59,42,17,18,0,0,0,0,733,608,122,133,2,2,0,0,1036,814,216,231,1,0,1,1,29,26,3,3,557,416,139,149,553,422,127,135,7,0,7,7,6,5,1,1,658,498,154,169,416,316,100,102,11,11,11,1,1,1,64,57,57,0,0,0,69,63,63,0,0,0,0,0,0
CONEJOS,SANFORD 6J,369,287,82,82,27,19,8,8,2,2,0,0,245,188,57,57,0,0,0,0,210,163,47,47,2,0,2,2,48,43,5,5,203,153,50,50,166,134,32,32,3,0,3,3,0,0,0,0,107,77,30,30,252,205,47,47,3,1,2,0,0,0,10,7,8,0,0,0,1,1,1,1,0,0,5,5,5
CONEJOS,SOUTH CONEJOS RE-10,276,193,83,84,15,11,4,4,26,23,3,3,198,147,51,52,0,0,0,0,275,193,82,83,0,0,0,0,3,2,1,1,146,106,40,41,130,87,43,43,1,0,1,1,1,0,1,1,241,177,64,65,28,14,14,14,1,1,1,2,1,1,18,14,14,1,0,0,22,18,18,0,0,0,1,1,1
COSTILLA,CENTENNIAL R-1,269,179,90,102,20,17,3,4,38,34,4,4,238,161,77,87,1,1,0,0,269,179,90,102,47,19,28,33,0,0,0,0,131,88,43,49,138,91,47,53,0,0,0,0,0,0,0,0,237,172,65,72,29,6,23,28,1,1,1,10,10,10,14,13,13,0,0,0,17,15,15,4,4,4,0,0,0
COSTILLA,SIERRA GRANDE R-30,317,204,113,120,26,17,9,9,54,40,14,15,268,165,103,110,20,13,7,7,134,74,60,61,30,11,19,19,5,5,0,0,143,95,48,54,174,109,65,66,4,4,0,0,2,1,1,1,229,161,68,70,67,31,36,37,0,0,0,7,7,7,16,14,14,1,1,1,1,0,0,1,0,0,3,3,3
CROWLEY,CROWLEY COUNTY RE-1-J,578,382,196,203,60,35,25,26,5,2,3,3,419,262,157,163,2,2,0,0,578,382,196,203,0,0,0,0,11,9,2,2,271,175,96,101,307,207,100,102,0,0,0,0,4,2,2,2,139,86,53,57,385,257,128,131,4,3,3,0,0,0,31,28,30,0,0,0,38,36,37,1,1,1,0,0,0
CUSTER,CUSTER COUNTY SCHOOL DISTRICT C-1,480,361,119,121,50,44,6,6,0,0,0,0,212,142,70,70,0,0,0,0,178,128,50,51,0,0,0,0,38,35,3,3,238,182,56,57,242,179,63,64,7,7,0,0,5,4,1,1,20,6,14,14,436,336,100,102,5,5,5,0,0,0,20,18,18,0,0,0,0,0,0,0,0,0,7,6,6
DELTA,DELTA COUNTY 50(J),5630,4387,1222,1344,524,428,92,107,422,311,110,120,2821,2114,692,781,53,28,25,25,2272,1785,475,525,61,15,45,52,333,316,17,17,2735,2142,585,638,2895,2245,637,706,75,36,39,39,29,16,13,13,1154,936,214,242,4204,3285,905,985,44,30,30,30,22,22,238,188,193,5,5,5,2,0,0,10,4,5,40,39,39
DENVER,DENVER COUNTY 1,88761,64903,23124,27685,8815,6798,1944,2493,31131,24032,6919,8116,60056,47096,12398,15623,30,27,3,3,61769,44095,16980,20896,2080,1038,960,1299,11416,10028,1344,1606,43680,32063,11248,13251,45081,32840,11876,14434,2991,2203,782,870,13047,8868,4015,5004,51304,38413,12468,15171,17845,12952,4799,5383,614,235,254,1000,527,543,3745,2010,2153,42,21,23,3581,1893,2036,283,95,106,905,720,747
DOLORES,DOLORES COUNTY RE NO.2,318,229,89,91,25,16,9,9,0,0,0,0,146,102,44,45,0,0,0,0,161,119,42,43,0,0,0,0,11,11,0,0,156,116,40,41,162,113,49,50,0,0,0,0,1,1,0,0,21,9,12,13,266,202,64,65,1,1,1,0,0,0,11,9,10,0,0,0,2,2,2,0,0,0,1,1,1
DOUGLAS,DOUGLAS COUNTY RE 1,66965,55140,11722,12396,5677,4896,773,854,3254,2026,1225,1297,7219,5364,1852,1913,7,1,6,6,1644,935,709,763,678,399,276,335,4022,3733,286,303,32803,27070,5682,5992,34162,28070,6040,6404,2606,2157,445,486,1546,917,627,670,9325,6706,2605,2780,50557,43000,7481,7856,331,220,227,82,61,62,534,346,368,1,0,0,329,252,265,79,44,49,266,262,265
EAGLE,EAGLE COUNTY RE 50,6749,5472,1261,1365,584,507,76,88,2428,1965,455,505,2834,2278,547,612,28,22,6,6,1970,1602,361,406,87,42,45,50,527,462,65,68,3205,2631,568,621,3544,2841,693,744,67,57,10,12,25,19,6,6,3327,2711,605,665,3198,2584,610,647,31,18,18,142,68,68,149,113,113,2,2,2,1,0,0,11,7,7,45,43,44
ELBERT,ELIZABETH C-1,2804,2090,711,736,287,209,77,83,51,36,15,15,482,349,132,141,0,0,0,0,78,69,9,9,0,0,0,0,208,190,18,20,1362,1031,329,343,1442,1059,382,393,22,9,13,13,20,8,12,12,273,195,78,82,2396,1819,574,594,12,10,10,4,1,1,36,29,29,0,0,0,0,0,0,0,0,0,24,23,23
ELBERT,KIOWA C-2,437,323,114,115,40,32,8,8,14,12,2,2,161,130,31,31,0,0,0,0,48,40,8,8,2,1,1,1,16,12,4,4,218,157,61,62,219,166,53,53,3,3,0,0,5,4,1,1,38,25,13,13,376,283,93,94,1,1,1,2,2,2,10,10,10,0,0,0,0,0,0,2,2,2,1,1,1
ELBERT,BIG SANDY 100J,350,241,109,111,43,24,19,19,6,0,6,6,36,2,34,34,0,0,0,0,242,164,78,79,0,0,0,0,19,19,0,0,168,118,50,51,182,123,59,60,4,0,4,4,0,0,0,0,52,24,28,29,274,201,73,73,4,4,4,0,0,0,14,13,13,0,0,0,0,0,0,0,0,0,0,0,0
ELBERT,ELBERT 200,232,166,66,68,16,13,3,3,4,3,1,1,73,37,36,36,0,0,0,0,22,19,3,3,0,0,0,0,8,7,1,1,109,81,28,28,123,85,38,40,4,4,0,0,1,0,1,1,12,7,5,5,201,151,50,52,2,1,1,0,0,0,4,2,2,0,0,0,0,0,0,0,0,0,3,3,3
ELBERT,AGATE 300,16,5,13,13,3,1,3,3,1,0,1,1,13,3,11,11,0,0,0,0,11,5,7,7,0,0,0,0,0,0,0,0,11,2,9,9,5,3,4,4,0,0,0,0,0,0,0,0,3,0,3,3,13,5,10,10,0,0,0,0,0,0,0,0,0,0,0,0,0,0,0,0,0,0,0,0,0
EL PASO,CALHAN RJ-1,645,404,291,304,63,44,23,23,1,1,0,0,209,145,81,88,0,0,0,0,67,53,26,29,0,0,0,0,30,26,5,5,333,210,145,154,312,194,146,150,12,7,5,5,7,4,3,3,63,30,42,45,550,356,235,245,5,4,4,0,0,0,23,21,21,0,0,0,6,6,6,1,1,1,5,5,5
EL PASO,HARRISON 2,13926,7941,5872,6343,1208,727,473,528,2019,1503,493,561,9691,5814,3779,4172,1,0,1,1,7173,4034,3065,3355,60,13,47,51,486,426,58,62,6857,3988,2818,3027,7069,3953,3054,3316,752,370,379,406,2336,1482,837,913,5514,3374,2085,2286,4815,2424,2357,2506,48,28,28,66,44,44,385,287,293,1,1,1,6,4,4,8,6,6,48,44,44
EL PASO,WIDEFIELD 3,10617,7215,3380,3687,1174,891,281,320,297,195,99,114,4532,3289,1231,1390,3,2,1,1,552,412,139,151,93,28,64,76,273,238,34,42,5176,3514,1651,1792,5441,3701,1729,1895,150,109,41,43,1201,768,431,473,2665,1825,835,925,5552,3802,1735,1878,81,41,43,9,6,6,257,183,190,0,0,0,9,4,5,24,13,14,14,12,12
EL PASO,FOUNTAIN 8,9827,5302,4489,4738,1043,649,393,422,564,312,251,260,4283,2466,1796,1934,3,3,0,0,2031,971,1046,1129,323,148,173,194,431,304,126,133,4718,2475,2225,2351,5109,2827,2264,2387,178,85,89,97,1363,719,635,659,2162,1213,941,988,5273,2803,2456,2609,32,23,23,9,8,8,161,122,124,0,0,0,3,2,2,39,26,26,1,1,1
EL PASO,COLORADO SPRINGS 11,34548,23868,10560,12693,2465,1757,700,934,3558,2509,1038,1239,18399,12100,6200,7456,23,13,10,11,5869,3994,1826,2184,1567,757,789,1019,2878,2519,355,428,16867,11741,5070,6105,17681,12127,5490,6588,641,453,186,215,2709,1555,1140,1384,10087,6925,3116,3828,18129,12880,5203,6179,189,66,69,125,60,63,1142,621,678,1,0,0,47,17,20,88,34,37,250,225,231
EL PASO,CHEYENNE MOUNTAIN 12,5059,3785,1274,1300,276,223,53,56,190,132,58,60,814,553,261,268,0,0,0,0,982,685,297,299,5,2,3,3,637,583,54,54,2511,1872,639,652,2548,1913,635,648,170,134,36,36,146,88,58,58,704,472,232,233,3798,2923,875,899,20,16,17,2,2,2,30,23,24,0,0,0,1,1,1,1,0,0,62,61,61
EL PASO,MANITOU SPRINGS 14,1682,1146,537,537,113,85,28,28,9,8,1,1,473,314,159,159,0,0,0,0,100,75,25,25,3,0,3,3,111,99,12,12,818,559,260,260,864,587,277,277,16,11,5,5,6,5,1,1,158,117,41,41,1406,958,449,449,5,5,5,0,0,0,44,37,41,0,0,0,1,1,1,0,0,0,11,11,11
EL PASO,ACADEMY 20,25881,20007,5853,6077,1898,1528,368,395,561,363,197,205,3722,2572,1144,1224,0,0,0,0,263,197,65,69,28,21,7,7,2667,2405,262,264,12613,9738,2865,2968,13268,10269,2988,3109,954,742,212,222,843,559,283,296,3151,2266,883,914,19372,15316,4038,4189,111,65,69,28,21,21,276,210,216,0,0,0,2,2,2,11,6,6,294,287,290
EL PASO,ELLICOTT 22,1233,736,496,506,160,89,71,74,107,88,19,19,793,492,300,305,2,2,0,0,538,355,183,183,0,0,0,0,35,30,5,5,582,344,237,241,651,392,259,265,5,0,5,5,31,8,23,24,256,182,74,75,891,515,375,382,4,1,1,1,1,1,37,30,31,1,1,1,24,23,23,2,1,1,1,1,1
EL PASO,PEYTON 23 JT,734,562,172,182,62,49,13,14,8,5,3,3,216,153,63,70,3,2,1,1,377,290,87,91,2,2,0,0,33,32,1,2,349,266,83,86,385,296,89,96,5,3,2,2,6,2,4,4,67,42,25,28,621,495,126,132,4,4,4,0,0,0,17,17,17,0,0,0,0,0,0,0,0,0,2,2,2
EL PASO,HANOVER 28,292,143,149,154,32,19,13,13,32,16,16,16,227,104,123,128,12,7,5,5,292,143,149,154,31,14,17,18,6,4,2,2,152,74,78,82,140,69,71,72,3,0,3,3,9,0,9,9,114,65,49,53,160,74,86,87,2,2,2,2,2,2,12,10,10,1,1,1,14,12,12,2,2,2,0,0,0
EL PASO,LEWIS-PALMER 38,6422,5105,1312,1365,517,428,89,93,310,250,60,64,725,520,204,222,0,0,0,0,91,68,23,23,5,1,4,4,900,830,69,74,3062,2407,652,682,3360,2698,660,683,182,145,37,38,67,44,23,23,621,476,145,151,5241,4176,1060,1104,33,16,16,11,11,11,51,40,40,0,0,0,2,1,1,1,1,1,85,82,84
EL PASO,FALCON 49,17388,12379,5031,5301,1590,1207,379,413,618,449,168,179,3593,2666,914,993,0,0,0,0,2759,1810,931,983,24,13,11,14,584,522,68,70,8375,5938,2461,2577,9013,6441,2570,2724,552,448,105,108,1272,834,441,469,3122,2143,986,1037,11226,8160,3081,3233,78,50,50,23,18,18,258,213,213,0,0,0,2,1,1,7,6,6,86,83,83
EL PASO,EDISON 54 JT,214,141,73,74,20,10,10,10,0,0,0,0,61,49,12,12,0,0,0,0,18,15,3,3,0,0,0,0,8,8,0,0,109,74,35,35,105,67,38,39,0,0,0,0,0,0,0,0,14,9,5,5,200,132,68,69,2,2,2,0,0,0,8,6,6,0,0,0,3,3,3,0,0,0,5,3,3
EL PASO,MIAMI/YODER 60 JT,357,193,164,169,32,18,14,15,7,4,3,3,203,115,88,89,0,0,0,0,239,134,105,108,0,0,0,0,5,4,1,1,175,95,80,81,182,98,84,88,0,0,0,0,3,0,3,3,51,28,23,23,279,151,128,133,2,1,1,0,0,0,10,9,9,0,0,0,1,1,1,0,0,0,0,0,0
FREMONT,CANON CITY RE-1,4271,3211,1037,1129,535,419,115,126,33,29,4,4,16,1,15,15,0,0,0,0,1803,1349,438,480,10,0,10,10,299,273,25,27,2114,1609,493,536,2157,1602,544,593,26,21,5,5,29,22,7,7,532,370,159,171,3536,2694,822,898,42,22,22,0,0,0,171,94,108,0,0,0,11,4,8,5,0,2,26,24,24
FREMONT,FREMONT RE-2,1866,1314,551,595,220,161,59,63,28,22,6,6,929,693,236,260,0,0,0,0,1302,920,382,406,0,0,0,0,59,56,3,4,915,647,268,287,951,667,283,308,8,7,1,1,8,8,0,0,257,190,67,70,1505,1057,447,488,9,7,7,1,1,1,60,47,51,0,0,0,28,24,26,1,1,1,9,8,9
FREMONT,COTOPAXI RE-3,235,167,68,69,27,15,12,12,0,0,0,0,130,84,46,47,0,0,0,0,235,167,68,69,0,0,0,0,11,10,1,1,109,82,27,27,126,85,41,42,1,1,0,0,0,0,0,0,19,12,7,7,206,149,57,58,2,1,1,0,0,0,10,8,9,0,0,0,14,11,12,0,0,0,2,2,2
GARFIELD,ROARING FORK RE-1,5742,4569,1160,1281,408,351,56,61,2288,1977,307,366,1930,1664,265,300,14,10,4,4,2469,1987,473,517,0,0,0,0,332,306,26,27,2765,2205,554,606,2977,2364,606,675,51,44,7,7,12,4,8,8,2922,2362,551,632,2617,2054,559,596,34,27,28,69,40,40,101,73,73,1,1,1,0,0,0,0,0,0,39,39,39
GARFIELD,GARFIELD RE-2,5185,3942,1235,1322,367,273,94,100,1033,824,207,226,2643,2061,578,636,28,20,8,8,1495,1046,445,474,129,89,39,44,295,260,35,38,2494,1919,571,613,2691,2023,664,709,25,13,12,12,22,10,12,12,2187,1721,463,504,2833,2114,715,760,21,16,16,44,28,32,149,90,111,0,0,0,7,0,2,6,5,6,18,16,18
GARFIELD,GARFIELD 16,1275,854,423,454,112,65,47,50,237,163,74,77,637,433,204,229,4,0,4,4,504,327,177,189,5,0,5,8,28,23,5,5,597,406,192,210,678,448,231,244,2,1,1,1,4,0,4,4,416,294,123,132,777,499,279,299,4,3,3,7,6,6,48,36,37,1,1,1,0,0,0,1,1,1,1,1,1
GILPIN,GILPIN COUNTY RE-1,416,288,128,135,47,31,16,19,2,2,0,0,124,73,51,54,0,0,0,0,22,14,8,9,2,1,1,1,32,27,5,5,200,144,56,60,216,144,72,75,7,6,1,1,5,1,4,6,48,30,18,19,337,242,95,98,5,2,2,1,1,1,8,5,5,0,0,0,0,0,0,1,1,1,2,2,2
GRAND,WEST GRAND 1-JT.,476,380,96,101,47,37,10,10,45,38,7,7,162,138,24,25,0,0,0,0,229,177,52,54,3,0,3,3,25,24,1,1,229,173,56,61,247,207,40,40,0,0,0,0,0,0,0,0,95,79,16,16,368,290,78,83,1,1,1,0,0,0,5,5,5,0,0,0,0,0,0,0,0,0,1,1,1
GRAND,EAST GRAND 2,1398,1080,315,335,139,109,30,31,139,104,35,38,382,308,73,85,0,0,0,0,123,104,19,19,2,2,0,0,94,78,16,16,678,531,145,154,720,549,170,181,7,5,2,2,11,5,5,7,149,105,43,49,1204,948,255,267,4,1,2,9,4,4,27,11,17,1,1,1,1,1,1,1,0,0,6,5,5
GUNNISON,GUNNISON WATERSHED RE1J,1936,1552,384,424,123,104,19,21,161,139,22,27,529,383,146,159,3,2,1,1,90,71,19,23,2,0,2,2,232,207,25,27,955,755,200,219,981,797,184,205,8,7,1,1,2,1,1,1,290,235,55,60,1580,1273,307,340,9,6,7,10,5,5,26,20,20,2,1,1,0,0,0,0,0,0,11,11,11
HINSDALE,HINSDALE COUNTY RE 1,93,69,24,24,7,6,1,1,1,1,0,0,23,12,11,11,0,0,0,0,27,25,2,2,0,0,0,0,4,4,0,0,42,31,11,11,51,38,13,13,2,1,1,1,1,0,1,1,7,3,4,4,81,65,16,16,1,1,1,0,0,0,0,0,0,0,0,0,1,1,1,0,0,0,1,1,1
HUERFANO,HUERFANO RE-1,614,438,176,190,72,57,15,20,2,2,0,0,473,329,144,157,4,3,1,1,451,331,120,129,0,0,0,0,8,6,2,3,301,212,89,95,313,226,87,95,4,2,2,2,7,1,6,6,394,311,83,89,184,108,76,84,5,4,5,0,0,0,33,25,28,0,0,0,4,3,3,0,0,0,5,5,5
HUERFANO,LA VETA RE-2,262,169,92,96,25,18,7,7,4,0,4,4,139,86,52,53,0,0,0,0,27,23,4,4,0,0,0,0,14,12,2,2,135,90,44,47,127,79,48,49,0,0,0,0,0,0,0,0,82,50,31,32,177,118,59,62,2,2,2,1,0,0,9,8,8,0,0,0,0,0,0,0,0,0,2,2,2
JACKSON,NORTH PARK R-1 ,205,151,54,60,26,19,7,9,23,19,4,4,117,81,36,41,0,0,0,0,103,67,36,41,2,0,2,2,7,6,1,1,105,78,27,30,100,73,27,30,0,0,0,0,0,0,0,0,43,36,7,8,156,114,42,47,2,1,1,1,1,1,8,6,6,0,0,0,13,12,12,0,0,0,2,2,2
JEFFERSON,JEFFERSON COUNTY R-1,90678,74398,16049,17618,7762,6429,1306,1496,6700,4710,1978,2157,29789,23622,6017,6950,67,54,13,13,10839,7752,3011,3420,2900,1730,1133,1305,10053,9466,578,649,44122,36303,7721,8426,46556,38095,8328,9192,2797,2324,472,515,1146,753,387,421,22211,16654,5472,6065,60676,51569,8980,9802,602,378,392,398,205,209,2090,1351,1423,12,3,3,295,157,165,247,144,151,933,891,900
KIOWA,EADS RE-1,192,139,53,53,21,14,7,7,4,3,1,1,77,52,25,25,2,0,2,2,20,14,6,6,0,0,0,0,11,9,2,2,87,57,30,30,105,82,23,23,2,0,2,2,4,1,3,3,23,17,6,6,158,117,41,41,0,0,0,0,0,0,9,8,9,0,0,0,0,0,0,0,0,0,3,3,3
KIOWA,PLAINVIEW RE-2,98,56,42,43,17,9,8,9,0,0,0,0,64,37,27,28,1,0,1,1,25,17,8,9,0,0,0,0,4,3,1,1,47,27,20,21,51,29,22,22,0,0,0,0,1,0,1,1,14,6,8,8,82,49,33,34,0,0,0,0,0,0,1,0,1,0,0,0,0,0,0,0,0,0,1,1,1
KIT CARSON,ARRIBA-FLAGLER C-20,164,129,35,37,17,13,4,4,0,0,0,0,81,54,27,29,0,0,0,0,16,12,4,4,9,0,9,9,2,2,0,0,71,56,15,17,93,73,20,20,1,0,1,1,1,1,0,0,8,3,5,7,151,123,28,28,1,1,1,0,0,0,3,2,2,0,0,0,0,0,0,0,0,0,1,1,1
KIT CARSON,HI-PLAINS R-23,125,93,32,32,11,6,5,5,6,5,1,1,73,55,18,18,0,0,0,0,12,7,5,5,0,0,0,0,7,7,0,0,62,47,15,15,63,46,17,17,0,0,0,0,3,3,0,0,18,14,4,4,102,74,28,28,2,1,1,0,0,0,5,4,4,0,0,0,0,0,0,0,0,0,0,0,0
KIT CARSON,STRATTON R-4,189,128,61,61,38,26,12,12,18,12,6,6,113,74,39,39,3,3,0,0,15,10,5,5,0,0,0,0,20,16,4,4,88,57,31,31,101,71,30,30,0,0,0,0,0,0,0,0,35,23,12,12,154,105,49,49,4,3,4,1,1,1,10,9,10,1,1,1,0,0,0,0,0,0,6,6,6
KIT CARSON,BETHUNE R-5,156,99,57,57,9,2,7,7,33,23,10,10,109,64,45,45,1,1,0,0,20,18,2,2,0,0,0,0,8,5,3,3,71,39,32,32,85,60,25,25,2,1,1,1,0,0,0,0,54,37,17,17,100,61,39,39,0,0,0,1,1,1,7,7,7,1,1,1,0,0,0,0,0,0,2,2,2
KIT CARSON,BURLINGTON RE-6J,845,643,202,208,83,61,22,24,198,162,36,40,471,343,128,132,39,34,5,5,171,139,32,32,23,6,17,17,25,23,2,2,418,317,101,103,427,326,101,105,3,2,1,1,9,9,0,0,314,247,67,71,506,378,128,130,8,4,4,15,11,11,31,24,24,7,4,4,1,1,1,5,3,3,2,2,2
LAKE,LAKE COUNTY R-1,1246,930,316,336,128,100,28,31,467,357,110,119,862,665,197,213,3,3,0,0,139,108,31,33,8,1,7,7,60,50,10,10,616,460,156,168,630,470,160,168,1,0,1,1,3,1,2,2,843,656,187,202,352,253,99,103,10,3,4,24,13,13,43,29,29,3,1,1,0,0,0,0,0,0,8,8,8
LA PLATA,DURANGO 9-R,5088,3806,1273,1348,429,331,99,107,161,112,49,55,1738,1253,479,522,0,0,0,0,1354,1105,244,270,54,23,27,31,407,344,63,64,2489,1896,590,631,2599,1910,683,717,55,40,15,15,35,19,16,16,883,622,256,282,3735,2869,864,900,34,22,23,5,2,2,116,67,80,0,0,0,0,0,0,3,0,2,49,47,48
LA PLATA,BAYFIELD 10 JT-R,1569,1161,412,438,127,93,38,43,26,19,7,9,512,334,178,189,2,2,0,0,54,43,11,11,10,4,6,6,114,106,8,9,771,573,200,212,798,588,212,226,5,4,1,1,3,1,2,2,221,141,80,88,1246,960,289,305,4,4,4,1,1,1,15,12,13,0,0,0,0,0,0,0,0,0,9,9,9
LA PLATA,IGNACIO 11 JT,877,615,261,288,98,80,18,21,43,28,15,15,429,367,62,67,0,0,0,0,481,347,133,149,2,1,1,1,60,53,7,7,410,286,124,140,467,329,137,148,3,1,2,2,5,5,0,0,274,201,73,80,300,222,77,85,8,3,3,2,2,2,31,22,22,0,0,0,1,1,1,1,0,0,6,6,6
LARIMER,POUDRE R-1,29031,24159,4808,5476,2253,1859,391,479,2280,1818,464,581,8132,7000,1094,1450,44,33,11,11,2010,1571,428,494,721,497,217,268,2627,2479,146,169,14257,11876,2348,2675,14774,12283,2460,2801,979,762,217,254,406,297,107,128,4995,3984,996,1199,21515,18202,3269,3637,190,110,114,121,88,88,617,448,469,4,3,3,5,1,1,113,77,81,274,268,270
BOULDER,THOMPSON R2-J,16906,13276,3565,3885,1756,1456,295,326,620,476,144,162,5735,4436,1262,1429,14,3,11,11,2439,1831,588,679,355,162,189,212,1651,1541,109,122,8189,6457,1704,1845,8717,6819,1861,2040,250,196,54,57,168,113,55,60,3104,2335,757,829,12918,10278,2587,2812,118,61,64,23,10,10,407,249,276,2,1,1,4,2,2,33,15,18,128,121,124
LARIMER,PARK (ESTES PARK) R-3,1272,972,295,308,98,78,20,20,177,141,36,37,449,332,114,121,1,1,0,0,121,90,31,31,11,4,7,7,137,124,13,14,585,457,127,131,687,515,168,177,19,15,4,4,13,13,0,0,270,203,67,69,931,721,205,216,8,4,4,6,3,3,26,18,18,1,0,0,1,0,0,5,3,3,21,21,21
LAS ANIMAS,TRINIDAD 1,1594,1163,430,463,189,150,39,43,69,53,16,16,1081,788,292,315,0,0,0,0,793,576,217,235,12,0,12,13,19,18,1,1,809,595,213,225,785,568,217,238,23,19,4,4,17,9,8,8,1039,788,250,274,479,325,154,163,12,9,10,1,1,1,79,66,70,0,0,0,2,1,1,0,0,0,3,3,3
LAS ANIMAS,PRIMERO REORGANIZED 2,239,115,124,124,20,8,12,12,4,3,1,1,92,43,49,49,2,1,1,1,36,18,18,18,0,0,0,0,5,4,1,1,111,57,54,54,128,58,70,70,1,1,0,0,3,0,3,3,92,50,42,42,141,64,77,77,0,0,0,1,1,1,5,3,3,0,0,0,0,0,0,0,0,0,2,2,2
LAS ANIMAS,HOEHNE REORGANIZED 3,376,270,106,106,36,26,10,10,5,4,1,1,139,87,52,52,4,4,0,0,29,24,5,5,1,1,0,0,6,5,1,1,181,127,54,54,195,143,52,52,2,2,0,0,0,0,0,0,160,114,46,46,207,151,56,56,1,1,1,0,0,0,8,8,8,0,0,0,0,0,0,1,1,1,1,1,1
LAS ANIMAS,AGUILAR REORGANIZED 6,123,56,66,69,16,12,4,4,5,4,1,1,85,45,40,41,0,0,0,0,123,56,66,69,0,0,0,0,1,1,0,0,55,27,28,28,68,29,38,41,0,0,0,0,0,0,0,0,64,31,32,34,58,25,33,34,3,0,0,0,0,0,12,6,6,0,0,0,13,7,7,1,0,0,0,0,0
LAS ANIMAS,BRANSON REORGANIZED 82,600,220,380,385,21,9,12,12,3,0,3,3,91,58,33,33,0,0,0,0,0,0,0,0,0,0,0,0,36,28,8,9,339,122,217,220,261,98,163,165,4,1,3,3,28,7,21,21,147,46,101,101,388,151,237,240,2,0,0,0,0,0,19,7,8,0,0,0,2,1,2,1,0,0,1,1,1
LAS ANIMAS,KIM REORGANIZED 88,61,47,14,14,1,1,0,0,0,0,0,0,37,28,9,9,2,0,2,2,7,7,0,0,0,0,0,0,2,1,1,1,29,23,6,6,32,24,8,8,0,0,0,0,0,0,0,0,11,5,6,6,50,42,8,8,0,0,0,0,0,0,3,3,3,0,0,0,0,0,0,0,0,0,1,1,1
LINCOLN,GENOA-HUGO C113,190,134,56,58,25,17,8,8,0,0,0,0,107,72,35,37,0,0,0,0,25,21,4,4,0,0,0,0,0,0,0,0,89,65,24,25,101,69,32,33,0,0,0,0,4,2,2,3,8,3,5,5,178,129,49,50,2,0,0,0,0,0,10,4,4,0,0,0,1,0,0,0,0,0,0,0,0
LINCOLN,LIMON RE-4J,542,369,173,177,61,49,12,12,22,12,10,10,251,172,79,81,0,0,0,0,206,131,75,76,15,1,14,14,32,29,3,3,268,184,84,84,274,185,89,93,5,3,2,2,14,10,4,4,51,34,17,17,455,309,146,150,8,6,6,1,1,1,22,18,18,0,0,0,3,2,2,1,1,1,1,1,1
LINCOLN,KARVAL RE-23,265,93,172,176,27,9,18,18,0,0,0,0,71,31,40,41,0,0,0,0,3,3,0,0,2,0,2,2,2,2,0,0,127,48,79,81,138,45,93,95,5,3,2,2,6,2,4,4,22,5,17,17,229,82,147,151,2,1,1,1,0,0,20,11,13,0,0,0,3,1,2,3,2,2,1,1,1
LOGAN,VALLEY RE-1,2501,1916,583,630,301,239,61,70,165,131,34,35,1233,936,295,323,9,5,4,4,1150,883,267,286,20,7,13,16,176,162,14,15,1195,911,283,309,1306,1005,300,321,17,10,7,7,20,10,10,11,638,490,147,160,1732,1341,390,421,22,12,14,3,2,2,87,56,61,3,2,2,2,1,1,4,2,3,27,25,25
LOGAN,FRENCHMAN RE-3,196,153,43,44,21,14,7,7,1,1,0,0,95,68,27,27,0,0,0,0,29,19,10,10,0,0,0,0,6,6,0,0,102,79,23,24,94,74,20,20,2,1,1,1,1,0,1,1,24,19,5,5,167,131,36,37,2,2,2,0,0,0,3,3,3,0,0,0,0,0,0,0,0,0,3,3,3
LOGAN,BUFFALO RE-4J,339,279,60,60,33,23,10,10,6,2,4,4,119,88,31,31,0,0,0,0,51,38,13,13,0,0,0,0,8,8,0,0,162,136,26,26,177,143,34,34,4,2,2,2,10,10,0,0,30,22,8,8,288,238,50,50,2,2,2,0,0,0,10,10,10,0,0,0,0,0,0,0,0,0,0,0,0
LOGAN,PLATEAU RE-5,192,151,41,42,17,15,2,2,1,1,0,0,77,64,13,14,0,0,0,0,14,13,1,1,0,0,0,0,9,9,0,0,77,58,19,19,115,93,22,23,0,0,0,0,0,0,0,0,6,2,4,4,183,146,37,38,0,0,0,0,0,0,4,4,4,0,0,0,2,2,2,0,0,0,1,1,1
MESA,DE BEQUE 49JT,149,73,76,81,12,4,8,8,2,2,0,0,72,32,40,44,0,0,0,0,40,27,13,14,0,0,0,0,3,3,0,0,59,29,30,32,90,44,46,49,0,0,0,0,0,0,0,0,17,6,11,11,126,65,61,66,0,0,0,0,0,0,4,3,3,0,0,0,0,0,0,0,0,0,2,2,2
MESA,PLATEAU VALLEY 50,653,359,294,299,64,28,36,36,17,8,9,9,160,99,61,62,0,0,0,0,72,59,13,13,0,0,0,0,2,1,1,1,276,159,117,119,377,200,177,180,4,3,1,1,35,13,22,23,137,60,77,77,459,276,183,186,23,5,5,5,0,0,67,17,29,0,0,0,18,7,9,3,0,0,2,1,2
MESA,MESA COUNTY VALLEY 51,23983,18809,5029,5806,2376,1969,390,473,1566,1238,322,387,494,280,207,259,110,72,37,46,4575,3536,980,1180,388,209,173,216,1267,1177,87,102,11660,9151,2435,2800,12323,9658,2594,3006,187,142,45,48,172,126,43,49,5205,4136,1033,1250,17270,13579,3590,4090,192,111,114,100,64,66,538,365,379,16,10,10,9,4,5,65,34,38,133,129,129
MINERAL,CREEDE SCHOOL DISTRICT,104,64,40,40,3,2,1,1,0,0,0,0,48,32,16,16,0,0,0,0,104,64,40,40,0,0,0,0,4,3,1,1,48,30,18,18,56,34,22,22,1,0,1,1,0,0,0,0,18,9,9,9,81,54,27,27,0,0,0,0,0,0,2,1,1,0,0,0,9,8,8,0,0,0,0,0,0
MOFFAT,MOFFAT COUNTY RE:NO 1,2448,1875,573,638,213,164,50,56,254,194,59,75,1113,864,249,300,0,0,0,0,126,111,15,19,32,7,24,31,94,81,13,15,1163,889,275,312,1285,986,298,326,8,6,3,4,10,8,2,2,507,384,122,141,1850,1421,429,472,10,8,8,4,3,3,68,44,46,0,0,0,0,0,0,8,2,2,2,2,2
MONTEZUMA,MONTEZUMA-CORTEZ RE-1,3250,2246,986,1119,316,245,69,80,276,183,92,102,1950,1382,556,653,7,7,0,0,1515,1108,389,449,0,0,0,0,165,144,21,22,1574,1084,481,538,1676,1162,505,581,15,11,4,4,15,14,1,2,577,416,157,175,1677,1176,488,543,27,11,11,41,14,14,132,55,59,0,0,0,0,0,0,1,0,0,13,12,12
MONTEZUMA,DOLORES RE-4A,780,552,228,230,65,43,22,22,9,8,1,1,337,232,105,107,0,0,0,0,415,287,128,128,0,0,0,0,36,31,5,5,374,265,109,110,406,287,119,120,5,3,2,2,6,4,2,2,63,45,18,18,666,477,189,191,1,0,0,2,1,2,21,17,18,0,0,0,0,0,0,0,0,0,4,4,4
MONTEZUMA,MANCOS RE-6,449,304,146,151,26,22,5,6,33,20,13,13,287,188,100,104,2,2,0,0,29,18,11,11,11,3,8,8,35,27,8,8,211,132,79,83,238,172,67,68,0,0,0,0,3,0,3,3,75,41,34,35,334,241,94,98,2,2,2,1,1,1,13,12,13,0,0,0,0,0,0,2,2,2,3,3,3
MONTROSE,MONTROSE COUNTY RE-1J,6747,5229,1484,1693,567,451,113,128,1080,879,196,234,3766,2954,789,958,92,54,34,43,3080,2362,703,811,254,103,145,183,471,431,40,41,3267,2562,688,782,3480,2667,796,911,31,23,8,8,31,22,9,9,2414,1919,483,560,4042,3105,916,1037,31,13,13,54,33,33,266,187,190,9,1,2,6,1,1,19,11,11,49,47,49
MONTROSE,WEST END RE-2,351,254,97,103,43,32,11,13,10,3,7,7,179,125,54,59,0,0,0,0,47,32,15,16,1,1,0,0,3,3,0,0,185,134,51,56,166,120,46,47,1,1,0,0,5,4,1,1,34,12,22,22,302,231,71,77,1,1,1,0,0,0,5,3,3,0,0,0,0,0,0,0,0,0,1,1,1
MORGAN,BRUSH RE-2(J),1603,1244,359,396,140,101,39,40,272,236,36,46,893,688,205,236,31,16,15,18,107,92,15,20,35,5,30,38,142,132,10,11,806,623,183,203,797,621,176,193,4,4,0,0,17,11,6,6,789,623,166,188,755,577,178,193,10,6,7,10,8,8,61,44,50,4,3,3,2,2,2,6,2,4,7,7,7
MORGAN,FORT MORGAN RE-3,3403,2629,770,843,326,255,70,83,1181,931,249,269,2316,1809,504,568,192,98,93,100,1285,987,296,327,123,37,86,95,172,161,11,11,1654,1282,369,408,1749,1347,401,435,15,9,6,6,139,67,72,75,2017,1599,417,463,1177,914,260,283,16,7,8,74,34,40,159,99,116,22,8,9,9,4,6,13,3,3,19,19,19
MORGAN,WELDON VALLEY RE-20(J),225,166,59,59,19,14,5,5,2,2,0,0,4,1,3,3,0,0,0,0,34,30,4,4,0,0,0,0,18,15,3,3,119,88,31,31,106,78,28,28,1,0,1,1,0,0,0,0,33,21,12,12,191,145,46,46,1,1,1,0,0,0,6,6,6,0,0,0,2,2,2,0,0,0,1,1,1
MORGAN,WIGGINS RE-50(J),561,412,149,152,37,23,14,15,116,93,23,24,266,219,47,49,19,11,8,8,559,412,147,150,21,8,13,14,30,28,2,2,266,201,65,66,295,211,84,86,3,3,0,0,3,2,1,1,161,100,61,62,368,292,76,78,1,1,1,5,1,1,28,19,19,3,1,1,43,34,34,6,4,4,3,3,3
OTERO,EAST OTERO R-1,1494,1056,438,471,174,118,56,59,37,28,9,9,1030,755,275,298,6,5,1,1,866,619,247,264,2,0,2,2,13,12,1,1,729,518,211,226,765,538,227,245,6,5,1,1,6,5,1,1,945,684,261,281,498,340,158,171,13,7,7,3,2,2,78,65,69,0,0,0,22,11,14,0,0,0,2,2,2
OTERO,ROCKY FORD R-2,965,700,265,279,97,68,29,31,93,64,29,31,752,548,204,217,24,12,12,14,657,492,165,175,1,0,1,1,24,22,2,3,438,310,128,133,527,390,137,146,7,5,2,2,11,6,5,5,669,500,169,181,274,185,89,91,5,3,3,2,1,2,41,28,34,1,1,1,3,2,3,2,0,1,2,2,2
OTERO,MANZANOLA 3J,201,120,81,85,14,12,2,2,59,23,36,36,162,99,63,66,45,17,28,28,100,60,40,41,0,0,0,0,3,3,0,0,94,56,38,39,107,64,43,46,0,0,0,0,1,1,0,0,138,79,59,62,62,40,22,23,1,1,1,3,3,3,11,10,10,0,0,0,0,0,0,0,0,0,1,1,1
OTERO,FOWLER R-4J,463,345,118,124,32,27,5,5,9,5,4,4,269,185,84,90,4,0,4,4,52,36,16,16,0,0,0,0,22,22,0,0,244,190,54,56,219,155,64,68,0,0,0,0,0,0,0,0,94,68,26,28,358,273,85,87,2,2,2,0,0,0,12,12,12,0,0,0,0,0,0,0,0,0,2,2,2
OTERO,CHERAW 31,224,178,46,48,26,16,10,10,0,0,0,0,130,99,31,33,3,3,0,0,69,54,15,15,1,1,0,0,13,11,2,2,114,97,17,18,110,81,29,30,0,0,0,0,3,0,3,3,46,33,13,14,172,143,29,30,1,0,0,0,0,0,10,8,8,0,0,0,2,1,1,1,1,1,5,5,5
OTERO,SWINK 33,417,315,102,103,21,17,4,4,8,7,1,1,190,134,56,57,1,0,1,1,36,30,6,6,2,0,2,2,0,0,0,0,205,150,55,56,212,165,47,47,27,21,6,6,6,3,3,3,105,75,30,30,269,208,61,62,2,2,2,0,0,0,15,15,15,0,0,0,0,0,0,0,0,0,0,0,0
OURAY,OURAY R-1,219,146,73,75,25,17,8,8,9,6,3,3,70,47,23,23,0,0,0,0,20,11,9,9,0,0,0,0,29,25,4,4,117,76,41,42,102,70,32,33,4,3,1,1,1,1,0,0,30,17,13,14,182,123,59,60,5,4,4,3,1,1,11,8,8,0,0,0,1,0,0,0,0,0,0,0,0
OURAY,RIDGWAY R-2,386,273,113,117,18,12,6,7,18,3,15,15,139,93,46,48,3,2,1,1,24,13,11,12,1,0,1,1,29,28,1,1,191,128,63,65,195,145,50,52,4,3,1,1,1,1,0,0,38,16,22,24,324,238,86,88,3,1,2,0,0,0,6,4,5,0,0,0,0,0,0,0,0,0,2,2,2
PARK,PLATTE CANYON 1,1247,857,390,404,133,96,37,39,0,0,0,0,467,301,166,171,0,0,0,0,125,79,46,47,5,0,5,5,116,100,16,17,588,405,183,191,659,452,207,213,15,11,4,4,9,5,4,5,104,72,32,33,1060,736,324,334,12,8,8,0,0,0,30,20,21,0,0,0,1,0,0,1,0,0,9,7,7
PARK,PARK COUNTY RE-2,624,403,220,226,66,48,18,20,5,2,3,3,315,162,153,157,0,0,0,0,97,82,15,16,0,0,0,0,44,40,4,4,304,188,116,119,320,215,104,107,2,0,2,2,9,2,7,7,75,43,32,35,525,347,177,180,3,1,1,1,0,0,13,7,8,0,0,0,0,0,0,0,0,0,2,2,2
PHILLIPS,HOLYOKE RE-1J,641,505,136,144,69,54,15,17,137,110,27,30,330,245,85,92,11,5,6,6,29,23,6,6,0,0,0,0,36,35,1,1,302,234,68,72,339,271,68,72,1,0,1,1,3,1,2,2,260,202,58,62,371,296,75,79,3,2,2,6,3,3,23,17,17,2,1,1,3,3,3,0,0,0,3,3,3
PHILLIPS,HAXTUN RE-2J,319,258,61,63,30,23,7,7,0,0,0,0,125,95,30,30,0,0,0,0,18,15,3,3,0,0,0,0,17,17,0,0,158,125,33,35,161,133,28,28,2,2,0,0,1,0,1,1,27,22,5,5,284,229,55,57,3,2,3,0,0,0,8,7,8,0,0,0,0,0,0,0,0,0,3,3,3
PITKIN,ASPEN 1,1819,1529,290,312,120,109,11,12,202,157,45,49,117,92,25,26,0,0,0,0,0,0,0,0,0,0,0,0,98,91,7,7,876,742,134,147,943,787,156,165,34,27,7,7,13,12,1,1,203,163,40,42,1554,1321,233,253,8,6,8,10,6,6,16,13,14,0,0,0,0,0,0,0,0,0,4,4,4
PROWERS,GRANADA RE-1,271,178,93,93,14,9,5,5,25,16,9,9,179,111,68,68,18,1,17,17,61,42,19,19,2,2,0,0,14,12,2,2,114,74,40,40,157,104,53,53,0,0,0,0,0,0,0,0,197,124,73,73,74,54,20,20,1,1,1,2,2,2,9,9,9,0,0,0,0,0,0,1,1,1,3,3,3
PROWERS,LAMAR RE-2,1782,1368,414,441,154,111,43,46,114,91,23,26,1242,920,322,347,48,39,9,10,894,708,186,196,25,10,15,15,127,112,15,16,846,642,204,215,936,726,210,226,7,6,1,1,10,8,2,2,927,741,186,199,790,577,213,227,7,6,6,4,2,2,82,47,51,6,3,3,66,37,39,0,0,0,11,11,11
PROWERS,HOLLY RE-3,291,240,51,55,29,27,2,2,71,57,14,15,205,164,41,44,21,20,1,1,168,133,35,39,0,0,0,0,32,28,4,4,126,95,31,33,165,145,20,22,1,0,1,1,0,0,0,0,141,119,22,23,143,115,28,31,2,2,2,3,3,3,13,13,13,1,1,1,2,2,2,0,0,0,4,4,4
PROWERS,WILEY RE-13 JT,256,181,75,75,11,8,3,3,6,6,0,0,143,89,54,54,2,2,0,0,93,79,14,14,0,0,0,0,7,7,0,0,132,100,32,32,124,81,43,43,0,0,0,0,3,3,0,0,74,47,27,27,173,130,43,43,0,0,0,0,0,0,11,7,7,0,0,0,1,0,0,0,0,0,0,0,0
PUEBLO,PUEBLO CITY 60,19216,14879,4288,4939,2195,1782,418,496,1324,1033,283,326,12394,10231,2057,2584,54,34,20,21,8451,6485,1936,2263,1421,1093,303,378,1129,998,126,138,9344,7232,2087,2395,9872,7647,2201,2544,122,94,28,29,465,313,151,170,12672,10104,2541,2990,5578,4118,1444,1610,127,36,38,72,43,44,876,490,538,4,3,3,65,6,16,119,60,67,139,125,128
PUEBLO,PUEBLO COUNTY 70,9920,7336,2565,2763,984,751,231,263,357,258,99,111,3806,2853,947,1035,37,26,11,12,417,289,128,137,32,10,22,25,796,713,83,89,4826,3562,1254,1339,5094,3774,1311,1424,71,45,26,27,136,83,53,56,3181,2305,866,939,6291,4734,1548,1666,44,27,29,11,4,6,287,218,238,4,3,3,10,3,6,9,4,5,84,78,82
RIO BLANCO,MEEKER RE1,735,541,194,196,64,48,16,16,63,47,16,16,209,139,70,71,1,1,0,0,76,51,25,25,0,0,0,0,28,28,0,0,364,258,106,108,371,283,88,88,3,2,1,1,3,2,1,1,106,81,25,25,607,446,161,163,2,2,2,1,1,1,9,8,8,0,0,0,1,0,0,0,0,0,6,6,6
RIO BLANCO,RANGELY RE-4,531,394,137,146,53,47,6,6,10,10,0,0,164,109,55,56,0,0,0,0,38,32,6,6,1,1,0,0,14,11,3,3,262,193,69,72,269,201,68,74,1,1,0,0,4,3,1,1,65,43,22,23,454,342,112,120,3,3,3,1,1,1,6,5,5,0,0,0,0,0,0,0,0,0,0,0,0
RIO GRANDE,DEL NORTE C-7,635,441,193,203,49,26,23,23,24,18,6,6,290,192,98,105,5,4,1,1,388,297,91,98,1,0,1,1,9,7,2,2,314,219,95,100,321,222,98,103,1,0,1,2,5,1,4,4,329,238,91,97,292,198,93,96,5,5,5,2,1,1,26,21,22,1,0,0,0,0,0,0,0,0,2,2,2
RIO GRANDE,MONTE VISTA C-8,1338,954,381,402,90,61,29,30,212,158,54,60,888,682,204,220,65,38,27,30,572,462,111,113,25,10,15,15,6,5,1,1,649,454,193,205,689,500,188,197,5,1,4,4,7,4,3,3,927,692,232,250,370,234,136,138,6,2,2,7,5,5,74,45,55,6,3,4,2,2,2,3,1,2,2,2,2
RIO GRANDE,SARGENT RE-33J,490,399,91,91,13,10,3,3,38,31,7,7,20,13,7,7,4,3,1,1,280,231,49,49,0,0,0,0,15,15,0,0,248,201,47,47,242,198,44,44,6,3,3,3,1,1,0,0,144,121,23,23,331,267,64,64,0,0,0,0,0,0,15,13,15,0,0,0,0,0,0,0,0,0,4,3,4
ROUTT,HAYDEN RE-1,423,307,116,118,60,49,11,11,29,24,5,5,191,130,61,63,0,0,0,0,38,32,6,6,1,1,0,0,13,13,0,0,186,134,52,54,237,173,64,64,6,5,1,1,4,3,1,1,48,37,11,11,361,258,103,105,7,6,6,0,0,0,8,7,7,0,0,0,0,0,0,0,0,0,0,0,0
ROUTT,STEAMBOAT SPRINGS RE-2,2485,1995,491,520,243,194,49,49,179,119,60,65,368,281,87,91,5,5,0,0,186,167,19,23,0,0,0,0,196,190,6,6,1195,973,222,234,1290,1022,269,286,39,26,13,13,9,6,3,3,237,175,62,65,2146,1741,406,431,22,11,11,9,5,5,24,15,15,0,0,0,0,0,0,0,0,0,30,29,30
ROUTT,SOUTH ROUTT RE 3,438,311,127,133,55,45,10,10,27,17,10,10,200,128,72,73,0,0,0,0,21,16,5,5,0,0,0,0,11,9,2,2,220,159,61,65,218,152,66,68,5,3,2,2,1,0,1,1,38,24,14,14,393,284,109,115,4,4,4,0,0,0,12,12,12,0,0,0,0,0,0,0,0,0,0,0,0
SAGUACHE,MOUNTAIN VALLEY RE 1,134,80,54,60,16,11,5,6,2,2,0,0,86,50,36,42,0,0,0,0,95,60,35,41,16,8,8,9,0,0,0,0,76,46,30,34,58,34,24,26,0,0,0,0,0,0,0,0,33,25,8,10,96,55,41,45,1,1,1,0,0,0,8,7,7,0,0,0,1,1,1,1,1,1,0,0,0
SAGUACHE,MOFFAT 2,231,154,77,80,19,14,5,5,5,3,2,3,111,71,40,40,2,2,0,0,87,51,36,38,21,13,8,8,3,3,0,0,109,75,34,35,122,79,43,45,2,1,1,2,3,1,2,2,12,11,1,1,204,132,72,74,2,2,2,0,0,0,14,12,12,0,0,0,13,12,12,4,3,3,1,1,1
SAGUACHE,CENTER 26 JT,662,463,199,216,53,35,18,18,246,165,81,90,599,441,158,173,116,55,61,70,492,346,146,160,86,39,47,53,2,2,0,0,328,233,95,103,334,230,104,113,0,0,0,0,1,1,0,0,597,433,164,180,47,19,28,29,6,3,3,10,6,6,36,27,27,6,3,3,8,5,5,3,2,2,1,1,1
SAN JUAN,SILVERTON 1,84,45,39,40,7,4,3,3,17,9,8,9,51,30,21,22,0,0,0,0,28,19,9,10,1,0,1,1,13,9,4,4,32,15,17,18,52,30,22,22,0,0,0,0,0,0,0,0,25,11,14,15,59,34,25,25,0,0,0,1,1,1,2,2,2,0,0,0,1,1,1,1,1,1,0,0,0
SAN MIGUEL,TELLURIDE R-1,788,637,151,153,48,37,11,12,105,83,22,22,181,161,20,20,1,1,0,0,66,50,16,16,1,0,1,1,35,33,2,2,403,327,76,76,385,310,75,77,12,9,3,3,1,1,0,0,132,94,38,38,635,526,109,111,5,2,4,4,2,2,5,3,3,0,0,0,0,0,0,0,0,0,5,5,5
SAN MIGUEL,NORWOOD R-2J,277,218,59,64,25,22,3,3,23,15,8,8,131,95,36,40,0,0,0,0,35,29,6,6,0,0,0,0,26,24,2,2,147,109,38,41,130,109,21,23,2,0,2,2,2,2,0,0,30,19,11,11,239,194,45,50,0,0,0,1,1,1,5,5,5,0,0,0,0,0,0,0,0,0,0,0,0
SEDGWICK,JULESBURG RE-1,1514,361,1149,1168,107,49,58,60,6,6,0,0,209,112,96,98,0,0,0,0,35,31,3,4,0,0,0,0,20,15,5,5,923,202,717,730,591,159,432,438,12,0,12,12,58,6,52,52,311,83,228,229,1087,262,821,838,44,3,6,14,1,4,219,33,62,2,0,0,39,1,6,18,3,4,16,8,9
SEDGWICK,PLATTE VALLEY RE-3,141,106,35,35,25,21,4,4,0,0,0,0,104,78,26,26,0,0,0,0,4,2,2,2,0,0,0,0,3,2,1,1,68,44,24,24,73,62,11,11,2,0,2,2,2,1,1,1,19,15,4,4,115,88,27,27,0,0,0,0,0,0,3,3,3,0,0,0,0,0,0,0,0,0,0,0,0
SUMMIT,SUMMIT RE-1,3361,2614,746,782,323,273,50,54,844,692,152,166,1214,946,267,290,0,0,0,0,149,140,9,12,12,5,7,7,245,212,33,34,1618,1269,349,368,1743,1345,397,414,39,26,13,14,17,9,8,9,964,789,174,189,2240,1714,526,544,27,17,17,45,27,28,74,50,53,2,2,2,2,0,0,2,0,0,33,33,33
TELLER,CRIPPLE CREEK-VICTOR RE-1,483,268,215,236,60,37,23,23,5,3,2,2,271,150,121,138,0,0,0,0,235,125,110,123,27,15,12,14,8,5,3,3,219,123,96,107,264,145,119,129,4,3,1,1,8,4,4,4,46,23,23,24,411,232,179,199,4,2,2,0,0,0,34,24,25,0,0,0,0,0,0,13,9,9,2,1,1
TELLER,WOODLAND PARK RE-2,3088,2192,895,934,227,151,76,81,34,22,12,12,240,37,203,206,0,0,0,0,144,122,22,24,7,3,4,4,74,62,12,12,1428,1019,409,432,1660,1173,486,502,20,13,7,8,10,8,2,2,238,165,73,76,2677,1913,763,796,15,13,14,3,2,2,61,47,53,0,0,0,0,0,0,1,0,1,10,10,10
WASHINGTON,AKRON R-1,386,309,72,77,47,35,10,12,6,6,0,0,186,139,42,47,2,1,1,1,44,33,9,11,2,0,2,2,17,17,0,0,193,153,37,40,193,156,35,37,3,1,2,2,0,0,0,0,51,44,7,7,324,256,63,68,4,3,3,1,1,1,17,16,16,1,1,1,0,0,0,1,1,1,1,1,1
WASHINGTON,ARICKAREE R-2,112,86,26,26,7,5,2,2,7,3,4,4,50,28,22,22,14,4,10,10,16,10,6,6,0,0,0,0,0,0,0,0,49,32,17,17,63,54,9,9,1,1,0,0,0,0,0,0,27,8,19,19,84,77,7,7,0,0,0,0,0,0,0,0,0,0,0,0,0,0,0,0,0,0,0,0,0
WASHINGTON,OTIS R-3,203,159,44,47,26,20,6,6,2,2,0,0,71,48,23,25,1,0,1,1,18,16,2,2,2,0,2,2,18,18,0,0,100,72,28,31,103,87,16,16,0,0,0,0,1,1,0,0,21,12,9,9,176,141,35,38,0,0,0,0,0,0,6,6,6,0,0,0,0,0,0,0,0,0,6,6,6
WASHINGTON,LONE STAR 101,126,94,32,32,13,8,5,5,2,0,2,2,56,40,16,16,0,0,0,0,0,0,0,0,0,0,0,0,9,9,0,0,64,48,16,16,62,46,16,16,0,0,0,0,0,0,0,0,9,4,5,5,117,90,27,27,3,1,1,0,0,0,6,5,5,0,0,0,1,1,1,0,0,0,0,0,0
WASHINGTON,WOODLIN R-104,116,75,41,42,13,10,3,3,2,2,0,0,57,33,24,25,0,0,0,0,116,75,41,42,0,0,0,0,6,6,0,0,71,44,27,28,45,31,14,14,0,0,0,0,1,1,0,0,12,10,2,2,103,64,39,40,0,0,0,1,1,1,3,3,3,0,0,0,6,6,6,0,0,0,1,1,1
WELD,WELD COUNTY RE-1,2094,1517,574,598,212,152,60,61,397,315,81,89,830,678,151,161,19,19,0,0,165,138,27,27,17,8,9,11,83,68,15,15,1005,723,280,292,1089,794,294,306,8,5,3,3,9,7,2,2,1099,818,278,297,941,662,279,283,14,10,11,15,9,9,54,38,40,4,2,2,0,0,0,0,0,0,11,11,11
WELD,EATON RE-2,1985,1533,451,472,127,89,38,38,176,136,40,46,586,439,146,153,24,17,7,9,157,126,31,34,63,22,40,41,141,133,8,8,961,738,222,232,1024,795,229,240,11,6,5,5,13,12,1,1,449,314,134,148,1479,1176,303,310,2,1,1,3,2,2,26,21,22,0,0,0,0,0,0,2,2,2,13,13,13
WELD,KEENESBURG RE-3(J),2497,1833,662,698,198,146,52,55,445,331,114,117,1223,900,321,351,18,9,9,9,138,99,39,43,125,49,76,86,135,121,14,14,1202,903,297,313,1295,930,365,385,15,9,6,7,14,9,5,6,886,641,244,258,1501,1118,382,399,12,9,9,20,19,19,65,59,59,5,5,5,1,0,0,5,4,4,8,8,8
WELD,WINDSOR RE-4,4957,3878,1072,1116,383,301,82,83,88,56,32,35,1036,774,255,277,10,7,3,3,114,95,19,20,35,7,28,28,207,188,19,19,2386,1871,511,535,2571,2007,561,581,56,42,14,14,19,12,7,7,696,516,179,188,4024,3179,839,872,23,15,15,4,2,2,57,45,47,0,0,0,0,0,0,5,2,2,34,33,34
WELD,JOHNSTOWN-MILLIKEN RE-5J,3602,2742,858,892,331,252,79,83,289,237,52,54,1095,892,202,207,13,12,1,1,124,105,19,19,1,1,0,0,192,172,20,20,1721,1306,413,429,1881,1436,445,463,29,19,10,10,21,14,7,8,1052,849,203,217,2443,1817,624,643,8,7,7,15,10,11,69,43,50,2,1,1,1,1,1,1,1,1,5,5,5
WELD,GREELEY 6,21971,16903,4982,5624,1875,1452,428,488,5636,4594,1022,1188,13036,10499,2455,2964,496,302,183,221,5826,4338,1426,1686,400,178,214,268,1225,1099,121,133,10769,8328,2389,2708,11202,8575,2593,2916,403,252,150,158,439,266,170,184,12480,9881,2545,2960,8233,6217,1992,2184,148,93,97,201,149,150,794,571,600,43,34,34,85,47,48,76,47,50,146,140,143
WELD,PLATTE VALLEY RE-7,1212,960,252,259,134,107,27,31,89,70,19,19,188,152,36,38,11,5,6,6,584,459,125,125,2,2,0,0,66,61,5,6,584,464,120,123,628,496,132,136,1,1,0,0,3,2,1,1,365,261,104,105,839,695,144,150,6,5,5,6,5,5,48,40,41,3,2,2,0,0,0,4,2,3,5,5,5
WELD,WELD COUNTY S/D RE-8,2609,1976,631,677,155,120,35,36,858,719,139,158,1551,1326,224,253,67,44,22,26,1318,1024,292,309,52,22,30,39,117,103,14,16,1268,963,303,327,1341,1013,328,350,17,9,8,8,16,7,9,10,1793,1395,397,432,739,536,202,212,18,8,9,53,43,44,104,76,82,15,10,12,3,0,0,7,4,4,3,3,3
WELD,AULT-HIGHLAND RE-9,950,659,290,314,101,74,27,30,125,81,43,45,505,346,158,169,17,7,10,10,453,315,137,147,29,14,15,17,33,31,2,2,480,328,152,164,470,331,138,150,4,3,1,1,2,1,1,1,337,227,109,120,581,409,172,183,7,7,7,7,7,7,37,35,37,1,1,1,0,0,0,5,5,5,4,4,4
WELD,BRIGGSDALE RE-10,169,130,39,39,11,8,3,3,0,0,0,0,82,63,19,19,1,0,1,1,10,9,1,1,2,2,0,0,0,0,0,0,97,73,24,24,72,57,15,15,9,6,3,3,0,0,0,0,13,9,4,4,145,114,31,31,1,1,1,0,0,0,8,8,8,0,0,0,0,0,0,0,0,0,0,0,0
WELD,PRAIRIE RE-11,185,142,43,44,16,12,4,4,4,0,4,4,54,33,21,21,2,2,0,0,26,18,8,8,0,0,0,0,7,5,2,2,94,71,23,23,91,71,20,21,0,0,0,0,5,5,0,0,25,11,14,14,153,124,29,30,1,1,1,0,0,0,6,6,6,0,0,0,0,0,0,0,0,0,2,2,2
WELD,PAWNEE RE-12,96,70,26,27,5,2,3,3,0,0,0,0,24,17,7,7,0,0,0,0,96,70,26,27,0,0,0,0,0,0,0,0,45,31,14,14,51,39,12,13,0,0,0,0,0,0,0,0,3,2,1,1,93,68,25,26,0,0,0,0,0,0,2,2,2,0,0,0,9,9,9,0,0,0,1,1,1
YUMA,YUMA 1,916,686,230,265,80,58,22,26,333,249,84,109,564,398,166,194,76,50,26,33,223,154,69,84,50,9,41,44,15,14,1,1,471,349,122,146,445,337,108,119,2,2,0,0,1,0,1,2,456,338,118,149,445,339,106,108,1,0,0,15,12,12,30,25,26,2,1,1,11,8,8,4,1,1,5,5,5
YUMA,WRAY RD-2,762,587,175,184,85,64,21,21,131,107,24,28,407,299,108,113,11,7,4,4,426,334,92,95,16,4,12,12,23,21,2,2,377,294,83,86,385,293,92,98,1,1,0,0,4,2,2,2,182,138,44,49,557,437,120,124,6,5,5,4,3,3,19,16,16,0,0,0,0,0,0,0,0,0,4,4,4
YUMA,IDALIA RJ-3,159,119,40,42,18,14,4,4,36,24,12,13,95,62,33,35,4,1,3,3,19,12,7,7,0,0,0,0,5,5,0,0,83,62,21,22,76,57,19,20,0,0,0,0,0,0,0,0,43,28,15,16,110,88,22,23,1,1,1,0,0,0,8,8,8,0,0,0,0,0,0,0,0,0,1,1,1
YUMA,LIBERTY J-4,96,66,30,31,14,6,8,8,1,1,0,0,38,20,18,19,3,1,2,2,4,4,0,0,0,0,0,0,4,4,0,0,43,35,8,8,53,31,22,23,0,0,0,0,0,0,0,0,10,7,3,3,82,58,24,25,1,1,1,0,0,0,3,3,3,0,0,0,0,0,0,0,0,0,1,1,1
DENVER,CHARTER SCHOOL INSTITUTE,12020,5323,6660,6800,708,282,424,431,2067,904,1157,1181,5764,2408,3339,3419,5,4,1,1,6594,2976,3593,3689,94,26,68,69,343,172,169,174,6311,2808,3483,3570,5709,2515,3177,3230,297,184,113,114,697,327,368,377,4881,2057,2806,2875,5811,2610,3186,3240,111,16,17,141,31,34,760,166,185,10,3,3,747,176,195,121,11,11,47,23,27
CHAFFEE,MOUNTAIN BOCES,184,76,113,116,36,17,24,24,11,5,6,6,127,45,82,84,0,0,0,0,0,0,0,0,35,15,20,21,1,1,0,1,103,37,66,67,81,39,47,49,0,0,0,0,2,1,1,1,72,23,50,50,109,51,62,65,19,14,16,17,10,12,56,35,43,1,1,1,1,1,1,14,9,10,2,1,1
WELD,CENTENNIAL BOCES,146,0,146,146,2,0,2,2,8,0,8,8,0,0,0,0,0,0,0,0,0,0,0,0,0,0,0,0,0,0,0,0,64,0,64,64,82,0,82,82,0,0,0,0,1,0,1,1,81,0,81,81,62,0,62,62,6,1,1,4,1,2,14,5,6,0,0,0,0,0,0,1,0,0,0,0,0
LA PLATA,SAN JUAN BOCES,84,0,84,84,5,0,5,5,0,0,0,0,0,0,0,0,0,0,0,0,0,0,0,0,0,0,0,0,3,0,3,3,36,0,36,36,48,0,48,48,0,0,0,0,0,0,0,0,15,0,15,15,58,0,58,58,1,0,0,1,1,1,4,1,3,0,0,0,0,0,0,0,0,0,1,0,1
DENVER,EXPEDITIONARY BOCES,402,302,100,101,40,34,6,6,16,11,5,5,37,31,6,6,0,0,0,0,0,0,0,0,1,1,0,0,0,0,0,0,184,141,43,44,218,161,57,57,16,11,5,5,18,9,9,9,43,31,12,12,297,233,64,65,2,2,2,0,0,0,3,3,3,0,0,0,0,0,0,0,0,0,0,0,0
