county,school_dist,stable_rate,mobile_rate,mobile_instances_rate,disabled_stable_rate,disabled_mobile_rate,disabled_mobile_instances_rate,disabled_graduated_rate,disabled_completed_rate,limited_eng_stable_rate,limited_eng_mobile_rate,limited_eng_mobile_instances_rate,limited_eng_graduated_rate,limited_eng_completed_rate,poor_stable_rate,poor_mobile_rate,poor_mobile_instances_rate,poor_graduated_rate,poor_completed_rate,migrant_stable_rate,migrant_mobile_rate,migrant_mobile_instances_rate,migrant_graduated_rate,migrant_completed_rate,title_1_stable_rate,title_1_mobile_rate,title_1_mobile_instances_rate,title_1_graduated_rate,title_1_completed_rate,homeless_stable_rate,homeless_mobile_rate,homeless_mobile_instances_rate,homeless_graduated_rate,homeless_completed_rate,gifted_stable_rate,gifted_mobile_rate,gifted_mobile_instances_rate,gifted_graduated_rate,gifted_completed_rate,female_stable_rate,female_mobile_rate,female_mobile_instances_rate,male_stable_rate,male_mobile_rate,male_mobile_instances_rate,female_stable_rate_rate,female_mobile_rate_rate,female_mobile_instances_rate_rate,white_stable_rate,white_mobile_rate,white_mobile_instances_rate,black_stable_rate,black_mobile_rate,black_mobile_instances_rate,hispanic_stable_rate,hispanic_mobile_rate,hispanic_mobile_instances_rate,asian_stable_rate,asian_mobile_rate,asian_mobile_instances_rate
STATE TOTAL,STATE TOTAL,75.06,24.67,27.0,77.97,21.81,24.71,53.66,55.79,74.93,24.85,27.94,53.3,54.51,74.06,25.45,28.99,61.4,65.04,63.14,36.16,40.56,55.73,58.07,70.32,28.97,32.95,52.08,55.81,53.08,45.3,54.17,49.08,52.72,90.83,9.05,10.04,91.58,93.22,75.19,24.55,26.77,74.94,24.78,27.21,0.02,0.01,0.01,77.42,22.39,23.98,64.76,34.59,38.9,72.93,26.74,30.02,77.21,22.68,24.42
ADAMS,MAPLETON 1,56.18,43.37,45.73,63.81,35.51,37.96,36.73,38.78,66.01,33.64,36.5,33.33,34.7,71.38,28.29,30.67,37.97,41.18,56.25,43.75,46.88,62.5,62.5,67.17,32.56,33.75,54.13,56.88,66.36,32.71,36.92,29.27,39.02,82.0,17.6,18.8,61.36,61.36,55.87,43.73,46.04,56.49,43.01,45.43,1.26,0.98,1.03,48.91,50.66,52.08,48.04,51.4,53.63,60.31,39.19,42.19,47.22,52.78,53.7
ADAMS,ADAMS 12 FIVE STAR SCHOOLS,68.72,30.92,33.78,69.16,30.54,34.59,47.2,50.8,67.56,32.06,36.61,67.81,68.87,65.68,33.77,38.46,57.0,61.18,84.95,15.05,17.2,48.0,48.0,65.55,33.52,39.31,35.71,43.75,41.13,57.16,68.23,58.49,61.32,89.83,10.06,11.25,88.55,91.63,68.91,30.81,33.36,68.53,31.01,34.18,0.28,0.13,0.14,69.29,30.38,32.27,55.98,43.94,47.41,67.3,32.23,36.81,81.07,18.84,21.15
ADAMS,ADAMS COUNTY 14,66.67,36.76,41.1,72.6,30.37,35.5,54.24,54.24,73.05,32.28,36.72,50.59,51.76,71.28,29.46,33.71,65.88,67.38,75.93,25.93,29.63,30.77,30.77,71.81,27.67,32.08,70.64,71.84,48.87,49.66,59.71,52.53,57.58,84.08,19.89,23.61,90.0,90.0,66.87,37.37,41.6,66.48,36.19,40.64,1.69,0.94,1.05,59.34,42.61,47.45,48.2,51.8,53.6,68.67,35.2,39.57,80.0,20.0,20.0
ADAMS,BRIGHTON 27J,76.43,23.22,25.03,80.64,19.07,21.35,50.0,53.03,78.0,21.71,24.17,57.27,60.0,78.3,21.3,23.96,63.61,67.75,63.01,35.62,46.58,50.0,60.0,74.52,25.16,27.72,55.56,55.56,31.85,67.89,74.93,51.22,51.22,89.62,9.96,10.81,80.95,82.54,76.61,22.99,24.88,76.25,23.44,25.18,0.91,0.27,0.29,77.61,22.04,23.43,61.9,36.9,38.99,76.05,23.61,25.85,75.92,24.08,26.15
ADAMS,BENNETT 29J,74.58,25.42,26.0,68.7,31.3,31.3,50.0,50.0,67.06,32.94,34.12,66.67,66.67,70.91,29.09,29.09,80.95,80.95,100.0,0.0,0.0,0.0,0.0,73.11,26.89,27.33,33.33,33.33,0.0,0.0,0.0,0.0,0.0,92.73,7.27,7.27,100.0,100.0,74.95,25.05,25.41,74.27,25.73,26.5,13.6,4.55,4.61,76.12,23.88,24.64,71.43,28.57,28.57,68.06,31.94,31.94,100.0,0.0,0.0
ADAMS,STRASBURG 31J,78.71,21.29,21.58,79.69,20.31,20.31,85.71,85.71,72.5,27.5,27.5,60.0,60.0,78.33,21.67,22.5,80.0,80.0,0.0,0.0,0.0,0.0,0.0,78.57,21.43,21.43,100.0,100.0,0.0,0.0,0.0,0.0,0.0,100.0,0.0,0.0,80.0,80.0,78.53,21.47,21.88,78.86,21.14,21.31,16.06,4.39,4.47,80.02,19.98,20.2,47.37,52.63,52.63,74.58,25.42,26.27,82.35,17.65,17.65
ADAMS,WESTMINSTER 50,63.34,36.23,39.39,67.42,32.5,35.49,40.0,41.54,69.15,30.5,33.43,61.76,61.76,64.21,35.35,38.71,59.73,61.5,77.05,22.95,26.23,85.71,85.71,62.77,36.62,40.31,42.0,44.0,55.67,43.51,49.73,58.9,61.64,84.06,15.94,17.15,70.0,70.0,62.37,37.26,40.51,64.28,35.25,38.33,1.07,0.64,0.69,59.79,39.64,42.76,46.94,53.06,55.1,63.95,35.62,38.9,75.61,24.22,26.31
ALAMOSA,ALAMOSA RE-11J,67.81,31.86,34.42,73.43,26.09,27.54,85.71,92.86,70.43,29.28,33.62,73.08,73.08,66.52,33.15,35.83,66.95,69.49,54.55,44.16,51.95,36.36,36.36,65.78,34.22,35.47,20.0,20.0,30.95,69.05,71.43,100.0,100.0,80.77,19.23,19.23,0.0,0.0,68.5,31.16,33.62,67.15,32.53,35.19,5.8,2.64,2.85,66.09,33.78,35.01,58.33,41.67,41.67,69.37,30.24,33.6,69.57,30.43,30.43
ALAMOSA,SANGRE DE CRISTO RE-22J,67.89,32.11,32.96,43.75,56.25,56.25,100.0,100.0,95.65,4.35,4.35,0.0,0.0,66.22,33.78,35.14,75.0,83.33,100.0,0.0,0.0,0.0,0.0,68.27,31.73,32.58,91.3,95.65,0.0,0.0,0.0,0.0,0.0,83.33,16.67,16.67,0.0,0.0,64.16,35.84,36.99,71.43,28.57,29.12,37.09,20.72,21.38,63.52,36.48,37.3,50.0,50.0,50.0,82.47,17.53,18.56,0.0,100.0,100.0
ARAPAHOE,ENGLEWOOD 1,60.55,39.02,43.25,65.33,34.67,38.19,40.38,40.38,71.51,28.49,31.51,50.0,50.0,61.82,37.79,42.07,39.79,44.5,0.0,100.0,100.0,0.0,0.0,64.74,35.07,37.54,26.0,30.0,43.19,56.42,64.2,30.0,40.0,83.11,16.89,16.89,50.0,54.55,60.73,38.79,42.68,60.39,39.22,43.77,3.63,2.32,2.55,63.63,35.89,39.97,41.22,58.11,62.84,58.89,40.72,44.93,67.57,32.43,35.14
ARAPAHOE,SHERIDAN 2,63.26,36.8,37.99,69.73,30.27,31.35,33.33,33.33,73.76,26.36,27.33,21.57,21.57,69.06,31.01,32.11,31.3,32.82,70.45,29.55,29.55,0.0,0.0,63.87,36.22,37.44,32.86,34.29,54.7,45.3,48.72,31.03,34.48,81.48,18.52,18.52,42.86,50.0,62.42,37.58,38.69,64.06,36.05,37.32,6.92,4.17,4.29,60.24,39.76,41.27,46.51,53.49,56.98,64.95,35.13,36.17,77.5,22.5,22.5
ARAPAHOE,CHERRY CREEK 5,80.56,19.36,20.03,84.9,15.07,15.79,64.08,65.53,82.53,17.35,18.61,80.37,80.82,78.77,21.09,22.23,81.27,83.18,100.0,0.0,0.0,100.0,100.0,69.41,30.22,31.76,79.1,83.58,59.65,40.35,45.61,75.0,75.0,97.4,2.51,2.84,95.63,96.21,81.19,18.71,19.32,79.97,19.97,20.7,0.3,0.07,0.07,83.71,16.23,16.74,72.85,27.05,28.01,75.54,24.36,25.18,83.04,16.92,17.83
ARAPAHOE,LITTLETON 6,81.3,18.63,19.41,80.9,18.89,20.58,65.52,66.38,77.1,22.7,24.66,62.5,64.29,74.84,24.95,26.62,73.28,76.92,100.0,0.0,0.0,100.0,100.0,75.6,24.03,26.01,72.22,77.78,65.2,33.33,35.78,52.63,63.16,94.42,5.54,5.81,98.75,99.06,81.97,17.97,18.62,80.66,19.27,20.16,1.01,0.22,0.23,83.19,16.77,17.4,66.81,32.75,34.06,76.21,23.71,24.97,77.99,22.01,22.95
ARAPAHOE,DEER TRAIL 26J,70.27,29.73,32.97,54.17,45.83,45.83,75.0,75.0,20.0,80.0,80.0,0.0,0.0,61.7,38.3,43.62,90.91,90.91,0.0,0.0,0.0,0.0,0.0,85.0,15.0,15.0,0.0,0.0,0.0,0.0,0.0,0.0,0.0,100.0,0.0,0.0,0.0,0.0,68.6,31.4,36.05,71.72,28.28,30.3,79.77,36.51,41.92,72.22,27.78,30.86,100.0,0.0,0.0,55.56,44.44,50.0,100.0,0.0,0.0
ARAPAHOE,ADAMS-ARAPAHOE 28J,68.83,30.46,33.63,74.67,24.78,28.07,27.88,27.88,72.49,26.79,30.14,29.16,29.45,73.42,25.71,29.48,44.96,46.46,8.0,92.0,92.0,33.33,40.0,69.76,29.13,32.83,35.85,37.26,50.07,46.71,56.46,37.16,37.16,86.65,13.02,14.25,75.6,77.03,68.7,30.61,33.71,68.94,30.32,33.56,0.31,0.14,0.15,66.89,32.52,34.99,63.49,35.65,39.55,72.34,26.9,30.21,68.99,30.71,32.85
ARAPAHOE,BYERS 32J,75.34,24.66,25.24,71.21,28.79,28.79,100.0,100.0,88.89,11.11,11.11,0.0,0.0,69.96,30.04,31.28,100.0,100.0,0.0,100.0,100.0,0.0,0.0,73.91,26.09,26.09,100.0,100.0,100.0,0.0,0.0,100.0,100.0,90.91,9.09,9.09,100.0,100.0,77.04,22.96,23.74,73.64,26.36,26.74,29.98,8.93,9.24,75.69,24.31,25.0,60.0,40.0,40.0,76.79,23.21,23.21,100.0,0.0,0.0
ARCHULETA,ARCHULETA COUNTY 50 JT,74.22,25.72,27.54,80.0,20.0,22.4,45.45,45.45,78.33,21.67,23.33,0.0,0.0,71.19,28.7,31.07,64.41,67.8,100.0,0.0,0.0,0.0,0.0,77.35,22.65,23.95,0.0,0.0,21.43,78.57,85.71,20.0,20.0,83.84,16.16,17.17,83.33,91.67,75.83,24.17,25.95,72.75,27.13,29.01,9.65,3.08,3.3,74.61,25.39,27.22,66.67,33.33,33.33,76.79,23.21,24.69,73.33,26.67,26.67
BACA,WALSH RE-1,78.67,21.33,22.67,54.55,45.45,45.45,0.0,0.0,58.82,41.18,52.94,0.0,0.0,72.46,27.54,28.99,100.0,100.0,0.0,0.0,0.0,0.0,0.0,78.26,21.74,26.09,0.0,0.0,0.0,0.0,0.0,0.0,0.0,100.0,0.0,0.0,100.0,100.0,69.44,30.56,31.94,87.18,12.82,14.1,96.44,42.44,44.36,84.17,15.83,15.83,0.0,0.0,0.0,53.57,46.43,53.57,0.0,0.0,0.0
BACA,PRITCHETT RE-3,58.11,41.89,41.89,50.0,50.0,50.0,0.0,0.0,0.0,0.0,0.0,0.0,0.0,51.11,48.89,48.89,75.0,100.0,0.0,0.0,0.0,0.0,0.0,58.11,41.89,41.89,83.33,100.0,0.0,0.0,0.0,0.0,0.0,87.5,12.5,12.5,100.0,100.0,60.61,39.39,39.39,56.1,43.9,43.9,183.67,119.36,119.36,59.68,40.32,40.32,0.0,0.0,0.0,45.45,54.55,54.55,0.0,0.0,0.0
BACA,SPRINGFIELD RE-4,74.66,25.34,27.05,75.0,25.0,25.0,100.0,100.0,33.33,66.67,66.67,100.0,100.0,74.32,25.68,26.78,86.67,93.33,0.0,0.0,0.0,0.0,0.0,74.66,25.34,27.05,90.91,95.45,0.0,0.0,0.0,0.0,0.0,88.89,11.11,11.11,100.0,100.0,76.92,23.08,25.87,72.48,27.52,28.19,53.79,16.14,18.09,77.45,22.55,24.26,100.0,0.0,0.0,57.78,42.22,44.44,0.0,0.0,0.0
BACA,VILAS RE-5,38.28,61.72,62.44,47.62,52.38,52.38,42.86,42.86,0.0,0.0,0.0,100.0,100.0,46.15,53.85,55.56,18.87,33.96,0.0,100.0,100.0,0.0,0.0,0.0,0.0,0.0,22.22,33.33,0.0,0.0,0.0,0.0,0.0,100.0,0.0,0.0,100.0,100.0,34.12,65.88,66.82,42.51,57.49,57.97,16.17,31.22,31.67,42.25,57.75,58.45,66.67,33.33,33.33,28.3,71.7,72.64,0.0,100.0,100.0
BACA,CAMPO RE-6,70.37,29.63,29.63,100.0,0.0,0.0,100.0,100.0,0.0,0.0,0.0,0.0,0.0,78.95,21.05,21.05,100.0,100.0,0.0,0.0,0.0,0.0,0.0,85.71,14.29,14.29,100.0,100.0,0.0,0.0,0.0,0.0,0.0,100.0,0.0,0.0,100.0,100.0,66.67,33.33,33.33,76.19,23.81,23.81,202.03,101.0,101.0,72.34,27.66,27.66,0.0,0.0,0.0,57.14,42.86,42.86,0.0,0.0,0.0
BENT,LAS ANIMAS RE-1,75.4,24.6,25.83,68.18,31.82,34.85,50.0,50.0,100.0,0.0,0.0,0.0,0.0,77.51,22.49,23.8,72.0,72.0,100.0,0.0,0.0,0.0,0.0,78.65,21.35,22.74,73.33,73.33,0.0,0.0,0.0,0.0,0.0,90.0,10.0,10.0,100.0,100.0,74.91,25.09,27.15,75.9,24.1,24.46,25.74,8.62,9.33,72.17,27.83,29.13,83.33,16.67,16.67,79.75,20.25,21.52,42.86,57.14,57.14
BENT,MC CLAVE RE-2,83.11,16.89,17.23,88.24,11.76,11.76,100.0,100.0,80.65,19.35,19.35,100.0,100.0,79.01,20.99,21.55,92.86,92.86,55.56,44.44,44.44,100.0,100.0,86.21,13.79,14.48,100.0,100.0,0.0,0.0,0.0,0.0,0.0,100.0,0.0,0.0,100.0,100.0,83.33,16.67,16.67,82.89,17.11,17.76,57.87,11.58,11.58,83.67,16.33,16.84,100.0,0.0,0.0,83.33,16.67,16.67,0.0,0.0,0.0
BOULDER,ST VRAIN VALLEY RE 1J,82.73,17.09,18.28,85.45,14.43,15.57,51.69,53.39,85.78,14.09,15.59,64.33,65.5,82.64,17.03,19.04,68.65,70.19,83.33,16.67,20.0,70.0,70.0,91.29,8.71,10.21,20.0,20.0,52.35,46.05,54.27,62.07,64.37,93.65,6.35,6.54,99.42,99.42,82.87,16.91,18.13,82.6,17.25,18.41,0.57,0.12,0.13,83.09,16.75,17.73,75.38,24.62,27.05,82.33,17.48,19.11,83.93,16.07,16.57
BOULDER,BOULDER VALLEY RE 2,84.47,15.42,16.28,86.42,13.58,14.49,69.57,70.87,81.87,18.0,19.19,70.71,72.14,77.84,21.95,23.85,73.62,76.18,0.0,100.0,100.0,80.0,80.0,83.2,16.56,17.86,50.0,60.0,63.88,35.75,40.5,63.91,64.66,92.59,7.41,7.96,94.75,97.24,84.71,15.2,16.07,84.25,15.64,16.47,0.55,0.1,0.1,85.76,14.15,14.86,65.84,34.16,35.59,81.62,18.25,19.51,81.98,17.86,18.82
CHAFFEE,BUENA VISTA R-31,74.56,25.35,27.39,84.95,15.05,18.28,75.0,87.5,66.67,33.33,33.33,0.0,0.0,73.84,26.16,27.72,76.47,79.41,0.0,0.0,0.0,0.0,0.0,82.35,17.65,17.65,75.0,75.0,0.0,100.0,100.0,0.0,0.0,90.91,9.09,9.09,100.0,100.0,74.25,25.56,27.24,74.86,25.14,27.54,13.85,4.77,5.08,75.16,24.73,26.68,77.78,22.22,22.22,71.57,28.43,29.41,85.71,14.29,14.29
CHAFFEE,SALIDA R-32,75.27,24.56,26.14,77.55,22.45,23.47,66.67,66.67,68.57,31.43,31.43,100.0,100.0,80.04,19.76,22.38,76.0,76.0,0.0,0.0,0.0,0.0,0.0,71.72,28.16,29.89,88.41,89.86,50.0,50.0,62.5,50.0,50.0,95.16,4.84,6.45,100.0,100.0,77.78,22.05,23.26,72.96,26.88,28.8,13.5,3.83,4.04,75.75,24.05,25.28,0.0,0.0,0.0,72.41,27.59,31.03,83.33,16.67,16.67
CHEYENNE,KIT CARSON R-1,77.86,22.14,22.14,60.0,40.0,40.0,0.0,0.0,0.0,100.0,100.0,0.0,0.0,73.77,26.23,26.23,66.67,66.67,0.0,100.0,100.0,0.0,0.0,0.0,0.0,0.0,0.0,0.0,0.0,0.0,0.0,0.0,0.0,100.0,0.0,0.0,100.0,100.0,83.1,16.9,16.9,71.67,28.33,28.33,117.04,23.8,23.8,78.38,21.62,21.62,0.0,0.0,0.0,73.68,26.32,26.32,100.0,0.0,0.0
CHEYENNE,CHEYENNE COUNTY RE-5,69.71,30.29,31.25,76.67,23.33,26.67,0.0,0.0,42.86,57.14,57.14,100.0,100.0,62.92,37.08,39.33,71.43,85.71,25.0,75.0,75.0,100.0,100.0,75.0,25.0,25.0,0.0,0.0,0.0,0.0,0.0,0.0,0.0,75.0,25.0,25.0,0.0,0.0,67.42,32.58,32.58,71.43,28.57,30.25,75.75,36.61,36.61,77.85,22.15,22.78,0.0,100.0,100.0,46.81,53.19,53.19,0.0,0.0,0.0
CLEAR CREEK,CLEAR CREEK RE-1,70.46,29.54,31.3,71.13,28.87,30.93,85.71,85.71,84.62,15.38,15.38,100.0,100.0,73.33,26.67,29.82,81.82,81.82,0.0,0.0,0.0,0.0,0.0,73.13,26.87,27.61,0.0,0.0,0.0,0.0,0.0,0.0,0.0,85.37,14.63,14.63,100.0,100.0,67.52,32.48,34.67,73.5,26.5,27.82,12.32,5.93,6.33,72.29,27.71,28.73,42.86,57.14,57.14,58.33,41.67,45.83,53.85,46.15,61.54
CONEJOS,NORTH CONEJOS RE-1J,75.5,23.96,25.59,71.19,28.81,30.51,100.0,100.0,0.0,0.0,0.0,100.0,100.0,82.95,16.64,18.14,89.06,89.06,100.0,0.0,0.0,0.0,0.0,78.57,20.85,22.3,91.3,91.3,0.0,100.0,100.0,0.0,0.0,89.66,10.34,10.34,0.0,0.0,74.69,24.96,26.75,76.31,22.97,24.41,13.41,4.48,4.8,75.96,24.04,24.52,83.33,16.67,16.67,75.68,23.4,25.68,0.0,100.0,100.0
CONEJOS,SANFORD 6J,77.78,22.22,22.22,70.37,29.63,29.63,33.33,66.67,100.0,0.0,0.0,0.0,0.0,76.73,23.27,23.27,70.0,80.0,0.0,0.0,0.0,0.0,0.0,77.62,22.38,22.38,100.0,100.0,0.0,100.0,100.0,0.0,0.0,89.58,10.42,10.42,100.0,100.0,75.37,24.63,24.63,80.72,19.28,19.28,37.13,12.13,12.13,81.35,18.65,18.65,0.0,0.0,0.0,71.96,28.04,28.04,0.0,100.0,100.0
CONEJOS,SOUTH CONEJOS RE-10,69.93,30.07,30.43,73.33,26.67,26.67,100.0,100.0,88.46,11.54,11.54,50.0,50.0,74.24,25.76,26.26,77.78,77.78,0.0,0.0,0.0,0.0,0.0,70.18,29.82,30.18,81.82,81.82,0.0,0.0,0.0,0.0,0.0,66.67,33.33,33.33,100.0,100.0,72.6,27.4,28.08,66.92,33.08,33.08,49.73,18.77,19.23,50.0,50.0,50.0,0.0,100.0,100.0,73.44,26.56,26.97,0.0,100.0,100.0
COSTILLA,CENTENNIAL R-1,66.54,33.46,37.92,85.0,15.0,20.0,100.0,100.0,89.47,10.53,10.53,100.0,100.0,67.65,32.35,36.55,92.86,92.86,100.0,0.0,0.0,0.0,0.0,66.54,33.46,37.92,88.24,88.24,40.43,59.57,70.21,100.0,100.0,0.0,0.0,0.0,0.0,0.0,67.18,32.82,37.4,65.94,34.06,38.41,51.28,25.05,28.55,20.69,79.31,96.55,0.0,0.0,0.0,72.57,27.43,30.38,0.0,0.0,0.0
COSTILLA,SIERRA GRANDE R-30,64.35,35.65,37.85,65.38,34.62,34.62,0.0,0.0,74.07,25.93,27.78,100.0,100.0,61.57,38.43,41.04,87.5,87.5,65.0,35.0,35.0,100.0,100.0,55.22,44.78,45.52,0.0,0.0,36.67,63.33,63.33,0.0,0.0,100.0,0.0,0.0,100.0,100.0,66.43,33.57,37.76,62.64,37.36,37.93,46.45,23.48,26.41,46.27,53.73,55.22,50.0,50.0,50.0,70.31,29.69,30.57,100.0,0.0,0.0
CROWLEY,CROWLEY COUNTY RE-1-J,66.09,33.91,35.12,58.33,41.67,43.33,75.0,75.0,40.0,60.0,60.0,0.0,0.0,62.53,37.47,38.9,90.32,96.77,100.0,0.0,0.0,0.0,0.0,66.09,33.91,35.12,94.74,97.37,0.0,0.0,0.0,100.0,100.0,81.82,18.18,18.18,0.0,0.0,64.58,35.42,37.27,67.43,32.57,33.22,23.83,13.07,13.75,66.75,33.25,34.03,50.0,50.0,50.0,61.87,38.13,41.01,0.0,0.0,0.0
CUSTER,CUSTER COUNTY SCHOOL DISTRICT C-1,75.21,24.79,25.21,88.0,12.0,12.0,100.0,100.0,0.0,0.0,0.0,0.0,0.0,66.98,33.02,33.02,90.0,90.0,0.0,0.0,0.0,0.0,0.0,71.91,28.09,28.65,0.0,0.0,0.0,0.0,0.0,0.0,0.0,92.11,7.89,7.89,85.71,85.71,76.47,23.53,23.95,73.97,26.03,26.45,32.13,9.89,10.06,77.06,22.94,23.39,80.0,20.0,20.0,30.0,70.0,70.0,100.0,0.0,0.0
DELTA,DELTA COUNTY 50(J),77.92,21.71,23.87,81.68,17.56,20.42,68.18,68.18,73.7,26.07,28.44,73.33,73.33,74.94,24.53,27.69,78.99,81.09,52.83,47.17,47.17,100.0,100.0,78.57,20.91,23.11,0.0,0.0,24.59,73.77,85.25,40.0,50.0,94.89,5.11,5.11,97.5,97.5,78.32,21.39,23.33,77.55,22.0,24.39,2.86,0.78,0.85,78.14,21.53,23.43,55.17,44.83,44.83,81.11,18.54,20.97,48.0,52.0,52.0
DENVER,DENVER COUNTY 1,73.12,26.05,31.19,77.12,22.05,28.28,38.27,41.37,77.2,22.23,26.07,52.7,54.3,78.42,20.64,26.01,53.67,57.49,90.0,10.0,10.0,50.0,54.76,71.39,27.49,33.83,52.86,56.86,49.9,46.15,62.45,33.57,37.46,87.84,11.77,14.07,79.56,82.54,73.4,25.75,30.34,72.85,26.34,32.02,0.17,0.06,0.07,72.58,26.89,30.17,67.97,30.77,38.35,74.87,24.3,29.57,73.65,26.15,29.09
DOLORES,DOLORES COUNTY RE NO.2,72.01,27.99,28.62,64.0,36.0,36.0,100.0,100.0,0.0,0.0,0.0,0.0,0.0,69.86,30.14,30.82,81.82,90.91,0.0,0.0,0.0,0.0,0.0,73.91,26.09,26.71,100.0,100.0,0.0,0.0,0.0,0.0,0.0,100.0,0.0,0.0,100.0,100.0,74.36,25.64,26.28,69.75,30.25,30.86,47.67,16.44,16.85,75.94,24.06,24.44,100.0,0.0,0.0,42.86,57.14,61.9,0.0,0.0,0.0
DOUGLAS,DOUGLAS COUNTY RE 1,82.34,17.5,18.51,86.24,13.62,15.04,66.47,68.58,62.26,37.65,39.86,74.39,75.61,74.3,25.65,26.5,64.79,68.91,14.29,85.71,85.71,0.0,0.0,56.87,43.13,46.41,76.6,80.55,58.85,40.71,49.41,55.7,62.03,92.81,7.11,7.53,98.5,99.62,82.52,17.32,18.27,82.17,17.68,18.75,0.25,0.05,0.06,85.05,14.8,15.54,59.31,40.56,43.34,71.91,27.94,29.81,82.77,17.08,18.65
EAGLE,EAGLE COUNTY RE 50,81.08,18.68,20.23,86.82,13.01,15.07,58.06,58.06,80.93,18.74,20.8,47.89,47.89,80.38,19.3,21.59,75.84,75.84,78.57,21.43,21.43,100.0,100.0,81.32,18.32,20.61,0.0,0.0,48.28,51.72,57.47,63.64,63.64,87.67,12.33,12.9,95.56,97.78,82.09,17.72,19.38,80.16,19.55,20.99,2.56,0.55,0.6,80.8,19.07,20.23,76.0,24.0,24.0,81.48,18.18,19.99,85.07,14.93,17.91
ELBERT,ELIZABETH C-1,74.54,25.36,26.25,72.82,26.83,28.92,83.33,83.33,70.59,29.41,29.41,25.0,25.0,72.41,27.39,29.25,80.56,80.56,0.0,0.0,0.0,0.0,0.0,88.46,11.54,11.54,0.0,0.0,0.0,0.0,0.0,0.0,0.0,91.35,8.65,9.62,95.83,95.83,75.7,24.16,25.18,73.44,26.49,27.25,5.56,1.77,1.85,75.92,23.96,24.79,40.0,60.0,60.0,71.43,28.57,30.04,40.91,59.09,59.09
ELBERT,KIOWA C-2,73.91,26.09,26.32,80.0,20.0,20.0,100.0,100.0,85.71,14.29,14.29,100.0,100.0,80.75,19.25,19.25,100.0,100.0,0.0,0.0,0.0,0.0,0.0,83.33,16.67,16.67,0.0,0.0,50.0,50.0,50.0,100.0,100.0,75.0,25.0,25.0,100.0,100.0,72.02,27.98,28.44,75.8,24.2,24.2,33.04,12.83,13.05,75.27,24.73,25.0,80.0,20.0,20.0,65.79,34.21,34.21,100.0,0.0,0.0
ELBERT,BIG SANDY 100J,68.86,31.14,31.71,55.81,44.19,44.19,100.0,100.0,0.0,100.0,100.0,0.0,0.0,5.56,94.44,94.44,92.86,92.86,0.0,0.0,0.0,0.0,0.0,67.77,32.23,32.64,0.0,0.0,0.0,0.0,0.0,0.0,0.0,100.0,0.0,0.0,0.0,0.0,70.24,29.76,30.36,67.58,32.42,32.97,41.81,17.71,18.07,73.36,26.64,26.64,0.0,0.0,0.0,46.15,53.85,55.77,0.0,100.0,100.0
ELBERT,ELBERT 200,71.55,28.45,29.31,81.25,18.75,18.75,50.0,50.0,75.0,25.0,25.0,0.0,0.0,50.68,49.32,49.32,50.0,50.0,0.0,0.0,0.0,0.0,0.0,86.36,13.64,13.64,0.0,0.0,0.0,0.0,0.0,0.0,0.0,87.5,12.5,12.5,100.0,100.0,74.31,25.69,25.69,69.11,30.89,32.52,68.17,23.57,23.57,75.12,24.88,25.87,0.0,100.0,100.0,58.33,41.67,41.67,100.0,0.0,0.0
ELBERT,AGATE 300,31.25,81.25,81.25,33.33,100.0,100.0,0.0,0.0,0.0,100.0,100.0,0.0,0.0,23.08,84.62,84.62,0.0,0.0,0.0,0.0,0.0,0.0,0.0,45.45,63.64,63.64,0.0,0.0,0.0,0.0,0.0,0.0,0.0,0.0,0.0,0.0,0.0,0.0,18.18,81.82,81.82,60.0,80.0,80.0,165.27,743.82,743.82,38.46,76.92,76.92,0.0,0.0,0.0,0.0,100.0,100.0,0.0,0.0,0.0
EL PASO,CALHAN RJ-1,62.64,45.12,47.13,69.84,36.51,36.51,80.0,80.0,100.0,0.0,0.0,0.0,0.0,69.38,38.76,42.11,91.3,91.3,0.0,0.0,0.0,0.0,0.0,79.1,38.81,43.28,100.0,100.0,0.0,0.0,0.0,100.0,100.0,86.67,16.67,16.67,100.0,100.0,63.06,43.54,46.25,62.18,46.79,48.08,18.94,13.08,13.89,64.73,42.73,44.55,57.14,42.86,42.86,47.62,66.67,71.43,58.33,41.67,41.67
EL PASO,HARRISON 2,57.02,42.17,45.55,60.18,39.16,43.71,58.33,58.33,74.44,24.42,27.79,66.67,66.67,59.99,38.99,43.05,74.55,76.1,0.0,100.0,100.0,100.0,100.0,56.24,42.73,46.77,66.67,66.67,21.67,78.33,85.0,75.0,75.0,87.65,11.93,12.76,91.67,91.67,58.16,41.1,44.14,55.92,43.2,46.91,0.85,0.6,0.64,50.34,48.95,52.05,63.44,35.83,39.08,61.19,37.81,41.46,49.2,50.4,53.99
EL PASO,WIDEFIELD 3,67.96,31.84,34.73,75.89,23.94,27.26,50.62,53.09,65.66,33.33,38.38,66.67,66.67,72.57,27.16,30.67,71.21,73.93,66.67,33.33,33.33,0.0,0.0,74.64,25.18,27.36,44.44,55.56,30.11,68.82,81.72,54.17,58.33,87.18,12.45,15.38,85.71,85.71,67.89,31.9,34.62,68.02,31.78,34.83,1.31,0.62,0.67,68.48,31.25,33.83,63.95,35.89,39.38,68.48,31.33,34.71,72.67,27.33,28.67
EL PASO,FOUNTAIN 8,53.95,45.68,48.21,62.22,37.68,40.46,71.88,71.88,55.32,44.5,46.1,88.89,88.89,57.58,41.93,45.16,75.78,77.02,100.0,0.0,0.0,0.0,0.0,47.81,51.5,55.59,66.67,66.67,45.82,53.56,60.06,66.67,66.67,70.53,29.23,30.86,100.0,100.0,52.46,47.16,49.83,55.33,44.31,46.72,1.11,1.0,1.06,53.16,46.58,49.48,52.75,46.59,48.35,56.11,43.52,45.7,47.75,50.0,54.49
EL PASO,COLORADO SPRINGS 11,69.09,30.57,36.74,71.28,28.4,37.89,34.92,36.51,70.52,29.17,34.82,48.0,50.4,65.76,33.7,40.52,54.38,59.37,56.52,43.48,47.83,0.0,0.0,68.05,31.11,37.21,36.17,42.55,48.31,50.35,65.03,38.64,42.05,87.53,12.33,14.87,90.0,92.4,69.61,30.06,36.19,68.59,31.05,37.26,0.41,0.18,0.21,71.05,28.7,34.08,57.4,42.08,51.09,68.65,30.89,37.95,70.67,29.02,33.54
EL PASO,CHEYENNE MOUNTAIN 12,74.82,25.18,25.7,80.8,19.2,20.29,80.0,85.0,69.47,30.53,31.58,100.0,100.0,67.94,32.06,32.92,76.67,80.0,0.0,0.0,0.0,0.0,0.0,69.76,30.24,30.45,100.0,100.0,40.0,60.0,60.0,0.0,0.0,91.52,8.48,8.48,98.39,98.39,74.55,25.45,25.97,75.08,24.92,25.43,2.97,1.01,1.03,76.96,23.04,23.67,60.27,39.73,39.73,67.05,32.95,33.1,78.82,21.18,21.18
EL PASO,MANITOU SPRINGS 14,68.13,31.93,31.93,75.22,24.78,24.78,100.0,100.0,88.89,11.11,11.11,0.0,0.0,66.38,33.62,33.62,84.09,93.18,0.0,0.0,0.0,0.0,0.0,75.0,25.0,25.0,100.0,100.0,0.0,100.0,100.0,0.0,0.0,89.19,10.81,10.81,100.0,100.0,68.34,31.78,31.78,67.94,32.06,32.06,8.35,3.89,3.89,68.14,31.93,31.93,83.33,16.67,16.67,74.05,25.95,25.95,68.75,31.25,31.25
EL PASO,ACADEMY 20,77.3,22.62,23.48,80.51,19.39,20.81,58.56,62.16,64.71,35.12,36.54,75.0,75.0,69.1,30.74,32.89,76.09,78.26,0.0,0.0,0.0,0.0,0.0,74.9,24.71,26.24,100.0,100.0,75.0,25.0,25.0,54.55,54.55,90.18,9.82,9.9,97.62,98.64,77.21,22.71,23.53,77.4,22.52,23.43,0.61,0.18,0.19,79.06,20.84,21.62,66.31,33.57,35.11,71.91,28.02,29.01,77.78,22.22,23.27
EL PASO,ELLICOTT 22,59.69,40.23,41.04,55.62,44.38,46.25,25.0,25.0,82.24,17.76,17.76,100.0,100.0,62.04,37.83,38.46,81.08,83.78,100.0,0.0,0.0,100.0,100.0,65.99,34.01,34.01,95.83,95.83,0.0,0.0,0.0,50.0,50.0,85.71,14.29,14.29,100.0,100.0,59.11,40.72,41.41,60.22,39.78,40.71,10.16,7.0,7.12,57.8,42.09,42.87,25.81,74.19,77.42,71.09,28.91,29.3,0.0,100.0,100.0
EL PASO,PEYTON 23 JT,76.57,23.43,24.8,79.03,20.97,22.58,100.0,100.0,62.5,37.5,37.5,0.0,0.0,70.83,29.17,32.41,100.0,100.0,66.67,33.33,33.33,0.0,0.0,76.92,23.08,24.14,0.0,0.0,100.0,0.0,0.0,0.0,0.0,96.97,3.03,6.06,100.0,100.0,76.22,23.78,24.64,76.88,23.12,24.94,21.84,6.81,7.06,79.71,20.29,21.26,33.33,66.67,66.67,62.69,37.31,41.79,60.0,40.0,40.0
EL PASO,HANOVER 28,48.97,51.03,52.74,59.38,40.62,40.62,100.0,100.0,50.0,50.0,50.0,100.0,100.0,45.81,54.19,56.39,83.33,83.33,58.33,41.67,41.67,100.0,100.0,48.97,51.03,52.74,85.71,85.71,45.16,54.84,58.06,100.0,100.0,66.67,33.33,33.33,0.0,0.0,48.68,51.32,53.95,49.29,50.71,51.43,32.03,33.76,35.49,46.25,53.75,54.37,0.0,100.0,100.0,57.02,42.98,46.49,0.0,100.0,100.0
EL PASO,LEWIS-PALMER 38,79.49,20.43,21.26,82.79,17.21,17.99,48.48,48.48,80.65,19.35,20.65,100.0,100.0,71.72,28.14,30.62,78.43,78.43,0.0,0.0,0.0,0.0,0.0,74.73,25.27,25.27,50.0,50.0,20.0,80.0,80.0,100.0,100.0,92.22,7.67,8.22,96.47,98.82,78.61,21.29,22.27,80.3,19.64,20.33,2.57,0.7,0.73,79.68,20.23,21.06,65.67,34.33,34.33,76.65,23.35,24.32,79.67,20.33,20.88
EL PASO,FALCON 49,71.19,28.93,30.49,75.91,23.84,25.97,64.1,64.1,72.65,27.18,28.96,78.26,78.26,74.2,25.44,27.64,82.56,82.56,0.0,0.0,0.0,0.0,0.0,65.6,33.74,35.63,50.0,50.0,54.17,45.83,58.33,85.71,85.71,89.38,11.64,11.99,96.51,96.51,70.9,29.39,30.77,71.46,28.51,30.22,0.85,0.35,0.37,72.69,27.45,28.8,65.57,34.67,36.87,68.64,31.58,33.22,81.16,19.02,19.57
EL PASO,EDISON 54 JT,65.89,34.11,34.58,50.0,50.0,50.0,100.0,100.0,0.0,0.0,0.0,0.0,0.0,80.33,19.67,19.67,75.0,75.0,0.0,0.0,0.0,0.0,0.0,83.33,16.67,16.67,100.0,100.0,0.0,0.0,0.0,0.0,0.0,100.0,0.0,0.0,60.0,60.0,67.89,32.11,32.11,63.81,36.19,37.14,62.28,29.46,29.46,66.0,34.0,34.5,0.0,0.0,0.0,64.29,35.71,35.71,0.0,0.0,0.0
EL PASO,MIAMI/YODER 60 JT,54.06,45.94,47.34,56.25,43.75,46.88,50.0,50.0,57.14,42.86,42.86,0.0,0.0,56.65,43.35,43.84,90.0,90.0,0.0,0.0,0.0,0.0,0.0,56.07,43.93,45.19,100.0,100.0,0.0,0.0,0.0,0.0,0.0,80.0,20.0,20.0,0.0,0.0,54.29,45.71,46.29,53.85,46.15,48.35,31.02,26.12,26.45,54.12,45.88,47.67,0.0,100.0,100.0,54.9,45.1,45.1,0.0,0.0,0.0
FREMONT,CANON CITY RE-1,75.18,24.28,26.43,78.32,21.5,23.55,52.38,52.38,87.88,12.12,12.12,0.0,0.0,6.25,93.75,93.75,54.97,63.16,0.0,0.0,0.0,0.0,0.0,74.82,24.29,26.62,36.36,72.73,0.0,100.0,100.0,0.0,40.0,91.3,8.36,9.03,92.31,92.31,76.11,23.32,25.35,74.27,25.22,27.49,3.6,1.1,1.2,76.19,23.25,25.4,75.86,24.14,24.14,69.55,29.89,32.14,80.77,19.23,19.23
FREMONT,FREMONT RE-2,70.42,29.53,31.89,73.18,26.82,28.64,77.78,77.78,78.57,21.43,21.43,100.0,100.0,74.6,25.4,27.99,78.33,85.0,0.0,0.0,0.0,0.0,0.0,70.66,29.34,31.18,85.71,92.86,0.0,0.0,0.0,100.0,100.0,94.92,5.08,6.78,88.89,100.0,70.71,29.29,31.37,70.14,29.76,32.39,7.73,3.2,3.43,70.23,29.7,32.43,100.0,0.0,0.0,73.93,26.07,27.24,87.5,12.5,12.5
FREMONT,COTOPAXI RE-3,71.06,28.94,29.36,55.56,44.44,44.44,50.0,50.0,0.0,0.0,0.0,0.0,0.0,64.62,35.38,36.15,80.0,90.0,0.0,0.0,0.0,0.0,0.0,71.06,28.94,29.36,78.57,85.71,0.0,0.0,0.0,0.0,0.0,90.91,9.09,9.09,100.0,100.0,75.23,24.77,24.77,67.46,32.54,33.33,69.02,22.72,22.72,72.33,27.67,28.16,0.0,0.0,0.0,63.16,36.84,36.84,100.0,0.0,0.0
GARFIELD,ROARING FORK RE-1,79.57,20.2,22.31,86.03,13.73,14.95,79.41,82.35,86.41,13.42,16.0,57.97,57.97,86.22,13.73,15.54,72.28,72.28,71.43,28.57,28.57,100.0,100.0,80.48,19.16,20.94,0.0,0.0,0.0,0.0,0.0,0.0,0.0,92.17,7.83,8.13,100.0,100.0,79.75,20.04,21.92,79.41,20.36,22.67,2.88,0.72,0.79,78.49,21.36,22.77,33.33,66.67,66.67,80.84,18.86,21.63,86.27,13.73,13.73
GARFIELD,GARFIELD RE-2,76.03,23.82,25.5,74.39,25.61,27.25,76.19,76.19,79.77,20.04,21.88,63.64,72.73,77.98,21.87,24.06,60.4,74.5,71.43,28.57,28.57,0.0,0.0,69.97,29.77,31.71,0.0,28.57,68.99,30.23,34.11,83.33,100.0,88.14,11.86,12.88,88.89,100.0,76.94,22.89,24.58,75.18,24.67,26.35,3.09,0.92,0.99,74.62,25.24,26.83,45.45,54.55,54.55,78.69,21.17,23.05,52.0,48.0,48.0
GARFIELD,GARFIELD 16,66.98,33.18,35.61,58.04,41.96,44.64,75.0,75.0,68.78,31.22,32.49,85.71,85.71,67.97,32.03,35.95,75.0,77.08,0.0,100.0,100.0,100.0,100.0,64.88,35.12,37.5,0.0,0.0,0.0,100.0,160.0,100.0,100.0,82.14,17.86,17.86,100.0,100.0,68.01,32.16,35.18,66.08,34.07,35.99,11.39,5.39,5.89,64.22,35.91,38.48,0.0,100.0,100.0,70.67,29.57,31.73,50.0,50.0,50.0
GILPIN,GILPIN COUNTY RE-1,69.23,30.77,32.45,65.96,34.04,40.43,40.0,40.0,100.0,0.0,0.0,100.0,100.0,58.87,41.13,43.55,62.5,62.5,0.0,0.0,0.0,0.0,0.0,63.64,36.36,40.91,0.0,0.0,50.0,50.0,50.0,100.0,100.0,84.38,15.62,15.62,100.0,100.0,72.0,28.0,30.0,66.67,33.33,34.72,36.0,14.0,15.0,71.81,28.19,29.08,20.0,80.0,120.0,62.5,37.5,39.58,85.71,14.29,14.29
GRAND,WEST GRAND 1-JT.,79.83,20.17,21.22,78.72,21.28,21.28,100.0,100.0,84.44,15.56,15.56,0.0,0.0,85.19,14.81,15.43,100.0,100.0,0.0,0.0,0.0,0.0,0.0,77.29,22.71,23.58,0.0,0.0,0.0,100.0,100.0,0.0,0.0,96.0,4.0,4.0,100.0,100.0,75.55,24.45,26.64,83.81,16.19,16.19,32.99,10.68,11.63,78.8,21.2,22.55,0.0,0.0,0.0,83.16,16.84,16.84,0.0,0.0,0.0
GRAND,EAST GRAND 2,77.25,22.53,23.96,78.42,21.58,22.3,25.0,50.0,74.82,25.18,27.34,44.44,44.44,80.63,19.11,22.25,40.74,62.96,0.0,0.0,0.0,100.0,100.0,84.55,15.45,15.45,100.0,100.0,100.0,0.0,0.0,0.0,0.0,82.98,17.02,17.02,83.33,83.33,78.32,21.39,22.71,76.25,23.61,25.14,11.55,3.15,3.35,78.74,21.18,22.18,45.45,45.45,63.64,70.47,28.86,32.89,71.43,28.57,28.57
GUNNISON,GUNNISON WATERSHED RE1J,80.17,19.83,21.9,84.55,15.45,17.07,66.67,77.78,86.34,13.66,16.77,50.0,50.0,72.4,27.6,30.06,76.92,76.92,66.67,33.33,33.33,50.0,50.0,78.89,21.11,25.56,0.0,0.0,0.0,100.0,100.0,0.0,0.0,89.22,10.78,11.64,100.0,100.0,79.06,20.94,22.93,81.24,18.76,20.9,8.28,2.19,2.4,80.57,19.43,21.52,50.0,50.0,50.0,81.03,18.97,20.69,87.5,12.5,12.5
HINSDALE,HINSDALE COUNTY RE 1,74.19,25.81,25.81,85.71,14.29,14.29,100.0,100.0,100.0,0.0,0.0,0.0,0.0,52.17,47.83,47.83,0.0,0.0,0.0,0.0,0.0,0.0,0.0,92.59,7.41,7.41,100.0,100.0,0.0,0.0,0.0,0.0,0.0,100.0,0.0,0.0,100.0,100.0,73.81,26.19,26.19,74.51,25.49,25.49,175.74,62.36,62.36,80.25,19.75,19.75,0.0,100.0,100.0,42.86,57.14,57.14,50.0,50.0,50.0
HUERFANO,HUERFANO RE-1,71.34,28.66,30.94,79.17,20.83,27.78,80.0,100.0,100.0,0.0,0.0,0.0,0.0,69.56,30.44,33.19,75.76,84.85,75.0,25.0,25.0,0.0,0.0,73.39,26.61,28.6,75.0,75.0,0.0,0.0,0.0,0.0,0.0,75.0,25.0,37.5,100.0,100.0,70.43,29.57,31.56,72.2,27.8,30.35,23.4,9.82,10.49,58.7,41.3,45.65,14.29,85.71,85.71,78.93,21.07,22.59,50.0,50.0,50.0
HUERFANO,LA VETA RE-2,64.5,35.11,36.64,72.0,28.0,28.0,100.0,100.0,0.0,100.0,100.0,0.0,0.0,61.87,37.41,38.13,88.89,88.89,0.0,0.0,0.0,0.0,0.0,85.19,14.81,14.81,0.0,0.0,0.0,0.0,0.0,0.0,0.0,85.71,14.29,14.29,100.0,100.0,66.67,32.59,34.81,62.2,37.8,38.58,49.39,24.14,25.79,66.67,33.33,35.03,0.0,0.0,0.0,60.98,37.8,39.02,0.0,0.0,0.0
JACKSON,NORTH PARK R-1 ,73.66,26.34,29.27,73.08,26.92,34.62,50.0,50.0,82.61,17.39,17.39,100.0,100.0,69.23,30.77,35.04,75.0,75.0,0.0,0.0,0.0,0.0,0.0,65.05,34.95,39.81,92.31,92.31,0.0,100.0,100.0,0.0,0.0,85.71,14.29,14.29,100.0,100.0,74.29,25.71,28.57,73.0,27.0,30.0,70.75,24.49,27.21,73.08,26.92,30.13,0.0,0.0,0.0,83.72,16.28,18.6,0.0,0.0,0.0
JEFFERSON,JEFFERSON COUNTY R-1,82.05,17.7,19.43,82.83,16.83,19.27,62.79,65.12,70.3,29.52,32.19,51.51,52.51,79.3,20.2,23.33,64.64,68.09,80.6,19.4,19.4,25.0,25.0,71.52,27.78,31.55,53.22,55.93,59.66,39.07,45.0,58.3,61.13,94.16,5.75,6.46,95.5,96.46,82.28,17.5,19.1,81.83,17.89,19.74,0.19,0.04,0.04,84.99,14.8,16.15,65.71,33.77,36.74,74.98,24.64,27.31,83.09,16.88,18.41
KIOWA,EADS RE-1,72.4,27.6,27.6,66.67,33.33,33.33,0.0,0.0,75.0,25.0,25.0,0.0,0.0,67.53,32.47,32.47,88.89,100.0,0.0,100.0,100.0,0.0,0.0,70.0,30.0,30.0,0.0,0.0,0.0,0.0,0.0,0.0,0.0,81.82,18.18,18.18,100.0,100.0,65.52,34.48,34.48,78.1,21.9,21.9,75.31,39.63,39.63,74.05,25.95,25.95,25.0,75.0,75.0,73.91,26.09,26.09,0.0,100.0,100.0
KIOWA,PLAINVIEW RE-2,57.14,42.86,43.88,52.94,47.06,52.94,0.0,0.0,0.0,0.0,0.0,0.0,0.0,57.81,42.19,43.75,0.0,100.0,0.0,100.0,100.0,0.0,0.0,68.0,32.0,36.0,0.0,0.0,0.0,0.0,0.0,0.0,0.0,75.0,25.0,25.0,100.0,100.0,57.45,42.55,44.68,56.86,43.14,43.14,122.23,90.53,95.06,59.76,40.24,41.46,0.0,100.0,100.0,42.86,57.14,57.14,0.0,0.0,0.0
KIT CARSON,ARRIBA-FLAGLER C-20,78.66,21.34,22.56,76.47,23.53,23.53,100.0,100.0,0.0,0.0,0.0,0.0,0.0,66.67,33.33,35.8,66.67,66.67,0.0,0.0,0.0,0.0,0.0,75.0,25.0,25.0,0.0,0.0,0.0,100.0,100.0,0.0,0.0,100.0,0.0,0.0,100.0,100.0,78.87,21.13,23.94,78.49,21.51,21.51,111.08,29.76,33.72,81.46,18.54,18.54,100.0,0.0,0.0,37.5,62.5,87.5,0.0,100.0,100.0
KIT CARSON,HI-PLAINS R-23,74.4,25.6,25.6,54.55,45.45,45.45,50.0,50.0,83.33,16.67,16.67,0.0,0.0,75.34,24.66,24.66,80.0,80.0,0.0,0.0,0.0,0.0,0.0,58.33,41.67,41.67,0.0,0.0,0.0,0.0,0.0,0.0,0.0,100.0,0.0,0.0,0.0,0.0,75.81,24.19,24.19,73.02,26.98,26.98,122.27,39.02,39.02,72.55,27.45,27.45,100.0,0.0,0.0,77.78,22.22,22.22,0.0,0.0,0.0
KIT CARSON,STRATTON R-4,67.72,32.28,32.28,68.42,31.58,31.58,75.0,100.0,66.67,33.33,33.33,100.0,100.0,65.49,34.51,34.51,90.0,100.0,100.0,0.0,0.0,100.0,100.0,66.67,33.33,33.33,0.0,0.0,0.0,0.0,0.0,0.0,0.0,80.0,20.0,20.0,100.0,100.0,64.77,35.23,35.23,70.3,29.7,29.7,73.6,40.03,40.03,68.18,31.82,31.82,0.0,0.0,0.0,65.71,34.29,34.29,0.0,0.0,0.0
KIT CARSON,BETHUNE R-5,63.46,36.54,36.54,22.22,77.78,77.78,0.0,0.0,69.7,30.3,30.3,100.0,100.0,58.72,41.28,41.28,100.0,100.0,100.0,0.0,0.0,100.0,100.0,90.0,10.0,10.0,0.0,0.0,0.0,0.0,0.0,0.0,0.0,62.5,37.5,37.5,100.0,100.0,54.93,45.07,45.07,70.59,29.41,29.41,77.37,63.48,63.48,61.0,39.0,39.0,0.0,0.0,0.0,68.52,31.48,31.48,50.0,50.0,50.0
KIT CARSON,BURLINGTON RE-6J,76.09,23.91,24.62,73.49,26.51,28.92,50.0,50.0,81.82,18.18,20.2,73.33,73.33,72.82,27.18,28.03,77.42,77.42,87.18,12.82,12.82,57.14,57.14,81.29,18.71,18.71,100.0,100.0,26.09,73.91,73.91,60.0,60.0,92.0,8.0,8.0,100.0,100.0,75.84,24.16,24.64,76.35,23.65,24.59,18.14,5.78,5.89,74.7,25.3,25.69,100.0,0.0,0.0,78.66,21.34,22.61,66.67,33.33,33.33
LAKE,LAKE COUNTY R-1,74.64,25.36,26.97,78.12,21.88,24.22,30.0,40.0,76.45,23.55,25.48,54.17,54.17,77.15,22.85,24.71,67.44,67.44,100.0,0.0,0.0,33.33,33.33,77.7,22.3,23.74,0.0,0.0,12.5,87.5,87.5,0.0,0.0,83.33,16.67,16.67,100.0,100.0,74.68,25.32,27.27,74.6,25.4,26.67,12.12,4.11,4.43,71.88,28.12,29.26,33.33,66.67,66.67,77.82,22.18,23.96,0.0,100.0,100.0
LA PLATA,DURANGO 9-R,74.8,25.02,26.49,77.16,23.08,24.94,64.71,67.65,69.57,30.43,34.16,40.0,40.0,72.09,27.56,30.03,57.76,68.97,0.0,0.0,0.0,0.0,0.0,81.61,18.02,19.94,0.0,0.0,42.59,50.0,57.41,0.0,66.67,84.52,15.48,15.72,95.92,97.96,76.18,23.7,25.35,73.49,26.28,27.59,3.06,0.95,1.02,76.81,23.13,24.1,54.29,45.71,45.71,70.44,28.99,31.94,72.73,27.27,27.27
LA PLATA,BAYFIELD 10 JT-R,74.0,26.26,27.92,73.23,29.92,33.86,100.0,100.0,73.08,26.92,34.62,100.0,100.0,65.23,34.77,36.91,80.0,86.67,100.0,0.0,0.0,0.0,0.0,79.63,20.37,20.37,0.0,0.0,40.0,60.0,60.0,0.0,0.0,92.98,7.02,7.89,100.0,100.0,74.32,25.94,27.5,73.68,26.57,28.32,9.64,3.36,3.57,77.05,23.19,24.48,33.33,66.67,66.67,63.8,36.2,39.82,80.0,20.0,20.0
LA PLATA,IGNACIO 11 JT,70.13,29.76,32.84,81.63,18.37,21.43,37.5,37.5,65.12,34.88,34.88,100.0,100.0,85.55,14.45,15.62,70.97,70.97,0.0,0.0,0.0,0.0,0.0,72.14,27.65,30.98,100.0,100.0,50.0,50.0,50.0,0.0,0.0,88.33,11.67,11.67,100.0,100.0,69.76,30.24,34.15,70.45,29.34,31.69,17.01,7.38,8.33,74.0,25.67,28.33,100.0,0.0,0.0,73.36,26.64,29.2,33.33,66.67,66.67
LARIMER,POUDRE R-1,83.22,16.56,18.86,82.51,17.35,21.26,57.89,60.0,79.74,20.35,25.48,72.73,72.73,86.08,13.45,17.83,72.61,76.01,75.0,25.0,25.0,75.0,75.0,78.16,21.29,24.58,20.0,20.0,68.93,30.1,37.17,68.14,71.68,94.37,5.56,6.43,97.81,98.54,83.3,16.47,18.76,83.14,16.65,18.96,0.58,0.12,0.13,84.6,15.19,16.9,73.15,26.35,31.53,79.76,19.94,24.0,77.83,22.17,25.94
BOULDER,THOMPSON R2-J,78.53,21.09,22.98,82.92,16.8,18.56,51.69,54.24,76.77,23.23,26.13,43.48,43.48,77.35,22.01,24.92,61.18,67.81,21.43,78.57,78.57,50.0,50.0,75.07,24.11,27.84,50.0,50.0,45.63,53.24,59.72,45.45,54.55,93.34,6.6,7.39,94.53,96.88,78.85,20.81,22.53,78.23,21.35,23.4,0.96,0.25,0.28,79.56,20.03,21.77,67.26,32.74,35.71,75.23,24.39,26.71,78.4,21.6,22.8
LARIMER,PARK (ESTES PARK) R-3,76.42,23.19,24.21,79.59,20.41,20.41,50.0,50.0,79.66,20.34,20.9,50.0,50.0,73.94,25.39,26.95,69.23,69.23,100.0,0.0,0.0,0.0,0.0,74.38,25.62,25.62,0.0,0.0,36.36,63.64,63.64,60.0,60.0,90.51,9.49,10.22,100.0,100.0,78.12,21.71,22.39,74.96,24.45,25.76,13.35,3.71,3.83,77.44,22.02,23.2,100.0,0.0,0.0,75.19,24.81,25.56,78.95,21.05,21.05
LAS ANIMAS,TRINIDAD 1,72.96,26.98,29.05,79.37,20.63,22.75,75.0,83.33,76.81,23.19,23.19,100.0,100.0,72.9,27.01,29.14,83.54,88.61,0.0,0.0,0.0,0.0,0.0,72.64,27.36,29.63,50.0,50.0,0.0,100.0,108.33,0.0,0.0,94.74,5.26,5.26,100.0,100.0,73.55,26.33,27.81,72.36,27.64,30.32,9.09,3.25,3.44,67.85,32.15,34.03,52.94,47.06,47.06,75.84,24.06,26.37,82.61,17.39,17.39
LAS ANIMAS,PRIMERO REORGANIZED 2,48.12,51.88,51.88,40.0,60.0,60.0,0.0,0.0,75.0,25.0,25.0,100.0,100.0,46.74,53.26,53.26,60.0,60.0,50.0,50.0,50.0,0.0,0.0,50.0,50.0,50.0,0.0,0.0,0.0,0.0,0.0,0.0,0.0,80.0,20.0,20.0,100.0,100.0,51.35,48.65,48.65,45.31,54.69,54.69,46.26,43.83,43.83,45.39,54.61,54.61,0.0,100.0,100.0,54.35,45.65,45.65,100.0,0.0,0.0
LAS ANIMAS,HOEHNE REORGANIZED 3,71.81,28.19,28.19,72.22,27.78,27.78,100.0,100.0,80.0,20.0,20.0,0.0,0.0,62.59,37.41,37.41,100.0,100.0,100.0,0.0,0.0,0.0,0.0,82.76,17.24,17.24,0.0,0.0,100.0,0.0,0.0,100.0,100.0,83.33,16.67,16.67,100.0,100.0,70.17,29.83,29.83,73.33,26.67,26.67,38.77,16.48,16.48,72.95,27.05,27.05,0.0,0.0,0.0,71.25,28.75,28.75,100.0,0.0,0.0
LAS ANIMAS,AGUILAR REORGANIZED 6,45.53,53.66,56.1,75.0,25.0,25.0,0.0,0.0,80.0,20.0,20.0,0.0,0.0,52.94,47.06,48.24,50.0,50.0,0.0,0.0,0.0,0.0,0.0,45.53,53.66,56.1,53.85,53.85,0.0,0.0,0.0,0.0,0.0,100.0,0.0,0.0,0.0,0.0,49.09,50.91,50.91,42.65,55.88,60.29,89.25,92.56,92.56,43.1,56.9,58.62,0.0,0.0,0.0,48.44,50.0,53.12,0.0,0.0,0.0
LAS ANIMAS,BRANSON REORGANIZED 82,36.67,63.33,64.17,42.86,57.14,57.14,0.0,0.0,0.0,100.0,100.0,0.0,0.0,63.74,36.26,36.26,36.84,42.11,0.0,0.0,0.0,0.0,0.0,0.0,0.0,0.0,50.0,100.0,0.0,0.0,0.0,0.0,0.0,77.78,22.22,25.0,100.0,100.0,35.99,64.01,64.9,37.55,62.45,63.22,10.62,18.88,19.14,38.92,61.08,61.86,25.0,75.0,75.0,31.29,68.71,68.71,25.0,75.0,75.0
LAS ANIMAS,KIM REORGANIZED 88,77.05,22.95,22.95,100.0,0.0,0.0,0.0,0.0,0.0,0.0,0.0,0.0,0.0,75.68,24.32,24.32,100.0,100.0,0.0,100.0,100.0,0.0,0.0,100.0,0.0,0.0,0.0,0.0,0.0,0.0,0.0,0.0,0.0,50.0,50.0,50.0,100.0,100.0,79.31,20.69,20.69,75.0,25.0,25.0,273.48,71.34,71.34,84.0,16.0,16.0,0.0,0.0,0.0,45.45,54.55,54.55,0.0,0.0,0.0
LINCOLN,GENOA-HUGO C113,70.53,29.47,30.53,68.0,32.0,32.0,0.0,0.0,0.0,0.0,0.0,0.0,0.0,67.29,32.71,34.58,40.0,40.0,0.0,0.0,0.0,0.0,0.0,84.0,16.0,16.0,0.0,0.0,0.0,0.0,0.0,0.0,0.0,0.0,0.0,0.0,0.0,0.0,73.03,26.97,28.09,68.32,31.68,32.67,82.06,30.3,31.56,72.47,27.53,28.09,50.0,50.0,75.0,37.5,62.5,62.5,0.0,0.0,0.0
LINCOLN,LIMON RE-4J,68.08,31.92,32.66,80.33,19.67,19.67,75.0,75.0,54.55,45.45,45.45,100.0,100.0,68.53,31.47,32.27,81.82,81.82,0.0,0.0,0.0,0.0,0.0,63.59,36.41,36.89,66.67,66.67,6.67,93.33,93.33,100.0,100.0,90.62,9.38,9.38,100.0,100.0,68.66,31.34,31.34,67.52,32.48,33.94,25.62,11.69,11.69,67.91,32.09,32.97,71.43,28.57,28.57,66.67,33.33,33.33,60.0,40.0,40.0
LINCOLN,KARVAL RE-23,35.09,64.91,66.42,33.33,66.67,66.67,50.0,50.0,0.0,0.0,0.0,0.0,0.0,43.66,56.34,57.75,55.0,65.0,0.0,0.0,0.0,0.0,0.0,100.0,0.0,0.0,33.33,66.67,0.0,100.0,100.0,66.67,66.67,100.0,0.0,0.0,100.0,100.0,37.8,62.2,63.78,32.61,67.39,68.84,29.76,48.98,50.22,35.81,64.19,65.94,33.33,66.67,66.67,22.73,77.27,77.27,60.0,40.0,40.0
LOGAN,VALLEY RE-1,76.61,23.31,25.19,79.4,20.27,23.26,54.55,63.64,79.39,20.61,21.21,66.67,66.67,75.91,23.93,26.2,64.37,70.11,55.56,44.44,44.44,66.67,66.67,76.78,23.22,24.87,50.0,50.0,35.0,65.0,80.0,50.0,75.0,92.05,7.95,8.52,92.59,92.59,76.23,23.68,25.86,76.95,22.97,24.58,6.38,1.98,2.16,77.42,22.52,24.31,50.0,50.0,55.0,76.8,23.04,25.08,58.82,41.18,41.18
LOGAN,FRENCHMAN RE-3,78.06,21.94,22.45,66.67,33.33,33.33,100.0,100.0,100.0,0.0,0.0,0.0,0.0,71.58,28.42,28.42,100.0,100.0,0.0,0.0,0.0,0.0,0.0,65.52,34.48,34.48,0.0,0.0,0.0,0.0,0.0,0.0,0.0,100.0,0.0,0.0,100.0,100.0,77.45,22.55,23.53,78.72,21.28,21.28,75.93,22.11,23.07,78.44,21.56,22.16,0.0,100.0,100.0,79.17,20.83,20.83,50.0,50.0,50.0
LOGAN,BUFFALO RE-4J,82.3,17.7,17.7,69.7,30.3,30.3,100.0,100.0,33.33,66.67,66.67,0.0,0.0,73.95,26.05,26.05,100.0,100.0,0.0,0.0,0.0,0.0,0.0,74.51,25.49,25.49,0.0,0.0,0.0,0.0,0.0,0.0,0.0,100.0,0.0,0.0,0.0,0.0,83.95,16.05,16.05,80.79,19.21,19.21,51.82,9.91,9.91,82.64,17.36,17.36,100.0,0.0,0.0,73.33,26.67,26.67,50.0,50.0,50.0
LOGAN,PLATEAU RE-5,78.65,21.35,21.88,88.24,11.76,11.76,0.0,0.0,100.0,0.0,0.0,0.0,0.0,83.12,16.88,18.18,100.0,100.0,0.0,0.0,0.0,0.0,0.0,92.86,7.14,7.14,100.0,100.0,0.0,0.0,0.0,0.0,0.0,100.0,0.0,0.0,100.0,100.0,75.32,24.68,24.68,80.87,19.13,20.0,97.82,32.05,32.05,79.78,20.22,20.77,0.0,0.0,0.0,33.33,66.67,66.67,0.0,0.0,0.0
MESA,DE BEQUE 49JT,48.99,51.01,54.36,33.33,66.67,66.67,0.0,0.0,100.0,0.0,0.0,0.0,0.0,44.44,55.56,61.11,75.0,75.0,0.0,0.0,0.0,0.0,0.0,67.5,32.5,35.0,0.0,0.0,0.0,0.0,0.0,0.0,0.0,100.0,0.0,0.0,100.0,100.0,49.15,50.85,54.24,48.89,51.11,54.44,83.31,86.19,91.93,51.59,48.41,52.38,0.0,0.0,0.0,35.29,64.71,64.71,0.0,0.0,0.0
MESA,PLATEAU VALLEY 50,54.98,45.02,45.79,43.75,56.25,56.25,21.74,21.74,47.06,52.94,52.94,0.0,0.0,61.88,38.12,38.75,25.37,43.28,0.0,0.0,0.0,0.0,0.0,81.94,18.06,18.06,38.89,50.0,0.0,0.0,0.0,0.0,0.0,50.0,50.0,50.0,50.0,100.0,57.61,42.39,43.12,53.05,46.95,47.75,20.87,15.36,15.62,60.13,39.87,40.52,37.14,62.86,65.71,43.8,56.2,56.2,75.0,25.0,25.0
MESA,MESA COUNTY VALLEY 51,78.43,20.97,24.21,82.87,16.41,19.91,57.81,59.38,79.05,20.56,24.71,64.0,66.0,56.68,41.9,52.43,67.84,70.45,65.45,33.64,41.82,62.5,62.5,77.29,21.42,25.79,44.44,55.56,53.87,44.59,55.67,52.31,58.46,92.9,6.87,8.05,96.99,96.99,78.48,20.88,24.01,78.37,21.05,24.39,0.67,0.18,0.21,78.63,20.79,23.68,73.26,25.0,28.49,79.46,19.85,24.02,75.94,24.06,25.67
MINERAL,CREEDE SCHOOL DISTRICT,61.54,38.46,38.46,66.67,33.33,33.33,0.0,0.0,0.0,0.0,0.0,0.0,0.0,66.67,33.33,33.33,50.0,50.0,0.0,0.0,0.0,0.0,0.0,61.54,38.46,38.46,88.89,88.89,0.0,0.0,0.0,0.0,0.0,75.0,25.0,25.0,0.0,0.0,62.5,37.5,37.5,60.71,39.29,39.29,130.21,78.12,78.12,66.67,33.33,33.33,0.0,0.0,0.0,50.0,50.0,50.0,0.0,100.0,100.0
MOFFAT,MOFFAT COUNTY RE:NO 1,76.59,23.41,26.06,77.0,23.47,26.29,80.0,80.0,76.38,23.23,29.53,75.0,75.0,77.63,22.37,26.95,64.71,67.65,0.0,0.0,0.0,0.0,0.0,88.1,11.9,15.08,0.0,0.0,21.88,75.0,96.88,25.0,25.0,86.17,13.83,15.96,100.0,100.0,76.44,23.65,26.83,76.73,23.19,25.37,6.57,2.03,2.31,76.81,23.19,25.51,80.0,20.0,20.0,75.74,24.06,27.81,75.0,37.5,50.0
MONTEZUMA,MONTEZUMA-CORTEZ RE-1,69.11,30.34,34.43,77.53,21.84,25.32,40.74,40.74,66.3,33.33,36.96,34.15,34.15,70.87,28.51,33.49,41.67,44.7,100.0,0.0,0.0,0.0,0.0,73.14,25.68,29.64,0.0,0.0,0.0,0.0,0.0,0.0,0.0,87.27,12.73,13.33,92.31,92.31,68.87,30.56,34.18,69.33,30.13,34.67,4.38,1.94,2.17,70.13,29.1,32.38,93.33,6.67,13.33,72.1,27.21,30.33,73.33,26.67,26.67
MONTEZUMA,DOLORES RE-4A,70.77,29.23,29.49,66.15,33.85,33.85,0.0,0.0,88.89,11.11,11.11,50.0,100.0,68.84,31.16,31.75,80.95,85.71,0.0,0.0,0.0,0.0,0.0,69.16,30.84,30.84,0.0,0.0,0.0,0.0,0.0,0.0,0.0,86.11,13.89,13.89,100.0,100.0,70.86,29.14,29.41,70.69,29.31,29.56,18.95,7.79,7.86,71.62,28.38,28.68,66.67,33.33,33.33,71.43,28.57,28.57,60.0,40.0,40.0
MONTEZUMA,MANCOS RE-6,67.71,32.52,33.63,84.62,19.23,23.08,100.0,100.0,60.61,39.39,39.39,100.0,100.0,65.51,34.84,36.24,92.31,100.0,100.0,0.0,0.0,0.0,0.0,62.07,37.93,37.93,0.0,0.0,27.27,72.73,72.73,100.0,100.0,77.14,22.86,22.86,100.0,100.0,62.56,37.44,39.34,72.27,28.15,28.57,29.65,17.74,18.64,72.16,28.14,29.34,0.0,100.0,100.0,54.67,45.33,46.67,0.0,0.0,0.0
MONTROSE,MONTROSE COUNTY RE-1J,77.5,21.99,25.09,79.54,19.93,22.57,41.94,41.94,81.39,18.15,21.67,61.11,61.11,78.44,20.95,25.44,70.3,71.43,58.7,36.96,46.74,11.11,22.22,76.69,22.82,26.33,16.67,16.67,40.55,57.09,72.05,57.89,57.89,91.51,8.49,8.7,95.92,100.0,78.42,21.06,23.94,76.64,22.87,26.18,2.4,0.64,0.73,76.82,22.66,25.66,70.97,29.03,29.03,79.49,20.01,23.2,74.19,25.81,25.81
MONTROSE,WEST END RE-2,72.36,27.64,29.34,74.42,25.58,30.23,100.0,100.0,30.0,70.0,70.0,0.0,0.0,69.83,30.17,32.96,60.0,60.0,0.0,0.0,0.0,0.0,0.0,68.09,31.91,34.04,0.0,0.0,100.0,0.0,0.0,0.0,0.0,100.0,0.0,0.0,100.0,100.0,72.43,27.57,30.27,72.29,27.71,28.31,39.15,14.9,16.36,76.49,23.51,25.5,80.0,20.0,20.0,35.29,64.71,64.71,100.0,0.0,0.0
MORGAN,BRUSH RE-2(J),77.6,22.4,24.7,72.14,27.86,28.57,60.0,70.0,86.76,13.24,16.91,80.0,80.0,77.04,22.96,26.43,72.13,81.97,51.61,48.39,58.06,75.0,75.0,85.98,14.02,18.69,100.0,100.0,14.29,85.71,108.57,33.33,66.67,92.96,7.04,7.75,100.0,100.0,77.3,22.7,25.19,77.92,22.08,24.22,9.59,2.82,3.13,76.42,23.58,25.56,64.71,35.29,35.29,78.96,21.04,23.83,100.0,0.0,0.0
MORGAN,FORT MORGAN RE-3,77.26,22.63,24.77,78.22,21.47,25.46,43.75,50.0,78.83,21.08,22.78,45.95,54.05,78.11,21.76,24.53,62.26,72.96,51.04,48.44,52.08,36.36,40.91,76.81,23.04,25.45,44.44,66.67,30.08,69.92,77.24,23.08,23.08,93.6,6.4,6.4,100.0,100.0,77.51,22.31,24.67,77.02,22.93,24.87,4.69,1.35,1.49,77.66,22.09,24.04,48.2,51.8,53.96,79.28,20.67,22.95,60.0,40.0,40.0
MORGAN,WELDON VALLEY RE-20(J),73.78,26.22,26.22,73.68,26.32,26.32,100.0,100.0,100.0,0.0,0.0,0.0,0.0,25.0,75.0,75.0,100.0,100.0,0.0,0.0,0.0,0.0,0.0,88.24,11.76,11.76,100.0,100.0,0.0,0.0,0.0,0.0,0.0,83.33,16.67,16.67,100.0,100.0,73.95,26.05,26.05,73.58,26.42,26.42,62.14,21.89,21.89,75.92,24.08,24.08,0.0,0.0,0.0,63.64,36.36,36.36,0.0,100.0,100.0
MORGAN,WIGGINS RE-50(J),73.44,26.56,27.09,62.16,37.84,40.54,100.0,100.0,80.17,19.83,20.69,20.0,20.0,82.33,17.67,18.42,67.86,67.86,57.89,42.11,42.11,33.33,33.33,73.7,26.3,26.83,79.07,79.07,38.1,61.9,66.67,66.67,66.67,93.33,6.67,6.67,100.0,100.0,75.56,24.44,24.81,71.53,28.47,29.15,28.41,9.19,9.33,79.35,20.65,21.2,66.67,33.33,33.33,62.11,37.89,38.51,100.0,0.0,0.0
OTERO,EAST OTERO R-1,70.68,29.32,31.53,67.82,32.18,33.91,53.85,53.85,75.68,24.32,24.32,66.67,66.67,73.3,26.7,28.93,83.33,88.46,83.33,16.67,16.67,0.0,0.0,71.48,28.52,30.48,50.0,63.64,0.0,100.0,100.0,0.0,0.0,92.31,7.69,7.69,100.0,100.0,71.06,28.94,31.0,70.33,29.67,32.03,9.75,3.97,4.25,68.27,31.73,34.34,83.33,16.67,16.67,72.38,27.62,29.74,83.33,16.67,16.67
OTERO,ROCKY FORD R-2,72.54,27.46,28.91,70.1,29.9,31.96,60.0,60.0,68.82,31.18,33.33,50.0,100.0,72.87,27.13,28.86,68.29,82.93,50.0,50.0,58.33,100.0,100.0,74.89,25.11,26.64,66.67,100.0,0.0,100.0,100.0,0.0,50.0,91.67,8.33,12.5,100.0,100.0,70.78,29.22,30.37,74.0,26.0,27.7,16.16,6.67,6.93,67.52,32.48,33.21,54.55,45.45,45.45,74.74,25.26,27.06,71.43,28.57,28.57
OTERO,MANZANOLA 3J,59.7,40.3,42.29,85.71,14.29,14.29,100.0,100.0,38.98,61.02,61.02,100.0,100.0,61.11,38.89,40.74,90.91,90.91,37.78,62.22,62.22,0.0,0.0,60.0,40.0,41.0,0.0,0.0,0.0,0.0,0.0,0.0,0.0,100.0,0.0,0.0,100.0,100.0,59.57,40.43,41.49,59.81,40.19,42.99,63.37,43.01,44.14,64.52,35.48,37.1,100.0,0.0,0.0,57.25,42.75,44.93,0.0,0.0,0.0
OTERO,FOWLER R-4J,74.51,25.49,26.78,84.38,15.62,15.62,100.0,100.0,55.56,44.44,44.44,0.0,0.0,68.77,31.23,33.46,100.0,100.0,0.0,100.0,100.0,0.0,0.0,69.23,30.77,30.77,0.0,0.0,0.0,0.0,0.0,0.0,0.0,100.0,0.0,0.0,100.0,100.0,77.87,22.13,22.95,70.78,29.22,31.05,31.91,9.07,9.41,76.26,23.74,24.3,0.0,0.0,0.0,72.34,27.66,29.79,0.0,0.0,0.0
OTERO,CHERAW 31,79.46,20.54,21.43,61.54,38.46,38.46,0.0,0.0,0.0,0.0,0.0,0.0,0.0,76.15,23.85,25.38,80.0,80.0,100.0,0.0,0.0,0.0,0.0,78.26,21.74,21.74,50.0,50.0,100.0,0.0,0.0,100.0,100.0,84.62,15.38,15.38,100.0,100.0,85.09,14.91,15.79,73.64,26.36,27.27,74.64,13.08,13.85,83.14,16.86,17.44,0.0,100.0,100.0,71.74,28.26,30.43,0.0,0.0,0.0
OTERO,SWINK 33,75.54,24.46,24.7,80.95,19.05,19.05,100.0,100.0,87.5,12.5,12.5,0.0,0.0,70.53,29.47,30.0,100.0,100.0,0.0,100.0,100.0,0.0,0.0,83.33,16.67,16.67,0.0,0.0,0.0,100.0,100.0,0.0,0.0,0.0,0.0,0.0,0.0,0.0,73.17,26.83,27.32,77.83,22.17,22.17,35.69,13.09,13.33,77.32,22.68,23.05,50.0,50.0,50.0,71.43,28.57,28.57,77.78,22.22,22.22
OURAY,OURAY R-1,66.67,33.33,34.25,68.0,32.0,32.0,80.0,80.0,66.67,33.33,33.33,33.33,33.33,67.14,32.86,32.86,72.73,72.73,0.0,0.0,0.0,0.0,0.0,55.0,45.0,45.0,0.0,0.0,0.0,0.0,0.0,0.0,0.0,86.21,13.79,13.79,0.0,0.0,64.96,35.04,35.9,68.63,31.37,32.35,55.52,29.95,30.68,67.58,32.42,32.97,100.0,0.0,0.0,56.67,43.33,46.67,75.0,25.0,25.0
OURAY,RIDGWAY R-2,70.73,29.27,30.31,66.67,33.33,38.89,33.33,66.67,16.67,83.33,83.33,0.0,0.0,66.91,33.09,34.53,66.67,83.33,66.67,33.33,33.33,0.0,0.0,54.17,45.83,50.0,0.0,0.0,0.0,100.0,100.0,0.0,0.0,96.55,3.45,3.45,100.0,100.0,67.02,32.98,34.03,74.36,25.64,26.67,35.09,17.27,17.82,73.46,26.54,27.16,100.0,0.0,0.0,42.11,57.89,63.16,75.0,25.0,25.0
PARK,PLATTE CANYON 1,68.72,31.28,32.4,72.18,27.82,29.32,66.67,66.67,0.0,0.0,0.0,0.0,0.0,64.45,35.55,36.62,66.67,70.0,0.0,0.0,0.0,0.0,0.0,63.2,36.8,37.6,0.0,0.0,0.0,100.0,100.0,0.0,0.0,86.21,13.79,14.66,77.78,77.78,68.88,31.12,32.48,68.59,31.41,32.32,11.71,5.29,5.52,69.43,30.57,31.51,55.56,44.44,55.56,69.23,30.77,31.73,73.33,26.67,26.67
PARK,PARK COUNTY RE-2,64.58,35.26,36.22,72.73,27.27,30.3,33.33,33.33,40.0,60.0,60.0,0.0,0.0,51.43,48.57,49.84,53.85,61.54,0.0,0.0,0.0,0.0,0.0,84.54,15.46,16.49,0.0,0.0,0.0,0.0,0.0,0.0,0.0,90.91,9.09,9.09,100.0,100.0,61.84,38.16,39.14,67.19,32.5,33.44,20.34,12.55,12.88,66.1,33.71,34.29,22.22,77.78,77.78,57.33,42.67,46.67,0.0,100.0,100.0
PHILLIPS,HOLYOKE RE-1J,78.78,21.22,22.46,78.26,21.74,24.64,66.67,66.67,80.29,19.71,21.9,50.0,50.0,74.24,25.76,27.88,73.91,73.91,45.45,54.55,54.55,50.0,50.0,79.31,20.69,20.69,100.0,100.0,0.0,0.0,0.0,0.0,0.0,97.22,2.78,2.78,100.0,100.0,77.48,22.52,23.84,79.94,20.06,21.24,25.66,7.46,7.89,79.78,20.22,21.29,33.33,66.67,66.67,77.69,22.31,23.85,0.0,100.0,100.0
PHILLIPS,HAXTUN RE-2J,80.88,19.12,19.75,76.67,23.33,23.33,66.67,100.0,0.0,0.0,0.0,0.0,0.0,76.0,24.0,24.0,87.5,100.0,0.0,0.0,0.0,0.0,0.0,83.33,16.67,16.67,0.0,0.0,0.0,0.0,0.0,0.0,0.0,100.0,0.0,0.0,100.0,100.0,79.11,20.89,22.15,82.61,17.39,17.39,50.07,13.22,14.02,80.63,19.37,20.07,0.0,100.0,100.0,81.48,18.52,18.52,100.0,0.0,0.0
PITKIN,ASPEN 1,84.06,15.94,17.15,90.83,9.17,10.0,75.0,100.0,77.72,22.28,24.26,60.0,60.0,78.63,21.37,22.22,81.25,87.5,0.0,0.0,0.0,0.0,0.0,0.0,0.0,0.0,0.0,0.0,0.0,0.0,0.0,0.0,0.0,92.86,7.14,7.14,100.0,100.0,84.7,15.3,16.78,83.46,16.54,17.5,9.67,1.75,1.92,85.01,14.99,16.28,92.31,7.69,7.69,80.3,19.7,20.69,79.41,20.59,20.59
PROWERS,GRANADA RE-1,65.68,34.32,34.32,64.29,35.71,35.71,100.0,100.0,64.0,36.0,36.0,100.0,100.0,62.01,37.99,37.99,100.0,100.0,5.56,94.44,94.44,0.0,0.0,68.85,31.15,31.15,0.0,0.0,100.0,0.0,0.0,100.0,100.0,85.71,14.29,14.29,100.0,100.0,64.91,35.09,35.09,66.24,33.76,33.76,56.94,30.78,30.78,72.97,27.03,27.03,0.0,0.0,0.0,62.94,37.06,37.06,0.0,0.0,0.0
PROWERS,LAMAR RE-2,76.77,23.23,24.75,72.08,27.92,29.87,85.71,85.71,79.82,20.18,22.81,50.0,50.0,74.07,25.93,27.94,57.32,62.2,81.25,18.75,20.83,50.0,50.0,79.19,20.81,21.92,56.06,59.09,40.0,60.0,60.0,0.0,0.0,88.19,11.81,12.6,100.0,100.0,75.89,24.11,25.41,77.56,22.44,24.15,8.97,2.85,3.0,73.04,26.96,28.73,80.0,20.0,20.0,79.94,20.06,21.47,85.71,14.29,14.29
PROWERS,HOLLY RE-3,82.47,17.53,18.9,93.1,6.9,6.9,100.0,100.0,80.28,19.72,21.13,100.0,100.0,80.0,20.0,21.46,100.0,100.0,95.24,4.76,4.76,100.0,100.0,79.17,20.83,23.21,100.0,100.0,0.0,0.0,0.0,0.0,0.0,87.5,12.5,12.5,100.0,100.0,75.4,24.6,26.19,87.88,12.12,13.33,59.84,19.52,20.79,80.42,19.58,21.68,0.0,0.0,0.0,84.4,15.6,16.31,0.0,100.0,100.0
PROWERS,WILEY RE-13 JT,70.7,29.3,29.3,72.73,27.27,27.27,0.0,0.0,100.0,0.0,0.0,0.0,0.0,62.24,37.76,37.76,63.64,63.64,100.0,0.0,0.0,0.0,0.0,84.95,15.05,15.05,0.0,0.0,0.0,0.0,0.0,0.0,0.0,100.0,0.0,0.0,0.0,0.0,75.76,24.24,24.24,65.32,34.68,34.68,57.39,18.36,18.36,75.14,24.86,24.86,100.0,0.0,0.0,63.51,36.49,36.49,0.0,0.0,0.0
PUEBLO,PUEBLO CITY 60,77.43,22.31,25.7,81.18,19.04,22.6,28.35,29.92,78.02,21.37,24.62,59.72,61.11,82.55,16.6,20.85,55.94,61.42,62.96,37.04,38.89,75.0,75.0,76.74,22.91,26.78,9.23,24.62,76.92,21.32,26.6,50.42,56.3,88.4,11.16,12.22,89.93,92.09,77.4,22.34,25.63,77.46,22.3,25.77,0.83,0.24,0.27,73.83,25.89,28.86,67.31,32.47,36.56,79.73,20.05,23.6,77.05,22.95,23.77
PUEBLO,PUEBLO COUNTY 70,73.95,25.86,27.85,76.32,23.48,26.73,61.36,65.91,72.27,27.73,31.09,36.36,54.55,74.96,24.88,27.19,75.96,82.93,70.27,29.73,32.43,75.0,75.0,69.3,30.7,32.85,30.0,60.0,31.25,68.75,78.12,44.44,55.56,89.57,10.43,11.18,92.86,97.62,73.81,25.98,27.75,74.09,25.74,27.95,1.53,0.54,0.58,75.25,24.61,26.48,61.03,38.97,41.18,72.46,27.22,29.52,63.38,36.62,38.03
RIO BLANCO,MEEKER RE1,73.61,26.39,26.67,75.0,25.0,25.0,100.0,100.0,74.6,25.4,25.4,100.0,100.0,66.51,33.49,33.97,88.89,88.89,100.0,0.0,0.0,0.0,0.0,67.11,32.89,32.89,0.0,0.0,0.0,0.0,0.0,0.0,0.0,100.0,0.0,0.0,100.0,100.0,70.88,29.12,29.67,76.28,23.72,23.72,19.47,8.0,8.15,73.48,26.52,26.85,66.67,33.33,33.33,76.42,23.58,23.58,66.67,33.33,33.33
RIO BLANCO,RANGELY RE-4,74.2,25.8,27.5,88.68,11.32,11.32,100.0,100.0,100.0,0.0,0.0,100.0,100.0,66.46,33.54,34.15,83.33,83.33,0.0,0.0,0.0,0.0,0.0,84.21,15.79,15.79,0.0,0.0,100.0,0.0,0.0,0.0,0.0,78.57,21.43,21.43,0.0,0.0,73.66,26.34,27.48,74.72,25.28,27.51,28.11,10.05,10.49,75.33,24.67,26.43,75.0,25.0,25.0,66.15,33.85,35.38,100.0,0.0,0.0
RIO GRANDE,DEL NORTE C-7,69.45,30.39,31.97,53.06,46.94,46.94,100.0,100.0,75.0,25.0,25.0,50.0,50.0,66.21,33.79,36.21,80.77,84.62,80.0,20.0,20.0,0.0,0.0,76.55,23.45,25.26,0.0,0.0,0.0,100.0,100.0,0.0,0.0,77.78,22.22,22.22,100.0,100.0,69.75,30.25,31.85,69.16,30.53,32.09,22.21,9.63,10.14,67.81,31.85,32.88,20.0,80.0,80.0,72.34,27.66,29.48,0.0,100.0,200.0
RIO GRANDE,MONTE VISTA C-8,71.3,28.48,30.04,67.78,32.22,33.33,33.33,33.33,74.53,25.47,28.3,71.43,71.43,76.8,22.97,24.77,60.81,74.32,58.46,41.54,46.15,50.0,66.67,80.77,19.41,19.76,100.0,100.0,40.0,60.0,60.0,33.33,66.67,83.33,16.67,16.67,100.0,100.0,69.95,29.74,31.59,72.57,27.29,28.59,10.78,4.58,4.87,63.24,36.76,37.3,57.14,42.86,42.86,74.65,25.03,26.97,20.0,80.0,80.0
RIO GRANDE,SARGENT RE-33J,81.43,18.57,18.57,76.92,23.08,23.08,0.0,0.0,81.58,18.42,18.42,0.0,0.0,65.0,35.0,35.0,86.67,100.0,75.0,25.0,25.0,0.0,0.0,82.5,17.5,17.5,0.0,0.0,0.0,0.0,0.0,0.0,0.0,100.0,0.0,0.0,75.0,100.0,81.05,18.95,18.95,81.82,18.18,18.18,32.68,7.64,7.64,80.66,19.34,19.34,100.0,0.0,0.0,84.03,15.97,15.97,50.0,50.0,50.0
ROUTT,HAYDEN RE-1,72.58,27.42,27.9,81.67,18.33,18.33,85.71,85.71,82.76,17.24,17.24,0.0,0.0,68.06,31.94,32.98,87.5,87.5,0.0,0.0,0.0,0.0,0.0,84.21,15.79,15.79,0.0,0.0,100.0,0.0,0.0,0.0,0.0,100.0,0.0,0.0,0.0,0.0,72.04,27.96,29.03,73.0,27.0,27.0,38.73,15.03,15.61,71.47,28.53,29.09,75.0,25.0,25.0,77.08,22.92,22.92,83.33,16.67,16.67
ROUTT,STEAMBOAT SPRINGS RE-2,80.28,19.76,20.93,79.84,20.16,20.16,50.0,50.0,66.48,33.52,36.31,55.56,55.56,76.36,23.64,24.73,62.5,62.5,100.0,0.0,0.0,0.0,0.0,89.78,10.22,12.37,0.0,0.0,0.0,0.0,0.0,0.0,0.0,96.94,3.06,3.06,96.67,100.0,81.42,18.58,19.58,79.22,20.85,22.17,6.81,1.55,1.64,81.13,18.92,20.08,66.67,33.33,33.33,73.84,26.16,27.43,66.67,33.33,33.33
ROUTT,SOUTH ROUTT RE 3,71.0,29.0,30.37,81.82,18.18,18.18,100.0,100.0,62.96,37.04,37.04,0.0,0.0,64.0,36.0,36.5,100.0,100.0,0.0,0.0,0.0,0.0,0.0,76.19,23.81,23.81,0.0,0.0,0.0,0.0,0.0,0.0,0.0,81.82,18.18,18.18,0.0,0.0,72.27,27.73,29.55,69.72,30.28,31.19,32.85,12.6,13.43,72.26,27.74,29.26,0.0,100.0,100.0,63.16,36.84,36.84,60.0,40.0,40.0
SAGUACHE,MOUNTAIN VALLEY RE 1,59.7,40.3,44.78,68.75,31.25,37.5,100.0,100.0,100.0,0.0,0.0,0.0,0.0,58.14,41.86,48.84,87.5,87.5,0.0,0.0,0.0,0.0,0.0,63.16,36.84,43.16,100.0,100.0,50.0,50.0,56.25,100.0,100.0,0.0,0.0,0.0,0.0,0.0,60.53,39.47,44.74,58.62,41.38,44.83,79.64,51.93,58.87,57.29,42.71,46.88,0.0,0.0,0.0,75.76,24.24,30.3,0.0,0.0,0.0
SAGUACHE,MOFFAT 2,66.67,33.33,34.63,73.68,26.32,26.32,100.0,100.0,60.0,40.0,60.0,0.0,0.0,63.96,36.04,36.04,85.71,85.71,100.0,0.0,0.0,0.0,0.0,58.62,41.38,43.68,92.31,92.31,61.9,38.1,38.1,75.0,75.0,100.0,0.0,0.0,100.0,100.0,68.81,31.19,32.11,64.75,35.25,36.89,63.13,28.61,29.46,64.71,35.29,36.27,33.33,66.67,66.67,91.67,8.33,8.33,50.0,50.0,100.0
SAGUACHE,CENTER 26 JT,69.94,30.06,32.63,66.04,33.96,33.96,50.0,50.0,67.07,32.93,36.59,60.0,60.0,73.62,26.38,28.88,75.0,75.0,47.41,52.59,60.34,50.0,50.0,70.33,29.67,32.52,62.5,62.5,45.35,54.65,61.63,66.67,66.67,100.0,0.0,0.0,100.0,100.0,71.04,28.96,31.4,68.86,31.14,33.83,21.66,8.83,9.57,40.43,59.57,61.7,100.0,0.0,0.0,72.53,27.47,30.15,0.0,0.0,0.0
SAN JUAN,SILVERTON 1,53.57,46.43,47.62,57.14,42.86,42.86,0.0,0.0,52.94,47.06,52.94,100.0,100.0,58.82,41.18,43.14,100.0,100.0,0.0,0.0,0.0,0.0,0.0,67.86,32.14,35.71,100.0,100.0,0.0,100.0,100.0,100.0,100.0,69.23,30.77,30.77,0.0,0.0,46.88,53.12,56.25,57.69,42.31,42.31,146.5,166.0,175.78,57.63,42.37,42.37,0.0,0.0,0.0,44.0,56.0,60.0,0.0,0.0,0.0
SAN MIGUEL,TELLURIDE R-1,80.84,19.16,19.42,77.08,22.92,25.0,40.0,80.0,79.05,20.95,20.95,50.0,50.0,88.95,11.05,11.05,60.0,60.0,100.0,0.0,0.0,0.0,0.0,75.76,24.24,24.24,0.0,0.0,0.0,100.0,100.0,0.0,0.0,94.29,5.71,5.71,100.0,100.0,81.14,18.86,18.86,80.52,19.48,20.0,20.13,4.68,4.68,82.83,17.17,17.48,100.0,0.0,0.0,71.21,28.79,28.79,75.0,25.0,25.0
SAN MIGUEL,NORWOOD R-2J,78.7,21.3,23.1,88.0,12.0,12.0,0.0,0.0,65.22,34.78,34.78,100.0,100.0,72.52,27.48,30.53,100.0,100.0,0.0,0.0,0.0,0.0,0.0,82.86,17.14,17.14,0.0,0.0,0.0,0.0,0.0,0.0,0.0,92.31,7.69,7.69,0.0,0.0,74.15,25.85,27.89,83.85,16.15,17.69,50.44,17.59,18.97,81.17,18.83,20.92,100.0,0.0,0.0,63.33,36.67,36.67,0.0,100.0,100.0
SEDGWICK,JULESBURG RE-1,23.84,75.89,77.15,45.79,54.21,56.07,6.82,13.64,100.0,0.0,0.0,7.14,28.57,53.59,45.93,46.89,15.07,28.31,0.0,0.0,0.0,0.0,0.0,88.57,8.57,11.43,2.56,15.38,0.0,0.0,0.0,16.67,22.22,75.0,25.0,25.0,50.0,56.25,21.89,77.68,79.09,26.9,73.1,74.11,2.37,8.42,8.57,24.1,75.53,77.09,10.34,89.66,89.66,26.69,73.31,73.63,0.0,100.0,100.0
SEDGWICK,PLATTE VALLEY RE-3,75.18,24.82,24.82,84.0,16.0,16.0,0.0,0.0,0.0,0.0,0.0,0.0,0.0,75.0,25.0,25.0,100.0,100.0,0.0,0.0,0.0,0.0,0.0,50.0,50.0,50.0,0.0,0.0,0.0,0.0,0.0,0.0,0.0,66.67,33.33,33.33,0.0,0.0,64.71,35.29,35.29,84.93,15.07,15.07,95.16,51.9,51.9,76.52,23.48,23.48,50.0,50.0,50.0,78.95,21.05,21.05,0.0,100.0,100.0
SUMMIT,SUMMIT RE-1,77.77,22.2,23.27,84.52,15.48,16.72,62.96,62.96,81.99,18.01,19.67,60.0,62.22,77.92,21.99,23.89,67.57,71.62,0.0,0.0,0.0,100.0,100.0,93.96,6.04,8.05,0.0,0.0,41.67,58.33,58.33,0.0,0.0,86.53,13.47,13.88,100.0,100.0,78.43,21.57,22.74,77.17,22.78,23.75,4.85,1.33,1.41,76.52,23.48,24.29,52.94,47.06,52.94,81.85,18.05,19.61,66.67,33.33,35.9
TELLER,CRIPPLE CREEK-VICTOR RE-1,55.49,44.51,48.86,61.67,38.33,38.33,50.0,50.0,60.0,40.0,40.0,0.0,0.0,55.35,44.65,50.92,70.59,73.53,0.0,0.0,0.0,0.0,0.0,53.19,46.81,52.34,0.0,0.0,55.56,44.44,51.85,69.23,69.23,62.5,37.5,37.5,50.0,50.0,56.16,43.84,48.86,54.92,45.08,48.86,25.64,20.02,22.31,56.45,43.55,48.42,50.0,50.0,50.0,50.0,50.0,52.17,75.0,25.0,25.0
TELLER,WOODLAND PARK RE-2,70.98,28.98,30.25,66.52,33.48,35.68,86.67,93.33,64.71,35.29,35.29,66.67,66.67,15.42,84.58,85.83,77.05,86.89,0.0,0.0,0.0,0.0,0.0,84.72,15.28,16.67,0.0,0.0,42.86,57.14,57.14,0.0,100.0,83.78,16.22,16.22,100.0,100.0,71.36,28.64,30.25,70.66,29.28,30.24,5.0,2.01,2.12,71.46,28.5,29.73,80.0,20.0,20.0,69.33,30.67,31.93,65.0,35.0,40.0
WASHINGTON,AKRON R-1,80.05,18.65,19.95,74.47,21.28,25.53,75.0,75.0,100.0,0.0,0.0,100.0,100.0,74.73,22.58,25.27,94.12,94.12,50.0,50.0,50.0,100.0,100.0,75.0,20.45,25.0,0.0,0.0,0.0,100.0,100.0,100.0,100.0,100.0,0.0,0.0,100.0,100.0,79.27,19.17,20.73,80.83,18.13,19.17,41.07,9.93,10.74,79.01,19.44,20.99,0.0,0.0,0.0,86.27,13.73,13.73,33.33,66.67,66.67
WASHINGTON,ARICKAREE R-2,76.79,23.21,23.21,71.43,28.57,28.57,0.0,0.0,42.86,57.14,57.14,0.0,0.0,56.0,44.0,44.0,0.0,0.0,28.57,71.43,71.43,0.0,0.0,62.5,37.5,37.5,0.0,0.0,0.0,0.0,0.0,0.0,0.0,0.0,0.0,0.0,0.0,0.0,65.31,34.69,34.69,85.71,14.29,14.29,133.29,70.8,70.8,91.67,8.33,8.33,0.0,0.0,0.0,29.63,70.37,70.37,100.0,0.0,0.0
WASHINGTON,OTIS R-3,78.33,21.67,23.15,76.92,23.08,23.08,0.0,0.0,100.0,0.0,0.0,0.0,0.0,67.61,32.39,35.21,100.0,100.0,0.0,100.0,100.0,0.0,0.0,88.89,11.11,11.11,0.0,0.0,0.0,100.0,100.0,0.0,0.0,100.0,0.0,0.0,100.0,100.0,72.0,28.0,31.0,84.47,15.53,15.53,72.0,28.0,31.0,80.11,19.89,21.59,100.0,0.0,0.0,57.14,42.86,42.86,0.0,0.0,0.0
WASHINGTON,LONE STAR 101,74.6,25.4,25.4,61.54,38.46,38.46,33.33,33.33,0.0,100.0,100.0,0.0,0.0,71.43,28.57,28.57,83.33,83.33,0.0,0.0,0.0,0.0,0.0,0.0,0.0,0.0,100.0,100.0,0.0,0.0,0.0,0.0,0.0,100.0,0.0,0.0,0.0,0.0,75.0,25.0,25.0,74.19,25.81,25.81,117.19,39.06,39.06,76.92,23.08,23.08,0.0,0.0,0.0,44.44,55.56,55.56,0.0,0.0,0.0
WASHINGTON,WOODLIN R-104,64.66,35.34,36.21,76.92,23.08,23.08,0.0,0.0,100.0,0.0,0.0,100.0,100.0,57.89,42.11,43.86,100.0,100.0,0.0,0.0,0.0,0.0,0.0,64.66,35.34,36.21,100.0,100.0,0.0,0.0,0.0,0.0,0.0,100.0,0.0,0.0,100.0,100.0,61.97,38.03,39.44,68.89,31.11,31.11,87.28,53.56,55.55,62.14,37.86,38.83,100.0,0.0,0.0,83.33,16.67,16.67,0.0,0.0,0.0
WELD,WELD COUNTY RE-1,72.45,27.41,28.56,71.7,28.3,28.77,71.43,78.57,79.35,20.4,22.42,60.0,60.0,81.69,18.19,19.4,70.37,74.07,100.0,0.0,0.0,50.0,50.0,83.64,16.36,16.36,0.0,0.0,47.06,52.94,64.71,0.0,0.0,81.93,18.07,18.07,100.0,100.0,71.94,27.86,29.05,72.91,27.0,28.1,7.16,2.77,2.89,70.35,29.65,30.07,77.78,22.22,22.22,74.43,25.3,27.02,62.5,37.5,37.5
WELD,EATON RE-2,77.23,22.72,23.78,70.08,29.92,29.92,50.0,50.0,77.27,22.73,26.14,66.67,66.67,74.91,24.91,26.11,80.77,84.62,70.83,29.17,37.5,0.0,0.0,80.25,19.75,21.66,0.0,0.0,34.92,63.49,65.08,100.0,100.0,94.33,5.67,5.67,100.0,100.0,76.8,23.1,24.14,77.64,22.36,23.44,7.99,2.4,2.51,79.51,20.49,20.96,92.31,7.69,7.69,69.93,29.84,32.96,54.55,45.45,45.45
WELD,KEENESBURG RE-3(J),73.41,26.51,27.95,73.74,26.26,27.78,75.0,75.0,74.38,25.62,26.29,95.0,95.0,73.59,26.25,28.7,90.77,90.77,50.0,50.0,50.0,100.0,100.0,71.74,28.26,31.16,0.0,0.0,39.2,60.8,68.8,80.0,80.0,89.63,10.37,10.37,100.0,100.0,75.12,24.71,26.04,71.81,28.19,29.73,6.25,2.06,2.17,74.48,25.45,26.58,64.29,35.71,42.86,72.35,27.54,29.12,60.0,40.0,46.67
WELD,WINDSOR RE-4,78.23,21.63,22.51,78.59,21.41,21.67,65.22,65.22,63.64,36.36,39.77,50.0,50.0,74.71,24.61,26.74,78.95,82.46,70.0,30.0,30.0,0.0,0.0,83.33,16.67,17.54,0.0,0.0,20.0,80.0,80.0,40.0,40.0,90.82,9.18,9.18,97.06,100.0,78.42,21.42,22.42,78.06,21.82,22.6,3.29,0.9,0.94,79.0,20.85,21.67,63.16,36.84,36.84,74.14,25.72,27.01,75.0,25.0,25.0
WELD,JOHNSTOWN-MILLIKEN RE-5J,76.12,23.82,24.76,76.13,23.87,25.08,87.5,87.5,82.01,17.99,18.69,66.67,73.33,81.46,18.45,18.9,62.32,72.46,92.31,7.69,7.69,50.0,50.0,84.68,15.32,15.32,100.0,100.0,100.0,0.0,0.0,100.0,100.0,89.58,10.42,10.42,100.0,100.0,75.89,24.0,24.93,76.34,23.66,24.61,4.41,1.39,1.45,74.38,25.54,26.32,66.67,33.33,38.1,80.7,19.3,20.63,65.52,34.48,34.48
WELD,GREELEY 6,76.93,22.68,25.6,77.44,22.83,26.03,62.84,65.54,81.51,18.13,21.08,74.13,74.63,80.54,18.83,22.74,71.91,75.57,60.89,36.9,44.56,79.07,79.07,74.46,24.48,28.94,55.29,56.47,44.5,53.5,67.0,61.84,65.79,89.71,9.88,10.86,95.89,97.95,77.33,22.18,25.15,76.55,23.15,26.03,0.72,0.21,0.23,75.51,24.2,26.53,60.59,38.72,41.91,79.17,20.39,23.72,62.53,37.22,39.21
WELD,PLATTE VALLEY RE-7,79.21,20.79,21.37,79.85,20.15,23.13,83.33,83.33,78.65,21.35,21.35,83.33,83.33,80.85,19.15,20.21,83.33,85.42,45.45,54.55,54.55,66.67,66.67,78.6,21.4,21.4,0.0,0.0,100.0,0.0,0.0,50.0,75.0,92.42,7.58,9.09,100.0,100.0,79.45,20.55,21.06,78.98,21.02,21.66,13.6,3.52,3.61,82.84,17.16,17.88,66.67,33.33,33.33,71.51,28.49,28.77,100.0,0.0,0.0
WELD,WELD COUNTY S/D RE-8,75.74,24.19,25.95,77.42,22.58,23.23,44.44,50.0,83.8,16.2,18.41,81.13,83.02,85.49,14.44,16.31,73.08,78.85,65.67,32.84,38.81,66.67,80.0,77.69,22.15,23.44,0.0,0.0,42.31,57.69,75.0,57.14,57.14,88.03,11.97,13.68,100.0,100.0,75.95,23.9,25.79,75.54,24.46,26.1,5.99,1.88,2.03,72.53,27.33,28.69,43.75,56.25,62.5,77.8,22.14,24.09,52.94,47.06,47.06
WELD,AULT-HIGHLAND RE-9,69.37,30.53,33.05,73.27,26.73,29.7,100.0,100.0,64.8,34.4,36.0,100.0,100.0,68.51,31.29,33.47,94.59,100.0,41.18,58.82,58.82,100.0,100.0,69.54,30.24,32.45,0.0,0.0,48.28,51.72,58.62,100.0,100.0,93.94,6.06,6.06,100.0,100.0,68.33,31.67,34.17,70.43,29.36,31.91,14.24,6.6,7.12,70.4,29.6,31.5,50.0,50.0,50.0,67.36,32.34,35.61,75.0,25.0,25.0
WELD,BRIGGSDALE RE-10,76.92,23.08,23.08,72.73,27.27,27.27,100.0,100.0,0.0,0.0,0.0,0.0,0.0,76.83,23.17,23.17,100.0,100.0,0.0,100.0,100.0,0.0,0.0,90.0,10.0,10.0,0.0,0.0,100.0,0.0,0.0,0.0,0.0,0.0,0.0,0.0,0.0,0.0,75.26,24.74,24.74,79.17,20.83,20.83,77.59,25.51,25.51,78.62,21.38,21.38,0.0,0.0,0.0,69.23,30.77,30.77,66.67,33.33,33.33
WELD,PRAIRIE RE-11,76.76,23.24,23.78,75.0,25.0,25.0,100.0,100.0,0.0,100.0,100.0,0.0,0.0,61.11,38.89,38.89,100.0,100.0,100.0,0.0,0.0,0.0,0.0,69.23,30.77,30.77,0.0,0.0,0.0,0.0,0.0,0.0,0.0,71.43,28.57,28.57,100.0,100.0,75.53,24.47,24.47,78.02,21.98,23.08,80.35,26.03,26.03,81.05,18.95,19.61,100.0,0.0,0.0,44.0,56.0,56.0,0.0,0.0,0.0
WELD,PAWNEE RE-12,72.92,27.08,28.12,40.0,60.0,60.0,0.0,0.0,0.0,0.0,0.0,0.0,0.0,70.83,29.17,29.17,100.0,100.0,0.0,0.0,0.0,0.0,0.0,72.92,27.08,28.12,100.0,100.0,0.0,0.0,0.0,0.0,0.0,0.0,0.0,0.0,100.0,100.0,68.89,31.11,31.11,76.47,23.53,25.49,153.09,69.13,69.13,73.12,26.88,27.96,0.0,0.0,0.0,66.67,33.33,33.33,0.0,0.0,0.0
YUMA,YUMA 1,74.89,25.11,28.93,72.5,27.5,32.5,0.0,0.0,74.77,25.23,32.73,80.0,80.0,70.57,29.43,34.4,83.33,86.67,65.79,34.21,43.42,50.0,50.0,69.06,30.94,37.67,72.73,72.73,18.0,82.0,88.0,25.0,25.0,93.33,6.67,6.67,100.0,100.0,74.1,25.9,31.0,75.73,24.27,26.74,15.73,5.5,6.58,76.18,23.82,24.27,0.0,100.0,200.0,74.12,25.88,32.68,100.0,0.0,0.0
YUMA,WRAY RD-2,77.03,22.97,24.15,75.29,24.71,24.71,83.33,83.33,81.68,18.32,21.37,75.0,75.0,73.46,26.54,27.76,84.21,84.21,63.64,36.36,36.36,0.0,0.0,78.4,21.6,22.3,0.0,0.0,25.0,75.0,75.0,0.0,0.0,91.3,8.7,8.7,100.0,100.0,77.98,22.02,22.81,76.1,23.9,25.45,20.68,5.84,6.05,78.46,21.54,22.26,50.0,50.0,50.0,75.82,24.18,26.92,100.0,0.0,0.0
YUMA,IDALIA RJ-3,74.84,25.16,26.42,77.78,22.22,22.22,100.0,100.0,66.67,33.33,36.11,0.0,0.0,65.26,34.74,36.84,100.0,100.0,25.0,75.0,75.0,0.0,0.0,63.16,36.84,36.84,0.0,0.0,0.0,0.0,0.0,0.0,0.0,100.0,0.0,0.0,100.0,100.0,74.7,25.3,26.51,75.0,25.0,26.32,90.0,30.48,31.94,80.0,20.0,20.91,0.0,0.0,0.0,65.12,34.88,37.21,0.0,0.0,0.0
YUMA,LIBERTY J-4,68.75,31.25,32.29,42.86,57.14,57.14,100.0,100.0,100.0,0.0,0.0,0.0,0.0,52.63,47.37,50.0,100.0,100.0,33.33,66.67,66.67,0.0,0.0,100.0,0.0,0.0,0.0,0.0,0.0,0.0,0.0,0.0,0.0,100.0,0.0,0.0,100.0,100.0,81.4,18.6,18.6,58.49,41.51,43.4,189.3,43.26,43.26,70.73,29.27,30.49,0.0,0.0,0.0,70.0,30.0,30.0,0.0,0.0,0.0
DENVER,CHARTER SCHOOL INSTITUTE,44.28,55.41,56.57,39.83,59.89,60.88,14.41,15.32,43.73,55.97,57.14,21.99,24.11,41.78,57.93,59.32,21.84,24.34,80.0,20.0,20.0,30.0,30.0,45.13,54.49,55.94,23.56,26.1,27.66,72.34,73.4,9.09,9.09,50.15,49.27,50.73,48.94,57.45,44.49,55.19,56.57,44.05,55.65,56.58,0.7,0.87,0.9,44.91,54.83,55.76,46.92,52.8,54.09,42.14,57.49,58.9,61.95,38.05,38.38
CHAFFEE,MOUNTAIN BOCES,41.3,61.41,63.04,47.22,66.67,66.67,73.68,84.21,45.45,54.55,54.55,58.82,70.59,35.43,64.57,66.14,62.5,76.79,0.0,0.0,0.0,100.0,100.0,0.0,0.0,0.0,100.0,100.0,42.86,57.14,60.0,64.29,71.43,100.0,0.0,100.0,50.0,50.0,35.92,64.08,65.05,48.15,58.02,60.49,34.87,62.21,63.16,46.79,56.88,59.63,50.0,50.0,50.0,31.94,69.44,69.44,0.0,0.0,0.0
WELD,CENTENNIAL BOCES,0.0,100.0,100.0,0.0,100.0,100.0,16.67,16.67,0.0,100.0,100.0,25.0,50.0,0.0,0.0,0.0,35.71,42.86,0.0,0.0,0.0,0.0,0.0,0.0,0.0,0.0,0.0,0.0,0.0,0.0,0.0,0.0,0.0,0.0,0.0,0.0,0.0,0.0,0.0,100.0,100.0,0.0,100.0,100.0,0.0,156.25,156.25,0.0,100.0,100.0,0.0,100.0,100.0,0.0,100.0,100.0,0.0,0.0,0.0
LA PLATA,SAN JUAN BOCES,0.0,100.0,100.0,0.0,100.0,100.0,0.0,0.0,0.0,0.0,0.0,100.0,100.0,0.0,0.0,0.0,25.0,75.0,0.0,0.0,0.0,0.0,0.0,0.0,0.0,0.0,0.0,0.0,0.0,0.0,0.0,0.0,0.0,0.0,100.0,100.0,0.0,100.0,0.0,100.0,100.0,0.0,100.0,100.0,0.0,277.78,277.78,0.0,100.0,100.0,0.0,0.0,0.0,0.0,100.0,100.0,0.0,0.0,0.0
DENVER,EXPEDITIONARY BOCES,75.12,24.88,25.12,85.0,15.0,15.0,100.0,100.0,68.75,31.25,31.25,0.0,0.0,83.78,16.22,16.22,100.0,100.0,0.0,0.0,0.0,0.0,0.0,0.0,0.0,0.0,0.0,0.0,100.0,0.0,0.0,0.0,0.0,0.0,0.0,0.0,0.0,0.0,76.63,23.37,23.91,73.85,26.15,26.15,41.65,12.7,12.99,78.45,21.55,21.89,50.0,50.0,50.0,72.09,27.91,27.91,68.75,31.25,31.25
