,county,school_dist,total_pupil_count_all_students,total_stable_pupil_count_all_students,total_stability_rate_all_students,total_mobile_student_count_all_students,total_student_mobility_rate_all_students,total_instances_of_mobility_all_students,total_mobility_incidence_rate_all_students,students_with_disabilities_pupil_count,students_with_disabilities_stable_student_count,students_with_disabilities_stability_rate,students_with_disabilities_mobile_student_count,students_with_disabilities_student_mobility_rate,students_with_disabilities_instances_of_mobility,students_with_disabilities_mobility_incidence_rate,english_language_learners_pupil_count,english_language_learners_stable_student_count,english_language_learners_stability_rate,english_language_learners_mobile_student_count,english_language_learners_student_mobility_rate,english_language_learners_instances_of_mobility,english_language_learners_mobility_incidence_rate,economically_disadvantaged_pupil_count,economically_disadvantaged_stable_student_count,economically_disadvantaged_stability_rate,economically_disadvantaged_mobile_student_count,economically_disadvantaged_student_mobility_rate,economically_disadvantaged_instances_of_mobility,economically_disadvantaged_mobility_incidence_rate,migrant_pupil_count,migrant_stable_student_count,migrant_stability_rate,migrant_mobile_student_count,migrant_student_mobility_rate,migrant_instances_of_mobility,migrant_mobility_incidence_rate,title_1_pupil_count,title_1_stable_student_count,title_1_pupil_stability_rate,title_1_mobile_student_count,title_1_student_mobility_rate,title_1_instances_of_mobility,title_1_mobility_incidence_rate,homeless_pupil_count,homeless_stable_student_count,homeless_stability_rate,homeless_mobile_student_count,homeless_student_mobility_rate,homeless_instances_of_mobility,homeless_mobility_incidence_rate,gifted_talented_pupil_count,gifted_talented_stable_student_count,gifted_talented_stability_rate,gifted_talented_mobile_student_count,gifted_talented_student_mobility_rate,gifted_talented_instances_of_mobility,gifted_talented_mobility_incidence_rate
0,STATE TOTAL,STATE TOTAL,939283,705064,75.1,231706,24.7,253577,27,84121,65593,78,18348,21.8,20784,24.7,135712,101683,74.9,33730,24.9,37912,27.9,369904,273934,74.1,94138,25.4,107242,29,2732,1725,63.1,988,36.2,1108,40.6,223008,156814,70.3,64601,29,73472,32.9,21337,11326,53.1,9665,45.3,11558,54.2,73344,66620,90.8,6641,9.1,7366,10
1,ADAMS,MAPLETON 1,9037,5077,56.2,3919,43.4,4133,45.7,735,469,63.8,261,35.5,279,38,2863,1890,66,963,33.6,1045,36.5,2729,1948,71.4,772,28.3,837,30.7,32,18,56.3,14,43.8,15,46.9,4045,2717,67.2,1317,32.6,1365,33.7,214,142,66.4,70,32.7,79,36.9,250,205,82,44,17.6,47,18.8
2,ADAMS,ADAMS 12 FIVE STAR SCHOOLS,49889,34283,68.7,15424,30.9,16854,33.8,4339,3001,69.2,1325,30.5,1501,34.6,6141,4149,67.6,1969,32.1,2248,36.6,18560,12191,65.7,6267,33.8,7138,38.5,93,79,84.9,14,15.1,16,17.2,8571,5618,65.5,2873,33.5,3369,39.3,705,290,41.1,403,57.2,481,68.2,3590,3225,89.8,361,10.1,404,11.3
3,ADAMS,ADAMS COUNTY 14,8265,5510,66.7,3038,36.8,3397,41.1,876,636,72.6,266,30.4,311,35.5,3826,2795,73.1,1235,32.3,1405,36.7,6657,4745,71.3,1961,29.5,2244,33.7,54,41,75.9,14,25.9,16,29.6,5555,3989,71.8,1537,27.7,1782,32.1,886,433,48.9,440,49.7,529,59.7,377,317,84.1,75,19.9,89,23.6
4,ADAMS,BRIGHTON 27J,17152,13109,76.4,3982,23.2,4294,25,1405,1133,80.6,268,19.1,300,21.4,2404,1875,78,522,21.7,581,24.2,5986,4687,78.3,1275,21.3,1434,24,73,46,63,26,35.6,34,46.6,624,465,74.5,157,25.2,173,27.7,383,122,31.9,260,67.9,287,74.9,703,630,89.6,70,10,76,10.8
5,ADAMS,BENNETT 29J,1200,895,74.6,305,25.4,312,26,131,90,68.7,41,31.3,41,31.3,85,57,67.1,28,32.9,29,34.1,110,78,70.9,32,29.1,32,29.1,1,1,100,0,0,0,0,450,329,73.1,121,26.9,123,27.3,0,0,0,0,0,0,0,55,51,92.7,4,7.3,4,7.3
6,ADAMS,STRASBURG 31J,1052,828,78.7,224,21.3,227,21.6,128,102,79.7,26,20.3,26,20.3,40,29,72.5,11,27.5,11,27.5,240,188,78.3,52,21.7,54,22.5,0,0,0,0,0,0,0,42,33,78.6,9,21.4,9,21.4,0,0,0,0,0,0,0,42,42,100,0,0,0,0
7,ADAMS,WESTMINSTER 50,11951,7570,63.3,4330,36.2,4708,39.4,1234,832,67.4,401,32.5,438,35.5,5414,3744,69.2,1651,30.5,1810,33.4,9630,6183,64.2,3404,35.3,3728,38.7,61,47,77,14,23,16,26.2,4550,2856,62.8,1666,36.6,1834,40.3,1464,815,55.7,637,43.5,728,49.7,414,348,84.1,66,15.9,71,17.1
8,ALAMOSA,ALAMOSA RE-11J,2420,1641,67.8,771,31.9,833,34.4,207,152,73.4,54,26.1,57,27.5,345,243,70.4,101,29.3,116,33.6,1786,1188,66.5,592,33.1,640,35.8,77,42,54.5,34,44.2,40,51.9,1201,790,65.8,411,34.2,426,35.5,84,26,31,58,69,60,71.4,26,21,80.8,5,19.2,5,19.2
9,ALAMOSA,SANGRE DE CRISTO RE-22J,355,241,67.9,114,32.1,117,33,16,7,43.8,9,56.3,9,56.3,23,22,95.7,1,4.3,1,4.3,222,147,66.2,75,33.8,78,35.1,10,10,100,0,0,0,0,353,241,68.3,112,31.7,115,32.6,0,0,0,0,0,0,0,12,10,83.3,2,16.7,2,16.7
10,ARAPAHOE,ENGLEWOOD 1,3496,2117,60.6,1364,39,1512,43.2,398,260,65.3,138,34.7,152,38.2,365,261,71.5,104,28.5,115,31.5,2056,1271,61.8,777,37.8,865,42.1,1,0,0,1,100,1,100,1577,1021,64.7,553,35.1,592,37.5,257,111,43.2,145,56.4,165,64.2,302,251,83.1,51,16.9,51,16.9
11,ARAPAHOE,SHERIDAN 2,1848,1169,63.3,680,36.8,702,38,185,129,69.7,56,30.3,58,31.4,827,610,73.8,218,26.4,226,27.3,1448,1000,69.1,449,31,465,32.1,44,31,70.5,13,29.5,13,29.5,1226,783,63.9,444,36.2,459,37.4,117,64,54.7,53,45.3,57,48.7,54,44,81.5,10,18.5,10,18.5
12,ARAPAHOE,CHERRY CREEK 5,56418,45451,80.6,10922,19.4,11301,20,5707,4845,84.9,860,15.1,901,15.8,5643,4657,82.5,979,17.3,1050,18.6,14337,11293,78.8,3023,21.1,3187,22.2,8,8,100,0,0,0,0,6058,4205,69.4,1831,30.2,1924,31.8,57,34,59.6,23,40.4,26,45.6,4231,4121,97.4,106,2.5,120,2.8
13,ARAPAHOE,LITTLETON 6,16504,13418,81.3,3075,18.6,3203,19.4,1419,1148,80.9,268,18.9,292,20.6,1022,788,77.1,232,22.7,252,24.7,3696,2766,74.8,922,24.9,984,26.6,5,5,100,0,0,0,0,1365,1032,75.6,328,24,355,26,204,133,65.2,68,33.3,73,35.8,2618,2472,94.4,145,5.5,152,5.8
14,ARAPAHOE,DEER TRAIL 26J,185,130,70.3,55,29.7,61,33,24,13,54.2,11,45.8,11,45.8,5,1,20,4,80,4,80,94,58,61.7,36,38.3,41,43.6,0,0,0,0,0,0,0,20,17,85,3,15,3,15,0,0,0,0,0,0,0,3,3,100,0,0,0,0
15,ARAPAHOE,ADAMS-ARAPAHOE 28J,45673,31436,68.8,13911,30.5,15360,33.6,4043,3019,74.7,1002,24.8,1135,28.1,17490,12679,72.5,4685,26.8,5271,30.1,29784,21866,73.4,7656,25.7,8781,29.5,25,2,8,23,92,23,92,16745,11682,69.8,4877,29.1,5498,32.8,2297,1150,50.1,1073,46.7,1297,56.5,2435,2110,86.7,317,13,347,14.3
16,ARAPAHOE,BYERS 32J,515,388,75.3,127,24.7,130,25.2,66,47,71.2,19,28.8,19,28.8,18,16,88.9,2,11.1,2,11.1,243,170,70,73,30,76,31.3,1,0,0,1,100,1,100,23,17,73.9,6,26.1,6,26.1,1,1,100,0,0,0,0,11,10,90.9,1,9.1,1,9.1
17,ARCHULETA,ARCHULETA COUNTY 50 JT,1641,1218,74.2,422,25.7,452,27.5,125,100,80,25,20,28,22.4,120,94,78.3,26,21.7,28,23.3,885,630,71.2,254,28.7,275,31.1,7,7,100,0,0,0,0,1073,830,77.4,243,22.6,257,24,14,3,21.4,11,78.6,12,85.7,99,83,83.8,16,16.2,17,17.2
18,BACA,WALSH RE-1,150,118,78.7,32,21.3,34,22.7,11,6,54.5,5,45.5,5,45.5,17,10,58.8,7,41.2,9,52.9,69,50,72.5,19,27.5,20,29,0,0,0,0,0,0,0,23,18,78.3,5,21.7,6,26.1,0,0,0,0,0,0,0,11,11,100,0,0,0,0
19,BACA,PRITCHETT RE-3,74,43,58.1,31,41.9,31,41.9,4,2,50,2,50,2,50,0,0,0,0,0,0,0,45,23,51.1,22,48.9,22,48.9,0,0,0,0,0,0,0,74,43,58.1,31,41.9,31,41.9,0,0,0,0,0,0,0,8,7,87.5,1,12.5,1,12.5
20,BACA,SPRINGFIELD RE-4,292,218,74.7,74,25.3,79,27.1,28,21,75,7,25,7,25,3,1,33.3,2,66.7,2,66.7,183,136,74.3,47,25.7,49,26.8,0,0,0,0,0,0,0,292,218,74.7,74,25.3,79,27.1,0,0,0,0,0,0,0,9,8,88.9,1,11.1,1,11.1
21,BACA,VILAS RE-5,418,160,38.3,258,61.7,261,62.4,21,10,47.6,11,52.4,11,52.4,0,0,0,0,0,0,0,117,54,46.2,63,53.8,65,55.6,2,0,0,2,100,2,100,0,0,0,0,0,0,0,0,0,0,0,0,0,0,2,2,100,0,0,0,0
22,BACA,CAMPO RE-6,54,38,70.4,16,29.6,16,29.6,6,6,100,0,0,0,0,0,0,0,0,0,0,0,38,30,78.9,8,21.1,8,21.1,0,0,0,0,0,0,0,14,12,85.7,2,14.3,2,14.3,0,0,0,0,0,0,0,1,1,100,0,0,0,0
23,BENT,LAS ANIMAS RE-1,569,429,75.4,140,24.6,147,25.8,66,45,68.2,21,31.8,23,34.8,3,3,100,0,0,0,0,458,355,77.5,103,22.5,109,23.8,1,1,100,0,0,0,0,431,339,78.7,92,21.3,98,22.7,0,0,0,0,0,0,0,20,18,90,2,10,2,10
24,BENT,MC CLAVE RE-2,296,246,83.1,50,16.9,51,17.2,17,15,88.2,2,11.8,2,11.8,31,25,80.6,6,19.4,6,19.4,181,143,79,38,21,39,21.5,9,5,55.6,4,44.4,4,44.4,145,125,86.2,20,13.8,21,14.5,0,0,0,0,0,0,0,19,19,100,0,0,0,0
25,BOULDER,ST VRAIN VALLEY RE 1J,29351,24282,82.7,5015,17.1,5364,18.3,2453,2096,85.4,354,14.4,382,15.6,5323,4566,85.8,750,14.1,830,15.6,10467,8650,82.6,1783,17,1993,19,60,50,83.3,10,16.7,12,20,333,304,91.3,29,8.7,34,10.2,936,490,52.4,431,46,508,54.3,2109,1975,93.6,134,6.4,138,6.5
26,BOULDER,BOULDER VALLEY RE 2,31329,26465,84.5,4832,15.4,5099,16.3,2857,2469,86.4,388,13.6,414,14.5,3006,2461,81.9,541,18,577,19.2,6921,5387,77.8,1519,21.9,1651,23.9,2,0,0,2,100,2,100,2077,1728,83.2,344,16.6,371,17.9,800,511,63.9,286,35.8,324,40.5,4696,4348,92.6,348,7.4,374,8
27,CHAFFEE,BUENA VISTA R-31,1077,803,74.6,273,25.3,295,27.4,93,79,84.9,14,15.1,17,18.3,3,2,66.7,1,33.3,1,33.3,451,333,73.8,118,26.2,125,27.7,0,0,0,0,0,0,0,68,56,82.4,12,17.6,12,17.6,1,0,0,1,100,1,100,22,20,90.9,2,9.1,2,9.1
28,CHAFFEE,SALIDA R-32,1201,904,75.3,295,24.6,314,26.1,98,76,77.6,22,22.4,23,23.5,35,24,68.6,11,31.4,11,31.4,496,397,80,98,19.8,111,22.4,0,0,0,0,0,0,0,870,624,71.7,245,28.2,260,29.9,8,4,50,4,50,5,62.5,62,59,95.2,3,4.8,4,6.5
29,CHEYENNE,KIT CARSON R-1,131,102,77.9,29,22.1,29,22.1,10,6,60,4,40,4,40,2,0,0,2,100,2,100,61,45,73.8,16,26.2,16,26.2,2,0,0,2,100,2,100,0,0,0,0,0,0,0,0,0,0,0,0,0,0,9,9,100,0,0,0,0
30,CHEYENNE,CHEYENNE COUNTY RE-5,208,145,69.7,63,30.3,65,31.3,30,23,76.7,7,23.3,8,26.7,28,12,42.9,16,57.1,16,57.1,89,56,62.9,33,37.1,35,39.3,4,1,25,3,75,3,75,20,15,75,5,25,5,25,0,0,0,0,0,0,0,4,3,75,1,25,1,25
31,CLEAR CREEK,CLEAR CREEK RE-1,1080,761,70.5,319,29.5,338,31.3,97,69,71.1,28,28.9,30,30.9,13,11,84.6,2,15.4,2,15.4,285,209,73.3,76,26.7,85,29.8,0,0,0,0,0,0,0,268,196,73.1,72,26.9,74,27.6,0,0,0,0,0,0,0,82,70,85.4,12,14.6,12,14.6
32,CONEJOS,NORTH CONEJOS RE-1J,1110,838,75.5,266,24,284,25.6,59,42,71.2,17,28.8,18,30.5,0,0,0,0,0,0,0,733,608,82.9,122,16.6,133,18.1,2,2,100,0,0,0,0,1036,814,78.6,216,20.8,231,22.3,1,0,0,1,100,1,100,29,26,89.7,3,10.3,3,10.3
33,CONEJOS,SANFORD 6J,369,287,77.8,82,22.2,82,22.2,27,19,70.4,8,29.6,8,29.6,2,2,100,0,0,0,0,245,188,76.7,57,23.3,57,23.3,0,0,0,0,0,0,0,210,163,77.6,47,22.4,47,22.4,2,0,0,2,100,2,100,48,43,89.6,5,10.4,5,10.4
34,CONEJOS,SOUTH CONEJOS RE-10,276,193,69.9,83,30.1,84,30.4,15,11,73.3,4,26.7,4,26.7,26,23,88.5,3,11.5,3,11.5,198,147,74.2,51,25.8,52,26.3,0,0,0,0,0,0,0,275,193,70.2,82,29.8,83,30.2,0,0,0,0,0,0,0,3,2,66.7,1,33.3,1,33.3
35,COSTILLA,CENTENNIAL R-1,269,179,66.5,90,33.5,102,37.9,20,17,85,3,15,4,20,38,34,89.5,4,10.5,4,10.5,238,161,67.6,77,32.4,87,36.6,1,1,100,0,0,0,0,269,179,66.5,90,33.5,102,37.9,47,19,40.4,28,59.6,33,70.2,0,0,0,0,0,0,0
36,COSTILLA,SIERRA GRANDE R-30,317,204,64.4,113,35.6,120,37.9,26,17,65.4,9,34.6,9,34.6,54,40,74.1,14,25.9,15,27.8,268,165,61.6,103,38.4,110,41,20,13,65,7,35,7,35,134,74,55.2,60,44.8,61,45.5,30,11,36.7,19,63.3,19,63.3,5,5,100,0,0,0,0
37,CROWLEY,CROWLEY COUNTY RE-1-J,578,382,66.1,196,33.9,203,35.1,60,35,58.3,25,41.7,26,43.3,5,2,40,3,60,3,60,419,262,62.5,157,37.5,163,38.9,2,2,100,0,0,0,0,578,382,66.1,196,33.9,203,35.1,0,0,0,0,0,0,0,11,9,81.8,2,18.2,2,18.2
38,CUSTER,CUSTER COUNTY SCHOOL DISTRICT C-1,480,361,75.2,119,24.8,121,25.2,50,44,88,6,12,6,12,0,0,0,0,0,0,0,212,142,67,70,33,70,33,0,0,0,0,0,0,0,178,128,71.9,50,28.1,51,28.7,0,0,0,0,0,0,0,38,35,92.1,3,7.9,3,7.9
39,DELTA,DELTA COUNTY 50(J),5630,4387,77.9,1222,21.7,1344,23.9,524,428,81.7,92,17.6,107,20.4,422,311,73.7,110,26.1,120,28.4,2821,2114,74.9,692,24.5,781,27.7,53,28,52.8,25,47.2,25,47.2,2272,1785,78.6,475,20.9,525,23.1,61,15,24.6,45,73.8,52,85.2,333,316,94.9,17,5.1,17,5.1
40,DENVER,DENVER COUNTY 1,88761,64903,73.1,23124,26.1,27685,31.2,8815,6798,77.1,1944,22.1,2493,28.3,31131,24032,77.2,6919,22.2,8116,26.1,60056,47096,78.4,12398,20.6,15623,26,30,27,90,3,10,3,10,61769,44095,71.4,16980,27.5,20896,33.8,2080,1038,49.9,960,46.2,1299,62.5,11416,10028,87.8,1344,11.8,1606,14.1
41,DOLORES,DOLORES COUNTY RE NO.2,318,229,72,89,28,91,28.6,25,16,64,9,36,9,36,0,0,0,0,0,0,0,146,102,69.9,44,30.1,45,30.8,0,0,0,0,0,0,0,161,119,73.9,42,26.1,43,26.7,0,0,0,0,0,0,0,11,11,100,0,0,0,0
42,DOUGLAS,DOUGLAS COUNTY RE 1,66965,55140,82.3,11722,17.5,12396,18.5,5677,4896,86.2,773,13.6,854,15,3254,2026,62.3,1225,37.6,1297,39.9,7219,5364,74.3,1852,25.7,1913,26.5,7,1,14.3,6,85.7,6,85.7,1644,935,56.9,709,43.1,763,46.4,678,399,58.8,276,40.7,335,49.4,4022,3733,92.8,286,7.1,303,7.5
43,EAGLE,EAGLE COUNTY RE 50,6749,5472,81.1,1261,18.7,1365,20.2,584,507,86.8,76,13,88,15.1,2428,1965,80.9,455,18.7,505,20.8,2834,2278,80.4,547,19.3,612,21.6,28,22,78.6,6,21.4,6,21.4,1970,1602,81.3,361,18.3,406,20.6,87,42,48.3,45,51.7,50,57.5,527,462,87.7,65,12.3,68,12.9
44,ELBERT,ELIZABETH C-1,2804,2090,74.5,711,25.4,736,26.2,287,209,72.8,77,26.8,83,28.9,51,36,70.6,15,29.4,15,29.4,482,349,72.4,132,27.4,141,29.3,0,0,0,0,0,0,0,78,69,88.5,9,11.5,9,11.5,0,0,0,0,0,0,0,208,190,91.3,18,8.7,20,9.6
45,ELBERT,KIOWA C-2,437,323,73.9,114,26.1,115,26.3,40,32,80,8,20,8,20,14,12,85.7,2,14.3,2,14.3,161,130,80.7,31,19.3,31,19.3,0,0,0,0,0,0,0,48,40,83.3,8,16.7,8,16.7,2,1,50,1,50,1,50,16,12,75,4,25,4,25
46,ELBERT,BIG SANDY 100J,350,241,68.9,109,31.1,111,31.7,43,24,55.8,19,44.2,19,44.2,6,0,0,6,100,6,100,36,2,5.6,34,94.4,34,94.4,0,0,0,0,0,0,0,242,164,67.8,78,32.2,79,32.6,0,0,0,0,0,0,0,19,19,100,0,0,0,0
47,ELBERT,ELBERT 200,232,166,71.6,66,28.4,68,29.3,16,13,81.3,3,18.8,3,18.8,4,3,75,1,25,1,25,73,37,50.7,36,49.3,36,49.3,0,0,0,0,0,0,0,22,19,86.4,3,13.6,3,13.6,0,0,0,0,0,0,0,8,7,87.5,1,12.5,1,12.5
48,ELBERT,AGATE 300,16,5,31.3,13,81.3,13,81.3,3,1,33.3,3,100,3,100,1,0,0,1,100,1,100,13,3,23.1,11,84.6,11,84.6,0,0,0,0,0,0,0,11,5,45.5,7,63.6,7,63.6,0,0,0,0,0,0,0,0,0,0,0,0,0,0
49,EL PASO,CALHAN RJ-1,645,404,62.6,291,45.1,304,47.1,63,44,69.8,23,36.5,23,36.5,1,1,100,0,0,0,0,209,145,69.4,81,38.8,88,42.1,0,0,0,0,0,0,0,67,53,79.1,26,38.8,29,43.3,0,0,0,0,0,0,0,30,26,86.7,5,16.7,5,16.7
50,EL PASO,HARRISON 2,13926,7941,57,5872,42.2,6343,45.5,1208,727,60.2,473,39.2,528,43.7,2019,1503,74.4,493,24.4,561,27.8,9691,5814,60,3779,39,4172,43.1,1,0,0,1,100,1,100,7173,4034,56.2,3065,42.7,3355,46.8,60,13,21.7,47,78.3,51,85,486,426,87.7,58,11.9,62,12.8
51,EL PASO,WIDEFIELD 3,10617,7215,68,3380,31.8,3687,34.7,1174,891,75.9,281,23.9,320,27.3,297,195,65.7,99,33.3,114,38.4,4532,3289,72.6,1231,27.2,1390,30.7,3,2,66.7,1,33.3,1,33.3,552,412,74.6,139,25.2,151,27.4,93,28,30.1,64,68.8,76,81.7,273,238,87.2,34,12.5,42,15.4
52,EL PASO,FOUNTAIN 8,9827,5302,54,4489,45.7,4738,48.2,1043,649,62.2,393,37.7,422,40.5,564,312,55.3,251,44.5,260,46.1,4283,2466,57.6,1796,41.9,1934,45.2,3,3,100,0,0,0,0,2031,971,47.8,1046,51.5,1129,55.6,323,148,45.8,173,53.6,194,60.1,431,304,70.5,126,29.2,133,30.9
53,EL PASO,COLORADO SPRINGS 11,34548,23868,69.1,10560,30.6,12693,36.7,2465,1757,71.3,700,28.4,934,37.9,3558,2509,70.5,1038,29.2,1239,34.8,18399,12100,65.8,6200,33.7,7456,40.5,23,13,56.5,10,43.5,11,47.8,5869,3994,68.1,1826,31.1,2184,37.2,1567,757,48.3,789,50.4,1019,65,2878,2519,87.5,355,12.3,428,14.9
54,EL PASO,CHEYENNE MOUNTAIN 12,5059,3785,74.8,1274,25.2,1300,25.7,276,223,80.8,53,19.2,56,20.3,190,132,69.5,58,30.5,60,31.6,814,553,67.9,261,32.1,268,32.9,0,0,0,0,0,0,0,982,685,69.8,297,30.2,299,30.4,5,2,40,3,60,3,60,637,583,91.5,54,8.5,54,8.5
55,EL PASO,MANITOU SPRINGS 14,1682,1146,68.1,537,31.9,537,31.9,113,85,75.2,28,24.8,28,24.8,9,8,88.9,1,11.1,1,11.1,473,314,66.4,159,33.6,159,33.6,0,0,0,0,0,0,0,100,75,75,25,25,25,25,3,0,0,3,100,3,100,111,99,89.2,12,10.8,12,10.8
56,EL PASO,ACADEMY 20,25881,20007,77.3,5853,22.6,6077,23.5,1898,1528,80.5,368,19.4,395,20.8,561,363,64.7,197,35.1,205,36.5,3722,2572,69.1,1144,30.7,1224,32.9,0,0,0,0,0,0,0,263,197,74.9,65,24.7,69,26.2,28,21,75,7,25,7,25,2667,2405,90.2,262,9.8,264,9.9
57,EL PASO,ELLICOTT 22,1233,736,59.7,496,40.2,506,41,160,89,55.6,71,44.4,74,46.3,107,88,82.2,19,17.8,19,17.8,793,492,62,300,37.8,305,38.5,2,2,100,0,0,0,0,538,355,66,183,34,183,34,0,0,0,0,0,0,0,35,30,85.7,5,14.3,5,14.3
58,EL PASO,PEYTON 23 JT,734,562,76.6,172,23.4,182,24.8,62,49,79,13,21,14,22.6,8,5,62.5,3,37.5,3,37.5,216,153,70.8,63,29.2,70,32.4,3,2,66.7,1,33.3,1,33.3,377,290,76.9,87,23.1,91,24.1,2,2,100,0,0,0,0,33,32,97,1,3,2,6.1
59,EL PASO,HANOVER 28,292,143,49,149,51,154,52.7,32,19,59.4,13,40.6,13,40.6,32,16,50,16,50,16,50,227,104,45.8,123,54.2,128,56.4,12,7,58.3,5,41.7,5,41.7,292,143,49,149,51,154,52.7,31,14,45.2,17,54.8,18,58.1,6,4,66.7,2,33.3,2,33.3
60,EL PASO,LEWIS-PALMER 38,6422,5105,79.5,1312,20.4,1365,21.3,517,428,82.8,89,17.2,93,18,310,250,80.6,60,19.4,64,20.6,725,520,71.7,204,28.1,222,30.6,0,0,0,0,0,0,0,91,68,74.7,23,25.3,23,25.3,5,1,20,4,80,4,80,900,830,92.2,69,7.7,74,8.2
61,EL PASO,FALCON 49,17388,12379,71.2,5031,28.9,5301,30.5,1590,1207,75.9,379,23.8,413,26,618,449,72.7,168,27.2,179,29,3593,2666,74.2,914,25.4,993,27.6,0,0,0,0,0,0,0,2759,1810,65.6,931,33.7,983,35.6,24,13,54.2,11,45.8,14,58.3,584,522,89.4,68,11.6,70,12
62,EL PASO,EDISON 54 JT,214,141,65.9,73,34.1,74,34.6,20,10,50,10,50,10,50,0,0,0,0,0,0,0,61,49,80.3,12,19.7,12,19.7,0,0,0,0,0,0,0,18,15,83.3,3,16.7,3,16.7,0,0,0,0,0,0,0,8,8,100,0,0,0,0
63,EL PASO,MIAMI/YODER 60 JT,357,193,54.1,164,45.9,169,47.3,32,18,56.3,14,43.8,15,46.9,7,4,57.1,3,42.9,3,42.9,203,115,56.7,88,43.3,89,43.8,0,0,0,0,0,0,0,239,134,56.1,105,43.9,108,45.2,0,0,0,0,0,0,0,5,4,80,1,20,1,20
64,FREMONT,CANON CITY RE-1,4271,3211,75.2,1037,24.3,1129,26.4,535,419,78.3,115,21.5,126,23.6,33,29,87.9,4,12.1,4,12.1,16,1,6.3,15,93.8,15,93.8,0,0,0,0,0,0,0,1803,1349,74.8,438,24.3,480,26.6,10,0,0,10,100,10,100,299,273,91.3,25,8.4,27,9
65,FREMONT,FREMONT RE-2,1866,1314,70.4,551,29.5,595,31.9,220,161,73.2,59,26.8,63,28.6,28,22,78.6,6,21.4,6,21.4,929,693,74.6,236,25.4,260,28,0,0,0,0,0,0,0,1302,920,70.7,382,29.3,406,31.2,0,0,0,0,0,0,0,59,56,94.9,3,5.1,4,6.8
66,FREMONT,COTOPAXI RE-3,235,167,71.1,68,28.9,69,29.4,27,15,55.6,12,44.4,12,44.4,0,0,0,0,0,0,0,130,84,64.6,46,35.4,47,36.2,0,0,0,0,0,0,0,235,167,71.1,68,28.9,69,29.4,0,0,0,0,0,0,0,11,10,90.9,1,9.1,1,9.1
67,GARFIELD,ROARING FORK RE-1,5742,4569,79.6,1160,20.2,1281,22.3,408,351,86,56,13.7,61,15,2288,1977,86.4,307,13.4,366,16,1930,1664,86.2,265,13.7,300,15.5,14,10,71.4,4,28.6,4,28.6,2469,1987,80.5,473,19.2,517,20.9,0,0,0,0,0,0,0,332,306,92.2,26,7.8,27,8.1
68,GARFIELD,GARFIELD RE-2,5185,3942,76,1235,23.8,1322,25.5,367,273,74.4,94,25.6,100,27.2,1033,824,79.8,207,20,226,21.9,2643,2061,78,578,21.9,636,24.1,28,20,71.4,8,28.6,8,28.6,1495,1046,70,445,29.8,474,31.7,129,89,69,39,30.2,44,34.1,295,260,88.1,35,11.9,38,12.9
69,GARFIELD,GARFIELD 16,1275,854,67,423,33.2,454,35.6,112,65,58,47,42,50,44.6,237,163,68.8,74,31.2,77,32.5,637,433,68,204,32,229,35.9,4,0,0,4,100,4,100,504,327,64.9,177,35.1,189,37.5,5,0,0,5,100,8,160,28,23,82.1,5,17.9,5,17.9
70,GILPIN,GILPIN COUNTY RE-1,416,288,69.2,128,30.8,135,32.5,47,31,66,16,34,19,40.4,2,2,100,0,0,0,0,124,73,58.9,51,41.1,54,43.5,0,0,0,0,0,0,0,22,14,63.6,8,36.4,9,40.9,2,1,50,1,50,1,50,32,27,84.4,5,15.6,5,15.6
71,GRAND,WEST GRAND 1-JT.,476,380,79.8,96,20.2,101,21.2,47,37,78.7,10,21.3,10,21.3,45,38,84.4,7,15.6,7,15.6,162,138,85.2,24,14.8,25,15.4,0,0,0,0,0,0,0,229,177,77.3,52,22.7,54,23.6,3,0,0,3,100,3,100,25,24,96,1,4,1,4
72,GRAND,EAST GRAND 2,1398,1080,77.3,315,22.5,335,24,139,109,78.4,30,21.6,31,22.3,139,104,74.8,35,25.2,38,27.3,382,308,80.6,73,19.1,85,22.3,0,0,0,0,0,0,0,123,104,84.6,19,15.4,19,15.4,2,2,100,0,0,0,0,94,78,83,16,17,16,17
73,GUNNISON,GUNNISON WATERSHED RE1J,1936,1552,80.2,384,19.8,424,21.9,123,104,84.6,19,15.4,21,17.1,161,139,86.3,22,13.7,27,16.8,529,383,72.4,146,27.6,159,30.1,3,2,66.7,1,33.3,1,33.3,90,71,78.9,19,21.1,23,25.6,2,0,0,2,100,2,100,232,207,89.2,25,10.8,27,11.6
74,HINSDALE,HINSDALE COUNTY RE 1,93,69,74.2,24,25.8,24,25.8,7,6,85.7,1,14.3,1,14.3,1,1,100,0,0,0,0,23,12,52.2,11,47.8,11,47.8,0,0,0,0,0,0,0,27,25,92.6,2,7.4,2,7.4,0,0,0,0,0,0,0,4,4,100,0,0,0,0
75,HUERFANO,HUERFANO RE-1,614,438,71.3,176,28.7,190,30.9,72,57,79.2,15,20.8,20,27.8,2,2,100,0,0,0,0,473,329,69.6,144,30.4,157,33.2,4,3,75,1,25,1,25,451,331,73.4,120,26.6,129,28.6,0,0,0,0,0,0,0,8,6,75,2,25,3,37.5
76,HUERFANO,LA VETA RE-2,262,169,64.5,92,35.1,96,36.6,25,18,72,7,28,7,28,4,0,0,4,100,4,100,139,86,61.9,52,37.4,53,38.1,0,0,0,0,0,0,0,27,23,85.2,4,14.8,4,14.8,0,0,0,0,0,0,0,14,12,85.7,2,14.3,2,14.3
77,JACKSON,NORTH PARK R-1 ,205,151,73.7,54,26.3,60,29.3,26,19,73.1,7,26.9,9,34.6,23,19,82.6,4,17.4,4,17.4,117,81,69.2,36,30.8,41,35,0,0,0,0,0,0,0,103,67,65,36,35,41,39.8,2,0,0,2,100,2,100,7,6,85.7,1,14.3,1,14.3
78,JEFFERSON,JEFFERSON COUNTY R-1,90678,74398,82,16049,17.7,17618,19.4,7762,6429,82.8,1306,16.8,1496,19.3,6700,4710,70.3,1978,29.5,2157,32.2,29789,23622,79.3,6017,20.2,6950,23.3,67,54,80.6,13,19.4,13,19.4,10839,7752,71.5,3011,27.8,3420,31.6,2900,1730,59.7,1133,39.1,1305,45,10053,9466,94.2,578,5.7,649,6.5
79,KIOWA,EADS RE-1,192,139,72.4,53,27.6,53,27.6,21,14,66.7,7,33.3,7,33.3,4,3,75,1,25,1,25,77,52,67.5,25,32.5,25,32.5,2,0,0,2,100,2,100,20,14,70,6,30,6,30,0,0,0,0,0,0,0,11,9,81.8,2,18.2,2,18.2
80,KIOWA,PLAINVIEW RE-2,98,56,57.1,42,42.9,43,43.9,17,9,52.9,8,47.1,9,52.9,0,0,0,0,0,0,0,64,37,57.8,27,42.2,28,43.8,1,0,0,1,100,1,100,25,17,68,8,32,9,36,0,0,0,0,0,0,0,4,3,75,1,25,1,25
81,KIT CARSON,ARRIBA-FLAGLER C-20,164,129,78.7,35,21.3,37,22.6,17,13,76.5,4,23.5,4,23.5,0,0,0,0,0,0,0,81,54,66.7,27,33.3,29,35.8,0,0,0,0,0,0,0,16,12,75,4,25,4,25,9,0,0,9,100,9,100,2,2,100,0,0,0,0
82,KIT CARSON,HI-PLAINS R-23,125,93,74.4,32,25.6,32,25.6,11,6,54.5,5,45.5,5,45.5,6,5,83.3,1,16.7,1,16.7,73,55,75.3,18,24.7,18,24.7,0,0,0,0,0,0,0,12,7,58.3,5,41.7,5,41.7,0,0,0,0,0,0,0,7,7,100,0,0,0,0
83,KIT CARSON,STRATTON R-4,189,128,67.7,61,32.3,61,32.3,38,26,68.4,12,31.6,12,31.6,18,12,66.7,6,33.3,6,33.3,113,74,65.5,39,34.5,39,34.5,3,3,100,0,0,0,0,15,10,66.7,5,33.3,5,33.3,0,0,0,0,0,0,0,20,16,80,4,20,4,20
84,KIT CARSON,BETHUNE R-5,156,99,63.5,57,36.5,57,36.5,9,2,22.2,7,77.8,7,77.8,33,23,69.7,10,30.3,10,30.3,109,64,58.7,45,41.3,45,41.3,1,1,100,0,0,0,0,20,18,90,2,10,2,10,0,0,0,0,0,0,0,8,5,62.5,3,37.5,3,37.5
85,KIT CARSON,BURLINGTON RE-6J,845,643,76.1,202,23.9,208,24.6,83,61,73.5,22,26.5,24,28.9,198,162,81.8,36,18.2,40,20.2,471,343,72.8,128,27.2,132,28,39,34,87.2,5,12.8,5,12.8,171,139,81.3,32,18.7,32,18.7,23,6,26.1,17,73.9,17,73.9,25,23,92,2,8,2,8
86,LAKE,LAKE COUNTY R-1,1246,930,74.6,316,25.4,336,27,128,100,78.1,28,21.9,31,24.2,467,357,76.4,110,23.6,119,25.5,862,665,77.1,197,22.9,213,24.7,3,3,100,0,0,0,0,139,108,77.7,31,22.3,33,23.7,8,1,12.5,7,87.5,7,87.5,60,50,83.3,10,16.7,10,16.7
87,LA PLATA,DURANGO 9-R,5088,3806,74.8,1273,25,1348,26.5,429,331,77.2,99,23.1,107,24.9,161,112,69.6,49,30.4,55,34.2,1738,1253,72.1,479,27.6,522,30,0,0,0,0,0,0,0,1354,1105,81.6,244,18,270,19.9,54,23,42.6,27,50,31,57.4,407,344,84.5,63,15.5,64,15.7
88,LA PLATA,BAYFIELD 10 JT-R,1569,1161,74,412,26.3,438,27.9,127,93,73.2,38,29.9,43,33.9,26,19,73.1,7,26.9,9,34.6,512,334,65.2,178,34.8,189,36.9,2,2,100,0,0,0,0,54,43,79.6,11,20.4,11,20.4,10,4,40,6,60,6,60,114,106,93,8,7,9,7.9
89,LA PLATA,IGNACIO 11 JT,877,615,70.1,261,29.8,288,32.8,98,80,81.6,18,18.4,21,21.4,43,28,65.1,15,34.9,15,34.9,429,367,85.5,62,14.5,67,15.6,0,0,0,0,0,0,0,481,347,72.1,133,27.7,149,31,2,1,50,1,50,1,50,60,53,88.3,7,11.7,7,11.7
90,LARIMER,POUDRE R-1,29031,24159,83.2,4808,16.6,5476,18.9,2253,1859,82.5,391,17.4,479,21.3,2280,1818,79.7,464,20.4,581,25.5,8132,7000,86.1,1094,13.5,1450,17.8,44,33,75,11,25,11,25,2010,1571,78.2,428,21.3,494,24.6,721,497,68.9,217,30.1,268,37.2,2627,2479,94.4,146,5.6,169,6.4
91,BOULDER,THOMPSON R2-J,16906,13276,78.5,3565,21.1,3885,23,1756,1456,82.9,295,16.8,326,18.6,620,476,76.8,144,23.2,162,26.1,5735,4436,77.3,1262,22,1429,24.9,14,3,21.4,11,78.6,11,78.6,2439,1831,75.1,588,24.1,679,27.8,355,162,45.6,189,53.2,212,59.7,1651,1541,93.3,109,6.6,122,7.4
92,LARIMER,PARK (ESTES PARK) R-3,1272,972,76.4,295,23.2,308,24.2,98,78,79.6,20,20.4,20,20.4,177,141,79.7,36,20.3,37,20.9,449,332,73.9,114,25.4,121,26.9,1,1,100,0,0,0,0,121,90,74.4,31,25.6,31,25.6,11,4,36.4,7,63.6,7,63.6,137,124,90.5,13,9.5,14,10.2
93,LAS ANIMAS,TRINIDAD 1,1594,1163,73,430,27,463,29,189,150,79.4,39,20.6,43,22.8,69,53,76.8,16,23.2,16,23.2,1081,788,72.9,292,27,315,29.1,0,0,0,0,0,0,0,793,576,72.6,217,27.4,235,29.6,12,0,0,12,100,13,108.3,19,18,94.7,1,5.3,1,5.3
94,LAS ANIMAS,PRIMERO REORGANIZED 2,239,115,48.1,124,51.9,124,51.9,20,8,40,12,60,12,60,4,3,75,1,25,1,25,92,43,46.7,49,53.3,49,53.3,2,1,50,1,50,1,50,36,18,50,18,50,18,50,0,0,0,0,0,0,0,5,4,80,1,20,1,20
95,LAS ANIMAS,HOEHNE REORGANIZED 3,376,270,71.8,106,28.2,106,28.2,36,26,72.2,10,27.8,10,27.8,5,4,80,1,20,1,20,139,87,62.6,52,37.4,52,37.4,4,4,100,0,0,0,0,29,24,82.8,5,17.2,5,17.2,1,1,100,0,0,0,0,6,5,83.3,1,16.7,1,16.7
96,LAS ANIMAS,AGUILAR REORGANIZED 6,123,56,45.5,66,53.7,69,56.1,16,12,75,4,25,4,25,5,4,80,1,20,1,20,85,45,52.9,40,47.1,41,48.2,0,0,0,0,0,0,0,123,56,45.5,66,53.7,69,56.1,0,0,0,0,0,0,0,1,1,100,0,0,0,0
97,LAS ANIMAS,BRANSON REORGANIZED 82,600,220,36.7,380,63.3,385,64.2,21,9,42.9,12,57.1,12,57.1,3,0,0,3,100,3,100,91,58,63.7,33,36.3,33,36.3,0,0,0,0,0,0,0,0,0,0,0,0,0,0,0,0,0,0,0,0,0,36,28,77.8,8,22.2,9,25
98,LAS ANIMAS,KIM REORGANIZED 88,61,47,77,14,23,14,23,1,1,100,0,0,0,0,0,0,0,0,0,0,0,37,28,75.7,9,24.3,9,24.3,2,0,0,2,100,2,100,7,7,100,0,0,0,0,0,0,0,0,0,0,0,2,1,50,1,50,1,50
99,LINCOLN,GENOA-HUGO C113,190,134,70.5,56,29.5,58,30.5,25,17,68,8,32,8,32,0,0,0,0,0,0,0,107,72,67.3,35,32.7,37,34.6,0,0,0,0,0,0,0,25,21,84,4,16,4,16,0,0,0,0,0,0,0,0,0,0,0,0,0,0
100,LINCOLN,LIMON RE-4J,542,369,68.1,173,31.9,177,32.7,61,49,80.3,12,19.7,12,19.7,22,12,54.5,10,45.5,10,45.5,251,172,68.5,79,31.5,81,32.3,0,0,0,0,0,0,0,206,131,63.6,75,36.4,76,36.9,15,1,6.7,14,93.3,14,93.3,32,29,90.6,3,9.4,3,9.4
101,LINCOLN,KARVAL RE-23,265,93,35.1,172,64.9,176,66.4,27,9,33.3,18,66.7,18,66.7,0,0,0,0,0,0,0,71,31,43.7,40,56.3,41,57.7,0,0,0,0,0,0,0,3,3,100,0,0,0,0,2,0,0,2,100,2,100,2,2,100,0,0,0,0
102,LOGAN,VALLEY RE-1,2501,1916,76.6,583,23.3,630,25.2,301,239,79.4,61,20.3,70,23.3,165,131,79.4,34,20.6,35,21.2,1233,936,75.9,295,23.9,323,26.2,9,5,55.6,4,44.4,4,44.4,1150,883,76.8,267,23.2,286,24.9,20,7,35,13,65,16,80,176,162,92,14,8,15,8.5
103,LOGAN,FRENCHMAN RE-3,196,153,78.1,43,21.9,44,22.4,21,14,66.7,7,33.3,7,33.3,1,1,100,0,0,0,0,95,68,71.6,27,28.4,27,28.4,0,0,0,0,0,0,0,29,19,65.5,10,34.5,10,34.5,0,0,0,0,0,0,0,6,6,100,0,0,0,0
104,LOGAN,BUFFALO RE-4J,339,279,82.3,60,17.7,60,17.7,33,23,69.7,10,30.3,10,30.3,6,2,33.3,4,66.7,4,66.7,119,88,73.9,31,26.1,31,26.1,0,0,0,0,0,0,0,51,38,74.5,13,25.5,13,25.5,0,0,0,0,0,0,0,8,8,100,0,0,0,0
105,LOGAN,PLATEAU RE-5,192,151,78.6,41,21.4,42,21.9,17,15,88.2,2,11.8,2,11.8,1,1,100,0,0,0,0,77,64,83.1,13,16.9,14,18.2,0,0,0,0,0,0,0,14,13,92.9,1,7.1,1,7.1,0,0,0,0,0,0,0,9,9,100,0,0,0,0
106,MESA,DE BEQUE 49JT,149,73,49,76,51,81,54.4,12,4,33.3,8,66.7,8,66.7,2,2,100,0,0,0,0,72,32,44.4,40,55.6,44,61.1,0,0,0,0,0,0,0,40,27,67.5,13,32.5,14,35,0,0,0,0,0,0,0,3,3,100,0,0,0,0
107,MESA,PLATEAU VALLEY 50,653,359,55,294,45,299,45.8,64,28,43.8,36,56.3,36,56.3,17,8,47.1,9,52.9,9,52.9,160,99,61.9,61,38.1,62,38.8,0,0,0,0,0,0,0,72,59,81.9,13,18.1,13,18.1,0,0,0,0,0,0,0,2,1,50,1,50,1,50
108,MESA,MESA COUNTY VALLEY 51,23983,18809,78.4,5029,21,5806,24.2,2376,1969,82.9,390,16.4,473,19.9,1566,1238,79.1,322,20.6,387,24.7,494,280,56.7,207,41.9,259,52.4,110,72,65.5,37,33.6,46,41.8,4575,3536,77.3,980,21.4,1180,25.8,388,209,53.9,173,44.6,216,55.7,1267,1177,92.9,87,6.9,102,8.1
109,MINERAL,CREEDE SCHOOL DISTRICT,104,64,61.5,40,38.5,40,38.5,3,2,66.7,1,33.3,1,33.3,0,0,0,0,0,0,0,48,32,66.7,16,33.3,16,33.3,0,0,0,0,0,0,0,104,64,61.5,40,38.5,40,38.5,0,0,0,0,0,0,0,4,3,75,1,25,1,25
110,MOFFAT,MOFFAT COUNTY RE:NO 1,2448,1875,76.6,573,23.4,638,26.1,213,164,77,50,23.5,56,26.3,254,194,76.4,59,23.2,75,29.5,1113,864,77.6,249,22.4,300,27,0,0,0,0,0,0,0,126,111,88.1,15,11.9,19,15.1,32,7,21.9,24,75,31,96.9,94,81,86.2,13,13.8,15,16
111,MONTEZUMA,MONTEZUMA-CORTEZ RE-1,3250,2246,69.1,986,30.3,1119,34.4,316,245,77.5,69,21.8,80,25.3,276,183,66.3,92,33.3,102,37,1950,1382,70.9,556,28.5,653,33.5,7,7,100,0,0,0,0,1515,1108,73.1,389,25.7,449,29.6,0,0,0,0,0,0,0,165,144,87.3,21,12.7,22,13.3
112,MONTEZUMA,DOLORES RE-4A,780,552,70.8,228,29.2,230,29.5,65,43,66.2,22,33.8,22,33.8,9,8,88.9,1,11.1,1,11.1,337,232,68.8,105,31.2,107,31.8,0,0,0,0,0,0,0,415,287,69.2,128,30.8,128,30.8,0,0,0,0,0,0,0,36,31,86.1,5,13.9,5,13.9
113,MONTEZUMA,MANCOS RE-6,449,304,67.7,146,32.5,151,33.6,26,22,84.6,5,19.2,6,23.1,33,20,60.6,13,39.4,13,39.4,287,188,65.5,100,34.8,104,36.2,2,2,100,0,0,0,0,29,18,62.1,11,37.9,11,37.9,11,3,27.3,8,72.7,8,72.7,35,27,77.1,8,22.9,8,22.9
114,MONTROSE,MONTROSE COUNTY RE-1J,6747,5229,77.5,1484,22,1693,25.1,567,451,79.5,113,19.9,128,22.6,1080,879,81.4,196,18.1,234,21.7,3766,2954,78.4,789,21,958,25.4,92,54,58.7,34,37,43,46.7,3080,2362,76.7,703,22.8,811,26.3,254,103,40.6,145,57.1,183,72,471,431,91.5,40,8.5,41,8.7
115,MONTROSE,WEST END RE-2,351,254,72.4,97,27.6,103,29.3,43,32,74.4,11,25.6,13,30.2,10,3,30,7,70,7,70,179,125,69.8,54,30.2,59,33,0,0,0,0,0,0,0,47,32,68.1,15,31.9,16,34,1,1,100,0,0,0,0,3,3,100,0,0,0,0
116,MORGAN,BRUSH RE-2(J),1603,1244,77.6,359,22.4,396,24.7,140,101,72.1,39,27.9,40,28.6,272,236,86.8,36,13.2,46,16.9,893,688,77,205,23,236,26.4,31,16,51.6,15,48.4,18,58.1,107,92,86,15,14,20,18.7,35,5,14.3,30,85.7,38,108.6,142,132,93,10,7,11,7.7
117,MORGAN,FORT MORGAN RE-3,3403,2629,77.3,770,22.6,843,24.8,326,255,78.2,70,21.5,83,25.5,1181,931,78.8,249,21.1,269,22.8,2316,1809,78.1,504,21.8,568,24.5,192,98,51,93,48.4,100,52.1,1285,987,76.8,296,23,327,25.4,123,37,30.1,86,69.9,95,77.2,172,161,93.6,11,6.4,11,6.4
118,MORGAN,WELDON VALLEY RE-20(J),225,166,73.8,59,26.2,59,26.2,19,14,73.7,5,26.3,5,26.3,2,2,100,0,0,0,0,4,1,25,3,75,3,75,0,0,0,0,0,0,0,34,30,88.2,4,11.8,4,11.8,0,0,0,0,0,0,0,18,15,83.3,3,16.7,3,16.7
119,MORGAN,WIGGINS RE-50(J),561,412,73.4,149,26.6,152,27.1,37,23,62.2,14,37.8,15,40.5,116,93,80.2,23,19.8,24,20.7,266,219,82.3,47,17.7,49,18.4,19,11,57.9,8,42.1,8,42.1,559,412,73.7,147,26.3,150,26.8,21,8,38.1,13,61.9,14,66.7,30,28,93.3,2,6.7,2,6.7
120,OTERO,EAST OTERO R-1,1494,1056,70.7,438,29.3,471,31.5,174,118,67.8,56,32.2,59,33.9,37,28,75.7,9,24.3,9,24.3,1030,755,73.3,275,26.7,298,28.9,6,5,83.3,1,16.7,1,16.7,866,619,71.5,247,28.5,264,30.5,2,0,0,2,100,2,100,13,12,92.3,1,7.7,1,7.7
121,OTERO,ROCKY FORD R-2,965,700,72.5,265,27.5,279,28.9,97,68,70.1,29,29.9,31,32,93,64,68.8,29,31.2,31,33.3,752,548,72.9,204,27.1,217,28.9,24,12,50,12,50,14,58.3,657,492,74.9,165,25.1,175,26.6,1,0,0,1,100,1,100,24,22,91.7,2,8.3,3,12.5
122,OTERO,MANZANOLA 3J,201,120,59.7,81,40.3,85,42.3,14,12,85.7,2,14.3,2,14.3,59,23,39,36,61,36,61,162,99,61.1,63,38.9,66,40.7,45,17,37.8,28,62.2,28,62.2,100,60,60,40,40,41,41,0,0,0,0,0,0,0,3,3,100,0,0,0,0
123,OTERO,FOWLER R-4J,463,345,74.5,118,25.5,124,26.8,32,27,84.4,5,15.6,5,15.6,9,5,55.6,4,44.4,4,44.4,269,185,68.8,84,31.2,90,33.5,4,0,0,4,100,4,100,52,36,69.2,16,30.8,16,30.8,0,0,0,0,0,0,0,22,22,100,0,0,0,0
124,OTERO,CHERAW 31,224,178,79.5,46,20.5,48,21.4,26,16,61.5,10,38.5,10,38.5,0,0,0,0,0,0,0,130,99,76.2,31,23.8,33,25.4,3,3,100,0,0,0,0,69,54,78.3,15,21.7,15,21.7,1,1,100,0,0,0,0,13,11,84.6,2,15.4,2,15.4
125,OTERO,SWINK 33,417,315,75.5,102,24.5,103,24.7,21,17,81,4,19,4,19,8,7,87.5,1,12.5,1,12.5,190,134,70.5,56,29.5,57,30,1,0,0,1,100,1,100,36,30,83.3,6,16.7,6,16.7,2,0,0,2,100,2,100,0,0,0,0,0,0,0
126,OURAY,OURAY R-1,219,146,66.7,73,33.3,75,34.2,25,17,68,8,32,8,32,9,6,66.7,3,33.3,3,33.3,70,47,67.1,23,32.9,23,32.9,0,0,0,0,0,0,0,20,11,55,9,45,9,45,0,0,0,0,0,0,0,29,25,86.2,4,13.8,4,13.8
127,OURAY,RIDGWAY R-2,386,273,70.7,113,29.3,117,30.3,18,12,66.7,6,33.3,7,38.9,18,3,16.7,15,83.3,15,83.3,139,93,66.9,46,33.1,48,34.5,3,2,66.7,1,33.3,1,33.3,24,13,54.2,11,45.8,12,50,1,0,0,1,100,1,100,29,28,96.6,1,3.4,1,3.4
128,PARK,PLATTE CANYON 1,1247,857,68.7,390,31.3,404,32.4,133,96,72.2,37,27.8,39,29.3,0,0,0,0,0,0,0,467,301,64.5,166,35.5,171,36.6,0,0,0,0,0,0,0,125,79,63.2,46,36.8,47,37.6,5,0,0,5,100,5,100,116,100,86.2,16,13.8,17,14.7
129,PARK,PARK COUNTY RE-2,624,403,64.6,220,35.3,226,36.2,66,48,72.7,18,27.3,20,30.3,5,2,40,3,60,3,60,315,162,51.4,153,48.6,157,49.8,0,0,0,0,0,0,0,97,82,84.5,15,15.5,16,16.5,0,0,0,0,0,0,0,44,40,90.9,4,9.1,4,9.1
130,PHILLIPS,HOLYOKE RE-1J,641,505,78.8,136,21.2,144,22.5,69,54,78.3,15,21.7,17,24.6,137,110,80.3,27,19.7,30,21.9,330,245,74.2,85,25.8,92,27.9,11,5,45.5,6,54.5,6,54.5,29,23,79.3,6,20.7,6,20.7,0,0,0,0,0,0,0,36,35,97.2,1,2.8,1,2.8
131,PHILLIPS,HAXTUN RE-2J,319,258,80.9,61,19.1,63,19.7,30,23,76.7,7,23.3,7,23.3,0,0,0,0,0,0,0,125,95,76,30,24,30,24,0,0,0,0,0,0,0,18,15,83.3,3,16.7,3,16.7,0,0,0,0,0,0,0,17,17,100,0,0,0,0
132,PITKIN,ASPEN 1,1819,1529,84.1,290,15.9,312,17.2,120,109,90.8,11,9.2,12,10,202,157,77.7,45,22.3,49,24.3,117,92,78.6,25,21.4,26,22.2,0,0,0,0,0,0,0,0,0,0,0,0,0,0,0,0,0,0,0,0,0,98,91,92.9,7,7.1,7,7.1
133,PROWERS,GRANADA RE-1,271,178,65.7,93,34.3,93,34.3,14,9,64.3,5,35.7,5,35.7,25,16,64,9,36,9,36,179,111,62,68,38,68,38,18,1,5.6,17,94.4,17,94.4,61,42,68.9,19,31.1,19,31.1,2,2,100,0,0,0,0,14,12,85.7,2,14.3,2,14.3
134,PROWERS,LAMAR RE-2,1782,1368,76.8,414,23.2,441,24.7,154,111,72.1,43,27.9,46,29.9,114,91,79.8,23,20.2,26,22.8,1242,920,74.1,322,25.9,347,27.9,48,39,81.3,9,18.8,10,20.8,894,708,79.2,186,20.8,196,21.9,25,10,40,15,60,15,60,127,112,88.2,15,11.8,16,12.6
135,PROWERS,HOLLY RE-3,291,240,82.5,51,17.5,55,18.9,29,27,93.1,2,6.9,2,6.9,71,57,80.3,14,19.7,15,21.1,205,164,80,41,20,44,21.5,21,20,95.2,1,4.8,1,4.8,168,133,79.2,35,20.8,39,23.2,0,0,0,0,0,0,0,32,28,87.5,4,12.5,4,12.5
136,PROWERS,WILEY RE-13 JT,256,181,70.7,75,29.3,75,29.3,11,8,72.7,3,27.3,3,27.3,6,6,100,0,0,0,0,143,89,62.2,54,37.8,54,37.8,2,2,100,0,0,0,0,93,79,84.9,14,15.1,14,15.1,0,0,0,0,0,0,0,7,7,100,0,0,0,0
137,PUEBLO,PUEBLO CITY 60,19216,14879,77.4,4288,22.3,4939,25.7,2195,1782,81.2,418,19,496,22.6,1324,1033,78,283,21.4,326,24.6,12394,10231,82.5,2057,16.6,2584,20.8,54,34,63,20,37,21,38.9,8451,6485,76.7,1936,22.9,2263,26.8,1421,1093,76.9,303,21.3,378,26.6,1129,998,88.4,126,11.2,138,12.2
138,PUEBLO,PUEBLO COUNTY 70,9920,7336,74,2565,25.9,2763,27.9,984,751,76.3,231,23.5,263,26.7,357,258,72.3,99,27.7,111,31.1,3806,2853,75,947,24.9,1035,27.2,37,26,70.3,11,29.7,12,32.4,417,289,69.3,128,30.7,137,32.9,32,10,31.3,22,68.8,25,78.1,796,713,89.6,83,10.4,89,11.2
139,RIO BLANCO,MEEKER RE1,735,541,73.6,194,26.4,196,26.7,64,48,75,16,25,16,25,63,47,74.6,16,25.4,16,25.4,209,139,66.5,70,33.5,71,34,1,1,100,0,0,0,0,76,51,67.1,25,32.9,25,32.9,0,0,0,0,0,0,0,28,28,100,0,0,0,0
140,RIO BLANCO,RANGELY RE-4,531,394,74.2,137,25.8,146,27.5,53,47,88.7,6,11.3,6,11.3,10,10,100,0,0,0,0,164,109,66.5,55,33.5,56,34.1,0,0,0,0,0,0,0,38,32,84.2,6,15.8,6,15.8,1,1,100,0,0,0,0,14,11,78.6,3,21.4,3,21.4
141,RIO GRANDE,DEL NORTE C-7,635,441,69.4,193,30.4,203,32,49,26,53.1,23,46.9,23,46.9,24,18,75,6,25,6,25,290,192,66.2,98,33.8,105,36.2,5,4,80,1,20,1,20,388,297,76.5,91,23.5,98,25.3,1,0,0,1,100,1,100,9,7,77.8,2,22.2,2,22.2
142,RIO GRANDE,MONTE VISTA C-8,1338,954,71.3,381,28.5,402,30,90,61,67.8,29,32.2,30,33.3,212,158,74.5,54,25.5,60,28.3,888,682,76.8,204,23,220,24.8,65,38,58.5,27,41.5,30,46.2,572,462,80.8,111,19.4,113,19.8,25,10,40,15,60,15,60,6,5,83.3,1,16.7,1,16.7
143,RIO GRANDE,SARGENT RE-33J,490,399,81.4,91,18.6,91,18.6,13,10,76.9,3,23.1,3,23.1,38,31,81.6,7,18.4,7,18.4,20,13,65,7,35,7,35,4,3,75,1,25,1,25,280,231,82.5,49,17.5,49,17.5,0,0,0,0,0,0,0,15,15,100,0,0,0,0
144,ROUTT,HAYDEN RE-1,423,307,72.6,116,27.4,118,27.9,60,49,81.7,11,18.3,11,18.3,29,24,82.8,5,17.2,5,17.2,191,130,68.1,61,31.9,63,33,0,0,0,0,0,0,0,38,32,84.2,6,15.8,6,15.8,1,1,100,0,0,0,0,13,13,100,0,0,0,0
145,ROUTT,STEAMBOAT SPRINGS RE-2,2485,1995,80.3,491,19.8,520,20.9,243,194,79.8,49,20.2,49,20.2,179,119,66.5,60,33.5,65,36.3,368,281,76.4,87,23.6,91,24.7,5,5,100,0,0,0,0,186,167,89.8,19,10.2,23,12.4,0,0,0,0,0,0,0,196,190,96.9,6,3.1,6,3.1
146,ROUTT,SOUTH ROUTT RE 3,438,311,71,127,29,133,30.4,55,45,81.8,10,18.2,10,18.2,27,17,63,10,37,10,37,200,128,64,72,36,73,36.5,0,0,0,0,0,0,0,21,16,76.2,5,23.8,5,23.8,0,0,0,0,0,0,0,11,9,81.8,2,18.2,2,18.2
147,SAGUACHE,MOUNTAIN VALLEY RE 1,134,80,59.7,54,40.3,60,44.8,16,11,68.8,5,31.3,6,37.5,2,2,100,0,0,0,0,86,50,58.1,36,41.9,42,48.8,0,0,0,0,0,0,0,95,60,63.2,35,36.8,41,43.2,16,8,50,8,50,9,56.3,0,0,0,0,0,0,0
148,SAGUACHE,MOFFAT 2,231,154,66.7,77,33.3,80,34.6,19,14,73.7,5,26.3,5,26.3,5,3,60,2,40,3,60,111,71,64,40,36,40,36,2,2,100,0,0,0,0,87,51,58.6,36,41.4,38,43.7,21,13,61.9,8,38.1,8,38.1,3,3,100,0,0,0,0
149,SAGUACHE,CENTER 26 JT,662,463,69.9,199,30.1,216,32.6,53,35,66,18,34,18,34,246,165,67.1,81,32.9,90,36.6,599,441,73.6,158,26.4,173,28.9,116,55,47.4,61,52.6,70,60.3,492,346,70.3,146,29.7,160,32.5,86,39,45.3,47,54.7,53,61.6,2,2,100,0,0,0,0
150,SAN JUAN,SILVERTON 1,84,45,53.6,39,46.4,40,47.6,7,4,57.1,3,42.9,3,42.9,17,9,52.9,8,47.1,9,52.9,51,30,58.8,21,41.2,22,43.1,0,0,0,0,0,0,0,28,19,67.9,9,32.1,10,35.7,1,0,0,1,100,1,100,13,9,69.2,4,30.8,4,30.8
151,SAN MIGUEL,TELLURIDE R-1,788,637,80.8,151,19.2,153,19.4,48,37,77.1,11,22.9,12,25,105,83,79,22,21,22,21,181,161,89,20,11,20,11,1,1,100,0,0,0,0,66,50,75.8,16,24.2,16,24.2,1,0,0,1,100,1,100,35,33,94.3,2,5.7,2,5.7
152,SAN MIGUEL,NORWOOD R-2J,277,218,78.7,59,21.3,64,23.1,25,22,88,3,12,3,12,23,15,65.2,8,34.8,8,34.8,131,95,72.5,36,27.5,40,30.5,0,0,0,0,0,0,0,35,29,82.9,6,17.1,6,17.1,0,0,0,0,0,0,0,26,24,92.3,2,7.7,2,7.7
153,SEDGWICK,JULESBURG RE-1,1514,361,23.8,1149,75.9,1168,77.1,107,49,45.8,58,54.2,60,56.1,6,6,100,0,0,0,0,209,112,53.6,96,45.9,98,46.9,0,0,0,0,0,0,0,35,31,88.6,3,8.6,4,11.4,0,0,0,0,0,0,0,20,15,75,5,25,5,25
154,SEDGWICK,PLATTE VALLEY RE-3,141,106,75.2,35,24.8,35,24.8,25,21,84,4,16,4,16,0,0,0,0,0,0,0,104,78,75,26,25,26,25,0,0,0,0,0,0,0,4,2,50,2,50,2,50,0,0,0,0,0,0,0,3,2,66.7,1,33.3,1,33.3
155,SUMMIT,SUMMIT RE-1,3361,2614,77.8,746,22.2,782,23.3,323,273,84.5,50,15.5,54,16.7,844,692,82,152,18,166,19.7,1214,946,77.9,267,22,290,23.9,0,0,0,0,0,0,0,149,140,94,9,6,12,8.1,12,5,41.7,7,58.3,7,58.3,245,212,86.5,33,13.5,34,13.9
156,TELLER,CRIPPLE CREEK-VICTOR RE-1,483,268,55.5,215,44.5,236,48.9,60,37,61.7,23,38.3,23,38.3,5,3,60,2,40,2,40,271,150,55.4,121,44.6,138,50.9,0,0,0,0,0,0,0,235,125,53.2,110,46.8,123,52.3,27,15,55.6,12,44.4,14,51.9,8,5,62.5,3,37.5,3,37.5
157,TELLER,WOODLAND PARK RE-2,3088,2192,71,895,29,934,30.2,227,151,66.5,76,33.5,81,35.7,34,22,64.7,12,35.3,12,35.3,240,37,15.4,203,84.6,206,85.8,0,0,0,0,0,0,0,144,122,84.7,22,15.3,24,16.7,7,3,42.9,4,57.1,4,57.1,74,62,83.8,12,16.2,12,16.2
158,WASHINGTON,AKRON R-1,386,309,80.1,72,18.7,77,19.9,47,35,74.5,10,21.3,12,25.5,6,6,100,0,0,0,0,186,139,74.7,42,22.6,47,25.3,2,1,50,1,50,1,50,44,33,75,9,20.5,11,25,2,0,0,2,100,2,100,17,17,100,0,0,0,0
159,WASHINGTON,ARICKAREE R-2,112,86,76.8,26,23.2,26,23.2,7,5,71.4,2,28.6,2,28.6,7,3,42.9,4,57.1,4,57.1,50,28,56,22,44,22,44,14,4,28.6,10,71.4,10,71.4,16,10,62.5,6,37.5,6,37.5,0,0,0,0,0,0,0,0,0,0,0,0,0,0
160,WASHINGTON,OTIS R-3,203,159,78.3,44,21.7,47,23.2,26,20,76.9,6,23.1,6,23.1,2,2,100,0,0,0,0,71,48,67.6,23,32.4,25,35.2,1,0,0,1,100,1,100,18,16,88.9,2,11.1,2,11.1,2,0,0,2,100,2,100,18,18,100,0,0,0,0
161,WASHINGTON,LONE STAR 101,126,94,74.6,32,25.4,32,25.4,13,8,61.5,5,38.5,5,38.5,2,0,0,2,100,2,100,56,40,71.4,16,28.6,16,28.6,0,0,0,0,0,0,0,0,0,0,0,0,0,0,0,0,0,0,0,0,0,9,9,100,0,0,0,0
162,WASHINGTON,WOODLIN R-104,116,75,64.7,41,35.3,42,36.2,13,10,76.9,3,23.1,3,23.1,2,2,100,0,0,0,0,57,33,57.9,24,42.1,25,43.9,0,0,0,0,0,0,0,116,75,64.7,41,35.3,42,36.2,0,0,0,0,0,0,0,6,6,100,0,0,0,0
163,WELD,WELD COUNTY RE-1,2094,1517,72.4,574,27.4,598,28.6,212,152,71.7,60,28.3,61,28.8,397,315,79.3,81,20.4,89,22.4,830,678,81.7,151,18.2,161,19.4,19,19,100,0,0,0,0,165,138,83.6,27,16.4,27,16.4,17,8,47.1,9,52.9,11,64.7,83,68,81.9,15,18.1,15,18.1
164,WELD,EATON RE-2,1985,1533,77.2,451,22.7,472,23.8,127,89,70.1,38,29.9,38,29.9,176,136,77.3,40,22.7,46,26.1,586,439,74.9,146,24.9,153,26.1,24,17,70.8,7,29.2,9,37.5,157,126,80.3,31,19.7,34,21.7,63,22,34.9,40,63.5,41,65.1,141,133,94.3,8,5.7,8,5.7
165,WELD,KEENESBURG RE-3(J),2497,1833,73.4,662,26.5,698,28,198,146,73.7,52,26.3,55,27.8,445,331,74.4,114,25.6,117,26.3,1223,900,73.6,321,26.2,351,28.7,18,9,50,9,50,9,50,138,99,71.7,39,28.3,43,31.2,125,49,39.2,76,60.8,86,68.8,135,121,89.6,14,10.4,14,10.4
166,WELD,WINDSOR RE-4,4957,3878,78.2,1072,21.6,1116,22.5,383,301,78.6,82,21.4,83,21.7,88,56,63.6,32,36.4,35,39.8,1036,774,74.7,255,24.6,277,26.7,10,7,70,3,30,3,30,114,95,83.3,19,16.7,20,17.5,35,7,20,28,80,28,80,207,188,90.8,19,9.2,19,9.2
167,WELD,JOHNSTOWN-MILLIKEN RE-5J,3602,2742,76.1,858,23.8,892,24.8,331,252,76.1,79,23.9,83,25.1,289,237,82,52,18,54,18.7,1095,892,81.5,202,18.4,207,18.9,13,12,92.3,1,7.7,1,7.7,124,105,84.7,19,15.3,19,15.3,1,1,100,0,0,0,0,192,172,89.6,20,10.4,20,10.4
168,WELD,GREELEY 6,21971,16903,76.9,4982,22.7,5624,25.6,1875,1452,77.4,428,22.8,488,26,5636,4594,81.5,1022,18.1,1188,21.1,13036,10499,80.5,2455,18.8,2964,22.7,496,302,60.9,183,36.9,221,44.6,5826,4338,74.5,1426,24.5,1686,28.9,400,178,44.5,214,53.5,268,67,1225,1099,89.7,121,9.9,133,10.9
169,WELD,PLATTE VALLEY RE-7,1212,960,79.2,252,20.8,259,21.4,134,107,79.9,27,20.1,31,23.1,89,70,78.7,19,21.3,19,21.3,188,152,80.9,36,19.1,38,20.2,11,5,45.5,6,54.5,6,54.5,584,459,78.6,125,21.4,125,21.4,2,2,100,0,0,0,0,66,61,92.4,5,7.6,6,9.1
170,WELD,WELD COUNTY S/D RE-8,2609,1976,75.7,631,24.2,677,25.9,155,120,77.4,35,22.6,36,23.2,858,719,83.8,139,16.2,158,18.4,1551,1326,85.5,224,14.4,253,16.3,67,44,65.7,22,32.8,26,38.8,1318,1024,77.7,292,22.2,309,23.4,52,22,42.3,30,57.7,39,75,117,103,88,14,12,16,13.7
171,WELD,AULT-HIGHLAND RE-9,950,659,69.4,290,30.5,314,33.1,101,74,73.3,27,26.7,30,29.7,125,81,64.8,43,34.4,45,36,505,346,68.5,158,31.3,169,33.5,17,7,41.2,10,58.8,10,58.8,453,315,69.5,137,30.2,147,32.5,29,14,48.3,15,51.7,17,58.6,33,31,93.9,2,6.1,2,6.1
172,WELD,BRIGGSDALE RE-10,169,130,76.9,39,23.1,39,23.1,11,8,72.7,3,27.3,3,27.3,0,0,0,0,0,0,0,82,63,76.8,19,23.2,19,23.2,1,0,0,1,100,1,100,10,9,90,1,10,1,10,2,2,100,0,0,0,0,0,0,0,0,0,0,0
173,WELD,PRAIRIE RE-11,185,142,76.8,43,23.2,44,23.8,16,12,75,4,25,4,25,4,0,0,4,100,4,100,54,33,61.1,21,38.9,21,38.9,2,2,100,0,0,0,0,26,18,69.2,8,30.8,8,30.8,0,0,0,0,0,0,0,7,5,71.4,2,28.6,2,28.6
174,WELD,PAWNEE RE-12,96,70,72.9,26,27.1,27,28.1,5,2,40,3,60,3,60,0,0,0,0,0,0,0,24,17,70.8,7,29.2,7,29.2,0,0,0,0,0,0,0,96,70,72.9,26,27.1,27,28.1,0,0,0,0,0,0,0,0,0,0,0,0,0,0
175,YUMA,YUMA 1,916,686,74.9,230,25.1,265,28.9,80,58,72.5,22,27.5,26,32.5,333,249,74.8,84,25.2,109,32.7,564,398,70.6,166,29.4,194,34.4,76,50,65.8,26,34.2,33,43.4,223,154,69.1,69,30.9,84,37.7,50,9,18,41,82,44,88,15,14,93.3,1,6.7,1,6.7
176,YUMA,WRAY RD-2,762,587,77,175,23,184,24.1,85,64,75.3,21,24.7,21,24.7,131,107,81.7,24,18.3,28,21.4,407,299,73.5,108,26.5,113,27.8,11,7,63.6,4,36.4,4,36.4,426,334,78.4,92,21.6,95,22.3,16,4,25,12,75,12,75,23,21,91.3,2,8.7,2,8.7
177,YUMA,IDALIA RJ-3,159,119,74.8,40,25.2,42,26.4,18,14,77.8,4,22.2,4,22.2,36,24,66.7,12,33.3,13,36.1,95,62,65.3,33,34.7,35,36.8,4,1,25,3,75,3,75,19,12,63.2,7,36.8,7,36.8,0,0,0,0,0,0,0,5,5,100,0,0,0,0
178,YUMA,LIBERTY J-4,96,66,68.8,30,31.3,31,32.3,14,6,42.9,8,57.1,8,57.1,1,1,100,0,0,0,0,38,20,52.6,18,47.4,19,50,3,1,33.3,2,66.7,2,66.7,4,4,100,0,0,0,0,0,0,0,0,0,0,0,4,4,100,0,0,0,0
179,DENVER,CHARTER SCHOOL INSTITUTE,12020,5323,44.3,6660,55.4,6800,56.6,708,282,39.8,424,59.9,431,60.9,2067,904,43.7,1157,56,1181,57.1,5764,2408,41.8,3339,57.9,3419,59.3,5,4,80,1,20,1,20,6594,2976,45.1,3593,54.5,3689,55.9,94,26,27.7,68,72.3,69,73.4,343,172,50.1,169,49.3,174,50.7
180,CHAFFEE,MOUNTAIN BOCES,184,76,41.3,113,61.4,116,63,36,17,47.2,24,66.7,24,66.7,11,5,45.5,6,54.5,6,54.5,127,45,35.4,82,64.6,84,66.1,0,0,0,0,0,0,0,0,0,0,0,0,0,0,35,15,42.9,20,57.1,21,60,1,1,100,0,0,1,100
181,WELD,CENTENNIAL BOCES,146,0,0,146,100,146,100,2,0,0,2,100,2,100,8,0,0,8,100,8,100,0,0,0,0,0,0,0,0,0,0,0,0,0,0,0,0,0,0,0,0,0,0,0,0,0,0,0,0,0,0,0,0,0,0,0
182,LA PLATA,SAN JUAN BOCES,84,0,0,84,100,84,100,5,0,0,5,100,5,100,0,0,0,0,0,0,0,0,0,0,0,0,0,0,0,0,0,0,0,0,0,0,0,0,0,0,0,0,0,0,0,0,0,0,0,3,0,0,3,100,3,100
183,DENVER,EXPEDITIONARY BOCES,402,302,75.1,100,24.9,101,25.1,40,34,85,6,15,6,15,16,11,68.8,5,31.3,5,31.3,37,31,83.8,6,16.2,6,16.2,0,0,0,0,0,0,0,0,0,0,0,0,0,0,1,1,100,0,0,0,0,0,0,0,0,0,0,0
