,county,school_dist,total_pupil_count,total_stable_student_count,total_stability_rate,total_mobile_student_count,total_student_mobility_rate,total_instances_of_mobility,total_mobility_incidence_rate,total_female_pupil_count,total_female_stable_student_count,total_female_stability_rate,total_female_mobile_student_count,total_female_student_mobility_rate,total_female_instances_of_mobility,total_female_mobility_incidence_rate,total_male_pupil_count,total_male_stable_student_count,total_male_stability_rate,total_male_mobile_student_count,total_male_student_mobility_rate,total_male_instances_of_mobility,total_male_mobility_incidence_rate,total_american_indian_or_alaska_native_pupil_count,total_american_indian_or_alaska_native_stable_student_count,total_american_indian_or_alaska_native_stability_rate,total_american_indian_or_alaska_native_mobile_student_count,total_american_indian_or_alaska_native_student_mobility_rate,total_american_indian_or_alaska_native_instances_of_mobility,total_american_indian_or_alaska_native_mobility_incidence_rate,total_asian_pupil_count,total_asian_stable_student_count,total_asian_stability_rate,total_asian_mobile_student_count,total_asian_student_mobility_rate,total_asian_instances_of_mobility,total_asian_mobility_incidence_rate,total_black_or_african_american_pupil_count,total_black_or_african_american_stable_student_count,total_black_or_african_american_stability_rate,total_black_or_african_american_mobile_student_count,total_black_or_african_american_student_mobility_rate,total_black_or_african_american_instances_of_mobility,total_black_or_african_american_mobility_incidence_rate,total_hispanic_or_latino_pupil_count,total_hispanic_or_latino_stable_student_count,total_hispanic_or_latino_stability_rate,total_hispanic_or_latino_mobile_student_count,total_hispanic_or_latino_student_mobility_rate,total_hispanic_or_latino_instances_of_mobility,total_hispanic_or_latino_mobility_incidence_rate,total_white_pupil_count,total_white_stable_student_count,total_white_stability_rate,total_white_mobile_student_count,total_white_student_mobility_rate,total_white_instances_of_mobility,total_white_mobility_incidence_rate,total_native_hawaiian_or_other_pacific_islander_pupil_count,total_native_hawaiian_or_other_pacific_islander_stable_student_count,total_native_hawaiian_or_other_pacific_islander_stability_rate,total_native_hawaiian_or_other_pacific_islander_mobile_student_count,total_native_hawaiian_or_other_pacific_islander_student_mobility_rate,total_native_hawaiian_or_other_pacific_islander_instances_of_mobility,total_native_hawaiian_or_other_pacific_islander_mobility_incidence_rate,total_two_or_more_races_pupil_count,total_two_or_more_races_stable_student_count,total_two_or_more_races_stability_rate,total_two_or_more_races_mobile_student_count,total_two_or_more_races_student_mobility_rate,total_two_or_more_races_instances_of_mobility,total_two_or_more_races_mobility_incidence_rate
0,STATE TOTAL,STATE TOTAL,939283,705064,75.1,231706,24.7,253577,27,458512,344767,75.2,112568,24.6,122761,26.8,480771,360297,74.9,119138,24.8,130816,27.2,8356,5496,65.8,2820,33.7,3172,38,28964,22363,77.2,6568,22.7,7074,24.4,48049,31117,64.8,16622,34.6,18690,38.9,301035,219543,72.9,80495,26.7,90374,30,521342,403611,77.4,116715,22.4,124994,24,2208,1433,64.9,768,34.8,840,38,29329,21501,73.3,7718,26.3,8433,28.8
2,ADAMS,MAPLETON 1,9037,5077,56.2,3919,43.4,4133,45.7,4450,2486,55.9,1946,43.7,2049,46,4587,2591,56.5,1973,43,2084,45.4,101,54,53.5,47,46.5,47,46.5,108,51,47.2,57,52.8,58,53.7,179,86,48,92,51.4,96,53.6,5599,3377,60.3,2194,39.2,2362,42.2,2807,1373,48.9,1422,50.7,1462,52.1,24,7,29.2,17,70.8,17,70.8,219,129,58.9,90,41.1,91,41.6
3,ADAMS,ADAMS 12 FIVE STAR SCHOOLS,49889,34283,68.7,15424,30.9,16854,33.8,24340,16773,68.9,7500,30.8,8121,33.4,25549,17510,68.5,7924,31,8733,34.2,397,226,56.9,168,42.3,182,45.8,2388,1936,81.1,450,18.8,505,21.1,1295,725,56,569,43.9,614,47.4,16458,11076,67.3,5304,32.2,6059,36.8,28603,19818,69.3,8691,30.4,9230,32.3,86,47,54.7,39,45.3,42,48.8,662,455,68.7,203,30.7,222,33.5
4,ADAMS,ADAMS COUNTY 14,8265,5510,66.7,3038,36.8,3397,41.1,3966,2652,66.9,1482,37.4,1650,41.6,4299,2858,66.5,1556,36.2,1747,40.6,67,43,64.2,25,37.3,27,40.3,20,16,80,4,20,4,20,222,107,48.2,115,51.8,119,53.6,6722,4616,68.7,2366,35.2,2660,39.6,1178,699,59.3,502,42.6,559,47.5,1,1,100,0,0,0,0,55,28,50.9,26,47.3,28,50.9
5,ADAMS,BRIGHTON 27J,17152,13109,76.4,3982,23.2,4294,25,8452,6475,76.6,1943,23,2103,24.9,8700,6634,76.3,2039,23.4,2191,25.2,100,80,80,20,20,21,21,436,331,75.9,105,24.1,114,26.1,336,208,61.9,124,36.9,131,39,7523,5721,76,1776,23.6,1945,25.9,8298,6440,77.6,1829,22,1944,23.4,36,25,69.4,11,30.6,12,33.3,423,304,71.9,117,27.7,127,30
6,ADAMS,BENNETT 29J,1200,895,74.6,305,25.4,312,26,551,413,75,138,25,140,25.4,649,482,74.3,167,25.7,172,26.5,18,14,77.8,4,22.2,4,22.2,4,4,100,0,0,0,0,7,5,71.4,2,28.6,2,28.6,216,147,68.1,69,31.9,69,31.9,913,695,76.1,218,23.9,225,24.6,5,3,60,2,40,2,40,37,27,73,10,27,10,27
7,ADAMS,STRASBURG 31J,1052,828,78.7,224,21.3,227,21.6,489,384,78.5,105,21.5,107,21.9,563,444,78.9,119,21.1,120,21.3,11,8,72.7,3,27.3,3,27.3,17,14,82.4,3,17.6,3,17.6,19,9,47.4,10,52.6,10,52.6,118,88,74.6,30,25.4,31,26.3,886,709,80,177,20,179,20.2,1,0,0,1,100,1,100,0,0,0,0,0,0,0
8,ADAMS,WESTMINSTER 50,11951,7570,63.3,4330,36.2,4708,39.4,5846,3646,62.4,2178,37.3,2368,40.5,6105,3924,64.3,2152,35.2,2340,38.3,94,56,59.6,38,40.4,43,45.7,574,434,75.6,139,24.2,151,26.3,196,92,46.9,104,53.1,108,55.1,8461,5411,64,3014,35.6,3291,38.9,2437,1457,59.8,966,39.6,1042,42.8,18,8,44.4,10,55.6,11,61.1,171,112,65.5,59,34.5,62,36.3
9,ALAMOSA,ALAMOSA RE-11J,2420,1641,67.8,771,31.9,833,34.4,1181,809,68.5,368,31.2,397,33.6,1239,832,67.2,403,32.5,436,35.2,16,9,56.3,7,43.8,7,43.8,23,16,69.6,7,30.4,7,30.4,12,7,58.3,5,41.7,5,41.7,1518,1053,69.4,459,30.2,510,33.6,814,538,66.1,275,33.8,285,35,2,1,50,1,50,1,50,35,17,48.6,17,48.6,18,51.4
10,ALAMOSA,SANGRE DE CRISTO RE-22J,355,241,67.9,114,32.1,117,33,173,111,64.2,62,35.8,64,37,182,130,71.4,52,28.6,53,29.1,1,1,100,0,0,0,0,2,0,0,2,100,2,100,2,1,50,1,50,1,50,97,80,82.5,17,17.5,18,18.6,244,155,63.5,89,36.5,91,37.3,5,4,80,1,20,1,20,4,0,0,4,100,4,100
11,ARAPAHOE,ENGLEWOOD 1,3496,2117,60.6,1364,39,1512,43.2,1673,1016,60.7,649,38.8,714,42.7,1823,1101,60.4,715,39.2,798,43.8,43,26,60.5,17,39.5,21,48.8,37,25,67.6,12,32.4,13,35.1,148,61,41.2,86,58.1,93,62.8,1282,755,58.9,522,40.7,576,44.9,1889,1202,63.6,678,35.9,755,40,11,6,54.5,5,45.5,5,45.5,86,42,48.8,44,51.2,49,57
12,ARAPAHOE,SHERIDAN 2,1848,1169,63.3,680,36.8,702,38,902,563,62.4,339,37.6,349,38.7,946,606,64.1,341,36,353,37.3,21,14,66.7,7,33.3,7,33.3,40,31,77.5,9,22.5,9,22.5,86,40,46.5,46,53.5,49,57,1338,869,64.9,470,35.1,484,36.2,332,200,60.2,132,39.8,137,41.3,2,1,50,1,50,1,50,29,14,48.3,15,51.7,15,51.7
13,ARAPAHOE,CHERRY CREEK 5,56418,45451,80.6,10922,19.4,11301,20,27427,22268,81.2,5132,18.7,5300,19.3,28991,23183,80,5790,20,6001,20.7,302,235,77.8,67,22.2,72,23.8,4486,3725,83,759,16.9,800,17.8,7179,5230,72.9,1942,27.1,2011,28,10364,7829,75.5,2525,24.4,2610,25.2,31361,26252,83.7,5090,16.2,5249,16.7,149,114,76.5,35,23.5,35,23.5,2577,2066,80.2,504,19.6,524,20.3
14,ARAPAHOE,LITTLETON 6,16504,13418,81.3,3075,18.6,3203,19.4,8082,6625,82,1452,18,1505,18.6,8422,6793,80.7,1623,19.3,1698,20.2,101,72,71.3,28,27.7,30,29.7,536,418,78,118,22,123,22.9,229,153,66.8,75,32.8,78,34.1,2699,2057,76.2,640,23.7,674,25,12296,10229,83.2,2062,16.8,2140,17.4,19,13,68.4,6,31.6,6,31.6,624,476,76.3,146,23.4,152,24.4
15,ARAPAHOE,DEER TRAIL 26J,185,130,70.3,55,29.7,61,33,86,59,68.6,27,31.4,31,36,99,71,71.7,28,28.3,30,30.3,1,0,0,1,100,1,100,2,2,100,0,0,0,0,1,1,100,0,0,0,0,18,10,55.6,8,44.4,9,50,162,117,72.2,45,27.8,50,30.9,0,0,0,0,0,0,0,1,0,0,1,100,1,100
16,ARAPAHOE,ADAMS-ARAPAHOE 28J,45673,31436,68.8,13911,30.5,15360,33.6,22044,15145,68.7,6747,30.6,7431,33.7,23629,16291,68.9,7164,30.3,7929,33.6,343,221,64.4,120,35,132,38.5,2009,1386,69,617,30.7,660,32.9,8242,5233,63.5,2938,35.6,3260,39.6,23087,16700,72.3,6211,26.9,6975,30.2,10070,6736,66.9,3275,32.5,3523,35,215,137,63.7,78,36.3,81,37.7,1707,1023,59.9,672,39.4,729,42.7
17,ARAPAHOE,BYERS 32J,515,388,75.3,127,24.7,130,25.2,257,198,77,59,23,61,23.7,258,190,73.6,68,26.4,69,26.7,0,0,0,0,0,0,0,3,3,100,0,0,0,0,5,3,60,2,40,2,40,56,43,76.8,13,23.2,13,23.2,436,330,75.7,106,24.3,109,25,2,1,50,1,50,1,50,13,8,61.5,5,38.5,5,38.5
18,ARCHULETA,ARCHULETA COUNTY 50 JT,1641,1218,74.2,422,25.7,452,27.5,786,596,75.8,190,24.2,204,26,855,622,72.7,232,27.1,248,29,35,15,42.9,19,54.3,22,62.9,15,11,73.3,4,26.7,4,26.7,21,14,66.7,7,33.3,7,33.3,405,311,76.8,94,23.2,100,24.7,1150,858,74.6,292,25.4,313,27.2,1,0,0,1,100,1,100,14,9,64.3,5,35.7,5,35.7
19,BACA,WALSH RE-1,150,118,78.7,32,21.3,34,22.7,72,50,69.4,22,30.6,23,31.9,78,68,87.2,10,12.8,11,14.1,1,1,100,0,0,0,0,0,0,0,0,0,0,0,0,0,0,0,0,0,0,28,15,53.6,13,46.4,15,53.6,120,101,84.2,19,15.8,19,15.8,0,0,0,0,0,0,0,1,1,100,0,0,0,0
20,BACA,PRITCHETT RE-3,74,43,58.1,31,41.9,31,41.9,33,20,60.6,13,39.4,13,39.4,41,23,56.1,18,43.9,18,43.9,0,0,0,0,0,0,0,0,0,0,0,0,0,0,0,0,0,0,0,0,0,11,5,45.5,6,54.5,6,54.5,62,37,59.7,25,40.3,25,40.3,0,0,0,0,0,0,0,1,1,100,0,0,0,0
21,BACA,SPRINGFIELD RE-4,292,218,74.7,74,25.3,79,27.1,143,110,76.9,33,23.1,37,25.9,149,108,72.5,41,27.5,42,28.2,0,0,0,0,0,0,0,0,0,0,0,0,0,0,2,2,100,0,0,0,0,45,26,57.8,19,42.2,20,44.4,235,182,77.4,53,22.6,57,24.3,0,0,0,0,0,0,0,10,8,80,2,20,2,20
22,BACA,VILAS RE-5,418,160,38.3,258,61.7,261,62.4,211,72,34.1,139,65.9,141,66.8,207,88,42.5,119,57.5,120,58,10,2,20,8,80,8,80,1,0,0,1,100,1,100,12,8,66.7,4,33.3,4,33.3,106,30,28.3,76,71.7,77,72.6,284,120,42.3,164,57.7,166,58.5,1,0,0,1,100,1,100,4,0,0,4,100,4,100
23,BACA,CAMPO RE-6,54,38,70.4,16,29.6,16,29.6,33,22,66.7,11,33.3,11,33.3,21,16,76.2,5,23.8,5,23.8,0,0,0,0,0,0,0,0,0,0,0,0,0,0,0,0,0,0,0,0,0,7,4,57.1,3,42.9,3,42.9,47,34,72.3,13,27.7,13,27.7,0,0,0,0,0,0,0,0,0,0,0,0,0,0
24,BENT,LAS ANIMAS RE-1,569,429,75.4,140,24.6,147,25.8,291,218,74.9,73,25.1,79,27.1,278,211,75.9,67,24.1,68,24.5,1,1,100,0,0,0,0,7,3,42.9,4,57.1,4,57.1,12,10,83.3,2,16.7,2,16.7,237,189,79.7,48,20.3,51,21.5,309,223,72.2,86,27.8,90,29.1,0,0,0,0,0,0,0,3,3,100,0,0,0,0
25,BENT,MC CLAVE RE-2,296,246,83.1,50,16.9,51,17.2,144,120,83.3,24,16.7,24,16.7,152,126,82.9,26,17.1,27,17.8,3,1,33.3,2,66.7,2,66.7,0,0,0,0,0,0,0,1,1,100,0,0,0,0,96,80,83.3,16,16.7,16,16.7,196,164,83.7,32,16.3,33,16.8,0,0,0,0,0,0,0,0,0,0,0,0,0,0
26,BOULDER,ST VRAIN VALLEY RE 1J,29351,24282,82.7,5015,17.1,5364,18.3,14416,11946,82.9,2438,16.9,2614,18.1,14935,12336,82.6,2577,17.3,2750,18.4,190,147,77.4,36,18.9,46,24.2,1008,846,83.9,162,16.1,167,16.6,329,248,75.4,81,24.6,89,27.1,8436,6945,82.3,1475,17.5,1612,19.1,19003,15789,83.1,3183,16.7,3369,17.7,66,47,71.2,19,28.8,20,30.3,319,260,81.5,59,18.5,61,19.1
27,BOULDER,BOULDER VALLEY RE 2,31329,26465,84.5,4832,15.4,5099,16.3,15385,13032,84.7,2338,15.2,2473,16.1,15944,13433,84.3,2494,15.6,2626,16.5,159,115,72.3,44,27.7,49,30.8,1870,1533,82,334,17.9,352,18.8,281,185,65.8,96,34.2,100,35.6,5382,4393,81.6,982,18.2,1050,19.5,22114,18964,85.8,3129,14.1,3287,14.9,29,19,65.5,9,31,10,34.5,1494,1256,84.1,238,15.9,251,16.8
28,CHAFFEE,BUENA VISTA R-31,1077,803,74.6,273,25.3,295,27.4,536,398,74.3,137,25.6,146,27.2,541,405,74.9,136,25.1,149,27.5,12,7,58.3,5,41.7,7,58.3,7,6,85.7,1,14.3,1,14.3,9,7,77.8,2,22.2,2,22.2,102,73,71.6,29,28.4,30,29.4,922,693,75.2,228,24.7,246,26.7,1,0,0,1,100,2,200,24,17,70.8,7,29.2,7,29.2
29,CHAFFEE,SALIDA R-32,1201,904,75.3,295,24.6,314,26.1,576,448,77.8,127,22,134,23.3,625,456,73,168,26.9,180,28.8,11,5,45.5,6,54.5,7,63.6,12,10,83.3,2,16.7,2,16.7,0,0,0,0,0,0,0,174,126,72.4,48,27.6,54,31,973,737,75.7,234,24,246,25.3,2,1,50,1,50,1,50,29,25,86.2,4,13.8,4,13.8
30,CHEYENNE,KIT CARSON R-1,131,102,77.9,29,22.1,29,22.1,71,59,83.1,12,16.9,12,16.9,60,43,71.7,17,28.3,17,28.3,0,0,0,0,0,0,0,1,1,100,0,0,0,0,0,0,0,0,0,0,0,19,14,73.7,5,26.3,5,26.3,111,87,78.4,24,21.6,24,21.6,0,0,0,0,0,0,0,0,0,0,0,0,0,0
31,CHEYENNE,CHEYENNE COUNTY RE-5,208,145,69.7,63,30.3,65,31.3,89,60,67.4,29,32.6,29,32.6,119,85,71.4,34,28.6,36,30.3,0,0,0,0,0,0,0,0,0,0,0,0,0,0,2,0,0,2,100,2,100,47,22,46.8,25,53.2,25,53.2,158,123,77.8,35,22.2,36,22.8,0,0,0,0,0,0,0,1,0,0,1,100,2,200
32,CLEAR CREEK,CLEAR CREEK RE-1,1080,761,70.5,319,29.5,338,31.3,548,370,67.5,178,32.5,190,34.7,532,391,73.5,141,26.5,148,27.8,17,15,88.2,2,11.8,2,11.8,13,7,53.8,6,46.2,8,61.5,14,6,42.9,8,57.1,8,57.1,120,70,58.3,50,41.7,55,45.8,884,639,72.3,245,27.7,254,28.7,2,2,100,0,0,0,0,30,22,73.3,8,26.7,11,36.7
33,CONEJOS,NORTH CONEJOS RE-1J,1110,838,75.5,266,24,284,25.6,557,416,74.7,139,25,149,26.8,553,422,76.3,127,23,135,24.4,6,5,83.3,1,16.7,2,33.3,7,0,0,7,100,7,100,6,5,83.3,1,16.7,1,16.7,658,498,75.7,154,23.4,169,25.7,416,316,76,100,24,102,24.5,3,2,66.7,1,33.3,1,33.3,14,12,85.7,2,14.3,2,14.3
34,CONEJOS,SANFORD 6J,369,287,77.8,82,22.2,82,22.2,203,153,75.4,50,24.6,50,24.6,166,134,80.7,32,19.3,32,19.3,2,0,0,2,100,2,100,3,0,0,3,100,3,100,0,0,0,0,0,0,0,107,77,72,30,28,30,28,252,205,81.3,47,18.7,47,18.7,0,0,0,0,0,0,0,5,5,100,0,0,0,0
35,CONEJOS,SOUTH CONEJOS RE-10,276,193,69.9,83,30.1,84,30.4,146,106,72.6,40,27.4,41,28.1,130,87,66.9,43,33.1,43,33.1,2,2,100,0,0,0,0,1,0,0,1,100,1,100,1,0,0,1,100,1,100,241,177,73.4,64,26.6,65,27,28,14,50,14,50,14,50,0,0,0,0,0,0,0,3,0,0,3,100,3,100
36,COSTILLA,CENTENNIAL R-1,269,179,66.5,90,33.5,102,37.9,131,88,67.2,43,32.8,49,37.4,138,91,65.9,47,34.1,53,38.4,2,1,50,1,50,1,50,0,0,0,0,0,0,0,0,0,0,0,0,0,0,237,172,72.6,65,27.4,72,30.4,29,6,20.7,23,79.3,28,96.6,0,0,0,0,0,0,0,1,0,0,1,100,1,100
37,COSTILLA,SIERRA GRANDE R-30,317,204,64.4,113,35.6,120,37.9,143,95,66.4,48,33.6,54,37.8,174,109,62.6,65,37.4,66,37.9,3,0,0,3,100,4,133.3,4,4,100,0,0,0,0,2,1,50,1,50,1,50,229,161,70.3,68,29.7,70,30.6,67,31,46.3,36,53.7,37,55.2,3,0,0,3,100,6,200,9,7,77.8,2,22.2,2,22.2
38,CROWLEY,CROWLEY COUNTY RE-1-J,578,382,66.1,196,33.9,203,35.1,271,175,64.6,96,35.4,101,37.3,307,207,67.4,100,32.6,102,33.2,25,20,80,5,20,5,20,0,0,0,0,0,0,0,4,2,50,2,50,2,50,139,86,61.9,53,38.1,57,41,385,257,66.8,128,33.2,131,34,0,0,0,0,0,0,0,25,17,68,8,32,8,32
39,CUSTER,CUSTER COUNTY SCHOOL DISTRICT C-1,480,361,75.2,119,24.8,121,25.2,238,182,76.5,56,23.5,57,23.9,242,179,74,63,26,64,26.4,4,3,75,1,25,1,25,7,7,100,0,0,0,0,5,4,80,1,20,1,20,20,6,30,14,70,14,70,436,336,77.1,100,22.9,102,23.4,0,0,0,0,0,0,0,8,5,62.5,3,37.5,3,37.5
40,DELTA,DELTA COUNTY 50(J),5630,4387,77.9,1222,21.7,1344,23.9,2735,2142,78.3,585,21.4,638,23.3,2895,2245,77.5,637,22,706,24.4,49,31,63.3,18,36.7,24,49,75,36,48,39,52,39,52,29,16,55.2,13,44.8,13,44.8,1154,936,81.1,214,18.5,242,21,4204,3285,78.1,905,21.5,985,23.4,6,4,66.7,2,33.3,2,33.3,113,79,69.9,31,27.4,39,34.5
41,DENVER,DENVER COUNTY 1,88761,64903,73.1,23124,26.1,27685,31.2,43680,32063,73.4,11248,25.8,13251,30.3,45081,32840,72.8,11876,26.3,14434,32,741,450,60.7,279,37.7,332,44.8,2991,2203,73.7,782,26.1,870,29.1,13047,8868,68,4015,30.8,5004,38.4,51304,38413,74.9,12468,24.3,15171,29.6,17845,12952,72.6,4799,26.9,5383,30.2,198,120,60.6,76,38.4,94,47.5,2635,1897,72,705,26.8,831,31.5
42,DOLORES,DOLORES COUNTY RE NO.2,318,229,72,89,28,91,28.6,156,116,74.4,40,25.6,41,26.3,162,113,69.8,49,30.2,50,30.9,18,14,77.8,4,22.2,4,22.2,0,0,0,0,0,0,0,1,1,100,0,0,0,0,21,9,42.9,12,57.1,13,61.9,266,202,75.9,64,24.1,65,24.4,1,1,100,0,0,0,0,11,2,18.2,9,81.8,9,81.8
43,DOUGLAS,DOUGLAS COUNTY RE 1,66965,55140,82.3,11722,17.5,12396,18.5,32803,27070,82.5,5682,17.3,5992,18.3,34162,28070,82.2,6040,17.7,6404,18.7,320,243,75.9,74,23.1,86,26.9,2606,2157,82.8,445,17.1,486,18.6,1546,917,59.3,627,40.6,670,43.3,9325,6706,71.9,2605,27.9,2780,29.8,50557,43000,85.1,7481,14.8,7856,15.5,100,79,79,21,21,23,23,2511,2038,81.2,469,18.7,495,19.7
44,EAGLE,EAGLE COUNTY RE 50,6749,5472,81.1,1261,18.7,1365,20.2,3205,2631,82.1,568,17.7,621,19.4,3544,2841,80.2,693,19.6,744,21,52,39,75,13,25,15,28.8,67,57,85.1,10,14.9,12,17.9,25,19,76,6,24,6,24,3327,2711,81.5,605,18.2,665,20,3198,2584,80.8,610,19.1,647,20.2,5,4,80,1,20,1,20,75,58,77.3,16,21.3,19,25.3
45,ELBERT,ELIZABETH C-1,2804,2090,74.5,711,25.4,736,26.2,1362,1031,75.7,329,24.2,343,25.2,1442,1059,73.4,382,26.5,393,27.3,14,14,100,0,0,0,0,22,9,40.9,13,59.1,13,59.1,20,8,40,12,60,12,60,273,195,71.4,78,28.6,82,30,2396,1819,75.9,574,24,594,24.8,7,6,85.7,1,14.3,1,14.3,72,39,54.2,33,45.8,34,47.2
46,ELBERT,KIOWA C-2,437,323,73.9,114,26.1,115,26.3,218,157,72,61,28,62,28.4,219,166,75.8,53,24.2,53,24.2,1,1,100,0,0,0,0,3,3,100,0,0,0,0,5,4,80,1,20,1,20,38,25,65.8,13,34.2,13,34.2,376,283,75.3,93,24.7,94,25,2,2,100,0,0,0,0,12,5,41.7,7,58.3,7,58.3
47,ELBERT,BIG SANDY 100J,350,241,68.9,109,31.1,111,31.7,168,118,70.2,50,29.8,51,30.4,182,123,67.6,59,32.4,60,33,6,5,83.3,1,16.7,1,16.7,4,0,0,4,100,4,100,0,0,0,0,0,0,0,52,24,46.2,28,53.8,29,55.8,274,201,73.4,73,26.6,73,26.6,2,2,100,0,0,0,0,12,9,75,3,25,4,33.3
48,ELBERT,ELBERT 200,232,166,71.6,66,28.4,68,29.3,109,81,74.3,28,25.7,28,25.7,123,85,69.1,38,30.9,40,32.5,1,1,100,0,0,0,0,4,4,100,0,0,0,0,1,0,0,1,100,1,100,12,7,58.3,5,41.7,5,41.7,201,151,75.1,50,24.9,52,25.9,0,0,0,0,0,0,0,13,3,23.1,10,76.9,10,76.9
49,ELBERT,AGATE 300,16,5,31.3,13,81.3,13,81.3,11,2,18.2,9,81.8,9,81.8,5,3,60,4,80,4,80,0,0,0,0,0,0,0,0,0,0,0,0,0,0,0,0,0,0,0,0,0,3,0,0,3,100,3,100,13,5,38.5,10,76.9,10,76.9,0,0,0,0,0,0,0,0,0,0,0,0,0,0
50,EL PASO,CALHAN RJ-1,645,404,62.6,291,45.1,304,47.1,333,210,63.1,145,43.5,154,46.2,312,194,62.2,146,46.8,150,48.1,6,2,33.3,4,66.7,4,66.7,12,7,58.3,5,41.7,5,41.7,7,4,57.1,3,42.9,3,42.9,63,30,47.6,42,66.7,45,71.4,550,356,64.7,235,42.7,245,44.5,0,0,0,0,0,0,0,7,5,71.4,2,28.6,2,28.6
51,EL PASO,HARRISON 2,13926,7941,57,5872,42.2,6343,45.5,6857,3988,58.2,2818,41.1,3027,44.1,7069,3953,55.9,3054,43.2,3316,46.9,228,122,53.5,105,46.1,116,50.9,752,370,49.2,379,50.4,406,54,2336,1482,63.4,837,35.8,913,39.1,5514,3374,61.2,2085,37.8,2286,41.5,4815,2424,50.3,2357,49,2506,52,95,58,61.1,36,37.9,37,38.9,186,111,59.7,73,39.2,79,42.5
52,EL PASO,WIDEFIELD 3,10617,7215,68,3380,31.8,3687,34.7,5176,3514,67.9,1651,31.9,1792,34.6,5441,3701,68,1729,31.8,1895,34.8,115,72,62.6,43,37.4,46,40,150,109,72.7,41,27.3,43,28.7,1201,768,63.9,431,35.9,473,39.4,2665,1825,68.5,835,31.3,925,34.7,5552,3802,68.5,1735,31.3,1878,33.8,157,97,61.8,60,38.2,65,41.4,777,542,69.8,235,30.2,257,33.1
53,EL PASO,FOUNTAIN 8,9827,5302,54,4489,45.7,4738,48.2,4718,2475,52.5,2225,47.2,2351,49.8,5109,2827,55.3,2264,44.3,2387,46.7,98,48,49,50,51,54,55.1,178,85,47.8,89,50,97,54.5,1363,719,52.8,635,46.6,659,48.3,2162,1213,56.1,941,43.5,988,45.7,5273,2803,53.2,2456,46.6,2609,49.5,78,36,46.2,42,53.8,42,53.8,675,398,59,276,40.9,289,42.8
54,EL PASO,COLORADO SPRINGS 11,34548,23868,69.1,10560,30.6,12693,36.7,16867,11741,69.6,5070,30.1,6105,36.2,17681,12127,68.6,5490,31.1,6588,37.3,346,213,61.6,133,38.4,170,49.1,641,453,70.7,186,29,215,33.5,2709,1555,57.4,1140,42.1,1384,51.1,10087,6925,68.7,3116,30.9,3828,37.9,18129,12880,71,5203,28.7,6179,34.1,108,67,62,41,38,47,43.5,2528,1775,70.2,741,29.3,870,34.4
55,EL PASO,CHEYENNE MOUNTAIN 12,5059,3785,74.8,1274,25.2,1300,25.7,2511,1872,74.6,639,25.4,652,26,2548,1913,75.1,635,24.9,648,25.4,37,22,59.5,15,40.5,15,40.5,170,134,78.8,36,21.2,36,21.2,146,88,60.3,58,39.7,58,39.7,704,472,67,232,33,233,33.1,3798,2923,77,875,23,899,23.7,13,10,76.9,3,23.1,3,23.1,191,136,71.2,55,28.8,56,29.3
56,EL PASO,MANITOU SPRINGS 14,1682,1146,68.1,537,31.9,537,31.9,818,559,68.3,260,31.8,260,31.8,864,587,67.9,277,32.1,277,32.1,15,7,46.7,8,53.3,8,53.3,16,11,68.8,5,31.3,5,31.3,6,5,83.3,1,16.7,1,16.7,158,117,74.1,41,25.9,41,25.9,1406,958,68.1,449,31.9,449,31.9,1,0,0,1,100,1,100,80,48,60,32,40,32,40
57,EL PASO,ACADEMY 20,25881,20007,77.3,5853,22.6,6077,23.5,12613,9738,77.2,2865,22.7,2968,23.5,13268,10269,77.4,2988,22.5,3109,23.4,111,85,76.6,26,23.4,29,26.1,954,742,77.8,212,22.2,222,23.3,843,559,66.3,283,33.6,296,35.1,3151,2266,71.9,883,28,914,29,19372,15316,79.1,4038,20.8,4189,21.6,110,79,71.8,31,28.2,31,28.2,1340,960,71.6,380,28.4,396,29.6
58,EL PASO,ELLICOTT 22,1233,736,59.7,496,40.2,506,41,582,344,59.1,237,40.7,241,41.4,651,392,60.2,259,39.8,265,40.7,3,2,66.7,1,33.3,1,33.3,5,0,0,5,100,5,100,31,8,25.8,23,74.2,24,77.4,256,182,71.1,74,28.9,75,29.3,891,515,57.8,375,42.1,382,42.9,0,0,0,0,0,0,0,47,29,61.7,18,38.3,19,40.4
59,EL PASO,PEYTON 23 JT,734,562,76.6,172,23.4,182,24.8,349,266,76.2,83,23.8,86,24.6,385,296,76.9,89,23.1,96,24.9,16,14,87.5,2,12.5,2,12.5,5,3,60,2,40,2,40,6,2,33.3,4,66.7,4,66.7,67,42,62.7,25,37.3,28,41.8,621,495,79.7,126,20.3,132,21.3,0,0,0,0,0,0,0,19,6,31.6,13,68.4,14,73.7
60,EL PASO,HANOVER 28,292,143,49,149,51,154,52.7,152,74,48.7,78,51.3,82,53.9,140,69,49.3,71,50.7,72,51.4,5,4,80,1,20,1,20,3,0,0,3,100,3,100,9,0,0,9,100,9,100,114,65,57,49,43,53,46.5,160,74,46.3,86,53.8,87,54.4,0,0,0,0,0,0,0,1,0,0,1,100,1,100
61,EL PASO,LEWIS-PALMER 38,6422,5105,79.5,1312,20.4,1365,21.3,3062,2407,78.6,652,21.3,682,22.3,3360,2698,80.3,660,19.6,683,20.3,43,40,93,3,7,3,7,182,145,79.7,37,20.3,38,20.9,67,44,65.7,23,34.3,23,34.3,621,476,76.7,145,23.3,151,24.3,5241,4176,79.7,1060,20.2,1104,21.1,10,7,70,3,30,3,30,258,217,84.1,41,15.9,43,16.7
62,EL PASO,FALCON 49,17388,12379,71.2,5031,28.9,5301,30.5,8375,5938,70.9,2461,29.4,2577,30.8,9013,6441,71.5,2570,28.5,2724,30.2,113,87,77,26,23,29,25.7,552,448,81.2,105,19,108,19.6,1272,834,65.6,441,34.7,469,36.9,3122,2143,68.6,986,31.6,1037,33.2,11226,8160,72.7,3081,27.4,3233,28.8,74,46,62.2,25,33.8,33,44.6,1029,661,64.2,367,35.7,392,38.1
63,EL PASO,EDISON 54 JT,214,141,65.9,73,34.1,74,34.6,109,74,67.9,35,32.1,35,32.1,105,67,63.8,38,36.2,39,37.1,0,0,0,0,0,0,0,0,0,0,0,0,0,0,0,0,0,0,0,0,0,14,9,64.3,5,35.7,5,35.7,200,132,66,68,34,69,34.5,0,0,0,0,0,0,0,0,0,0,0,0,0,0
64,EL PASO,MIAMI/YODER 60 JT,357,193,54.1,164,45.9,169,47.3,175,95,54.3,80,45.7,81,46.3,182,98,53.8,84,46.2,88,48.4,6,2,33.3,4,66.7,4,66.7,0,0,0,0,0,0,0,3,0,0,3,100,3,100,51,28,54.9,23,45.1,23,45.1,279,151,54.1,128,45.9,133,47.7,0,0,0,0,0,0,0,18,12,66.7,6,33.3,6,33.3
65,FREMONT,CANON CITY RE-1,4271,3211,75.2,1037,24.3,1129,26.4,2114,1609,76.1,493,23.3,536,25.4,2157,1602,74.3,544,25.2,593,27.5,37,23,62.2,14,37.8,14,37.8,26,21,80.8,5,19.2,5,19.2,29,22,75.9,7,24.1,7,24.1,532,370,69.5,159,29.9,171,32.1,3536,2694,76.2,822,23.2,898,25.4,11,8,72.7,3,27.3,4,36.4,100,73,73,27,27,30,30
66,FREMONT,FREMONT RE-2,1866,1314,70.4,551,29.5,595,31.9,915,647,70.7,268,29.3,287,31.4,951,667,70.1,283,29.8,308,32.4,14,6,42.9,8,57.1,8,57.1,8,7,87.5,1,12.5,1,12.5,8,8,100,0,0,0,0,257,190,73.9,67,26.1,70,27.2,1505,1057,70.2,447,29.7,488,32.4,3,1,33.3,2,66.7,2,66.7,71,45,63.4,26,36.6,26,36.6
67,FREMONT,COTOPAXI RE-3,235,167,71.1,68,28.9,69,29.4,109,82,75.2,27,24.8,27,24.8,126,85,67.5,41,32.5,42,33.3,2,1,50,1,50,1,50,1,1,100,0,0,0,0,0,0,0,0,0,0,0,19,12,63.2,7,36.8,7,36.8,206,149,72.3,57,27.7,58,28.2,0,0,0,0,0,0,0,7,4,57.1,3,42.9,3,42.9
68,GARFIELD,ROARING FORK RE-1,5742,4569,79.6,1160,20.2,1281,22.3,2765,2205,79.7,554,20,606,21.9,2977,2364,79.4,606,20.4,675,22.7,22,19,86.4,3,13.6,3,13.6,51,44,86.3,7,13.7,7,13.7,12,4,33.3,8,66.7,8,66.7,2922,2362,80.8,551,18.9,632,21.6,2617,2054,78.5,559,21.4,596,22.8,3,1,33.3,2,66.7,2,66.7,115,85,73.9,30,26.1,33,28.7
69,GARFIELD,GARFIELD RE-2,5185,3942,76,1235,23.8,1322,25.5,2494,1919,76.9,571,22.9,613,24.6,2691,2023,75.2,664,24.7,709,26.3,36,22,61.1,14,38.9,14,38.9,25,13,52,12,48,12,48,22,10,45.5,12,54.5,12,54.5,2187,1721,78.7,463,21.2,504,23,2833,2114,74.6,715,25.2,760,26.8,4,4,100,0,0,0,0,78,58,74.4,19,24.4,20,25.6
70,GARFIELD,GARFIELD 16,1275,854,67,423,33.2,454,35.6,597,406,68,192,32.2,210,35.2,678,448,66.1,231,34.1,244,36,25,15,60,10,40,11,44,2,1,50,1,50,1,50,4,0,0,4,100,4,100,416,294,70.7,123,29.6,132,31.7,777,499,64.2,279,35.9,299,38.5,3,3,100,0,0,0,0,48,42,87.5,6,12.5,7,14.6
71,GILPIN,GILPIN COUNTY RE-1,416,288,69.2,128,30.8,135,32.5,200,144,72,56,28,60,30,216,144,66.7,72,33.3,75,34.7,1,0,0,1,100,1,100,7,6,85.7,1,14.3,1,14.3,5,1,20,4,80,6,120,48,30,62.5,18,37.5,19,39.6,337,242,71.8,95,28.2,98,29.1,2,0,0,2,100,2,100,16,9,56.3,7,43.8,8,50
72,GRAND,WEST GRAND 1-JT.,476,380,79.8,96,20.2,101,21.2,229,173,75.5,56,24.5,61,26.6,247,207,83.8,40,16.2,40,16.2,1,1,100,0,0,0,0,0,0,0,0,0,0,0,0,0,0,0,0,0,0,95,79,83.2,16,16.8,16,16.8,368,290,78.8,78,21.2,83,22.6,2,2,100,0,0,0,0,10,8,80,2,20,2,20
73,GRAND,EAST GRAND 2,1398,1080,77.3,315,22.5,335,24,678,531,78.3,145,21.4,154,22.7,720,549,76.3,170,23.6,181,25.1,9,4,44.4,5,55.6,5,55.6,7,5,71.4,2,28.6,2,28.6,11,5,45.5,5,45.5,7,63.6,149,105,70.5,43,28.9,49,32.9,1204,948,78.7,255,21.2,267,22.2,12,8,66.7,4,33.3,4,33.3,6,5,83.3,1,16.7,1,16.7
74,GUNNISON,GUNNISON WATERSHED RE1J,1936,1552,80.2,384,19.8,424,21.9,955,755,79.1,200,20.9,219,22.9,981,797,81.2,184,18.8,205,20.9,13,8,61.5,5,38.5,6,46.2,8,7,87.5,1,12.5,1,12.5,2,1,50,1,50,1,50,290,235,81,55,19,60,20.7,1580,1273,80.6,307,19.4,340,21.5,6,2,33.3,4,66.7,4,66.7,37,26,70.3,11,29.7,12,32.4
75,HINSDALE,HINSDALE COUNTY RE 1,93,69,74.2,24,25.8,24,25.8,42,31,73.8,11,26.2,11,26.2,51,38,74.5,13,25.5,13,25.5,1,0,0,1,100,1,100,2,1,50,1,50,1,50,1,0,0,1,100,1,100,7,3,42.9,4,57.1,4,57.1,81,65,80.2,16,19.8,16,19.8,0,0,0,0,0,0,0,1,0,0,1,100,1,100
76,HUERFANO,HUERFANO RE-1,614,438,71.3,176,28.7,190,30.9,301,212,70.4,89,29.6,95,31.6,313,226,72.2,87,27.8,95,30.4,19,15,78.9,4,21.1,4,21.1,4,2,50,2,50,2,50,7,1,14.3,6,85.7,6,85.7,394,311,78.9,83,21.1,89,22.6,184,108,58.7,76,41.3,84,45.7,2,0,0,2,100,2,100,4,1,25,3,75,3,75
77,HUERFANO,LA VETA RE-2,262,169,64.5,92,35.1,96,36.6,135,90,66.7,44,32.6,47,34.8,127,79,62.2,48,37.8,49,38.6,0,0,0,0,0,0,0,0,0,0,0,0,0,0,0,0,0,0,0,0,0,82,50,61,31,37.8,32,39,177,118,66.7,59,33.3,62,35,0,0,0,0,0,0,0,3,1,33.3,2,66.7,2,66.7
78,JACKSON,NORTH PARK R-1 ,205,151,73.7,54,26.3,60,29.3,105,78,74.3,27,25.7,30,28.6,100,73,73,27,27,30,30,1,0,0,1,100,1,100,0,0,0,0,0,0,0,0,0,0,0,0,0,0,43,36,83.7,7,16.3,8,18.6,156,114,73.1,42,26.9,47,30.1,0,0,0,0,0,0,0,5,1,20,4,80,4,80
79,JEFFERSON,JEFFERSON COUNTY R-1,90678,74398,82,16049,17.7,17618,19.4,44122,36303,82.3,7721,17.5,8426,19.1,46556,38095,81.8,8328,17.9,9192,19.7,725,536,73.9,185,25.5,207,28.6,2797,2324,83.1,472,16.9,515,18.4,1146,753,65.7,387,33.8,421,36.7,22211,16654,75,5472,24.6,6065,27.3,60676,51569,85,8980,14.8,9802,16.2,171,124,72.5,47,27.5,50,29.2,2952,2438,82.6,506,17.1,558,18.9
80,KIOWA,EADS RE-1,192,139,72.4,53,27.6,53,27.6,87,57,65.5,30,34.5,30,34.5,105,82,78.1,23,21.9,23,21.9,2,1,50,1,50,1,50,2,0,0,2,100,2,100,4,1,25,3,75,3,75,23,17,73.9,6,26.1,6,26.1,158,117,74.1,41,25.9,41,25.9,3,3,100,0,0,0,0,0,0,0,0,0,0,0
81,KIOWA,PLAINVIEW RE-2,98,56,57.1,42,42.9,43,43.9,47,27,57.4,20,42.6,21,44.7,51,29,56.9,22,43.1,22,43.1,0,0,0,0,0,0,0,0,0,0,0,0,0,0,1,0,0,1,100,1,100,14,6,42.9,8,57.1,8,57.1,82,49,59.8,33,40.2,34,41.5,0,0,0,0,0,0,0,1,1,100,0,0,0,0
82,KIT CARSON,ARRIBA-FLAGLER C-20,164,129,78.7,35,21.3,37,22.6,71,56,78.9,15,21.1,17,23.9,93,73,78.5,20,21.5,20,21.5,0,0,0,0,0,0,0,1,0,0,1,100,1,100,1,1,100,0,0,0,0,8,3,37.5,5,62.5,7,87.5,151,123,81.5,28,18.5,28,18.5,2,2,100,0,0,0,0,1,0,0,1,100,1,100
83,KIT CARSON,HI-PLAINS R-23,125,93,74.4,32,25.6,32,25.6,62,47,75.8,15,24.2,15,24.2,63,46,73,17,27,17,27,2,2,100,0,0,0,0,0,0,0,0,0,0,0,3,3,100,0,0,0,0,18,14,77.8,4,22.2,4,22.2,102,74,72.5,28,27.5,28,27.5,0,0,0,0,0,0,0,0,0,0,0,0,0,0
84,KIT CARSON,STRATTON R-4,189,128,67.7,61,32.3,61,32.3,88,57,64.8,31,35.2,31,35.2,101,71,70.3,30,29.7,30,29.7,0,0,0,0,0,0,0,0,0,0,0,0,0,0,0,0,0,0,0,0,0,35,23,65.7,12,34.3,12,34.3,154,105,68.2,49,31.8,49,31.8,0,0,0,0,0,0,0,0,0,0,0,0,0,0
85,KIT CARSON,BETHUNE R-5,156,99,63.5,57,36.5,57,36.5,71,39,54.9,32,45.1,32,45.1,85,60,70.6,25,29.4,25,29.4,0,0,0,0,0,0,0,2,1,50,1,50,1,50,0,0,0,0,0,0,0,54,37,68.5,17,31.5,17,31.5,100,61,61,39,39,39,39,0,0,0,0,0,0,0,0,0,0,0,0,0,0
86,KIT CARSON,BURLINGTON RE-6J,845,643,76.1,202,23.9,208,24.6,418,317,75.8,101,24.2,103,24.6,427,326,76.3,101,23.7,105,24.6,6,3,50,3,50,3,50,3,2,66.7,1,33.3,1,33.3,9,9,100,0,0,0,0,314,247,78.7,67,21.3,71,22.6,506,378,74.7,128,25.3,130,25.7,0,0,0,0,0,0,0,7,4,57.1,3,42.9,3,42.9
87,LAKE,LAKE COUNTY R-1,1246,930,74.6,316,25.4,336,27,616,460,74.7,156,25.3,168,27.3,630,470,74.6,160,25.4,168,26.7,31,5,16.1,26,83.9,27,87.1,1,0,0,1,100,1,100,3,1,33.3,2,66.7,2,66.7,843,656,77.8,187,22.2,202,24,352,253,71.9,99,28.1,103,29.3,0,0,0,0,0,0,0,16,15,93.8,1,6.3,1,6.3
88,LA PLATA,DURANGO 9-R,5088,3806,74.8,1273,25,1348,26.5,2489,1896,76.2,590,23.7,631,25.4,2599,1910,73.5,683,26.3,717,27.6,295,197,66.8,96,32.5,108,36.6,55,40,72.7,15,27.3,15,27.3,35,19,54.3,16,45.7,16,45.7,883,622,70.4,256,29,282,31.9,3735,2869,76.8,864,23.1,900,24.1,5,4,80,1,20,1,20,80,55,68.8,25,31.3,26,32.5
89,LA PLATA,BAYFIELD 10 JT-R,1569,1161,74,412,26.3,438,27.9,771,573,74.3,200,25.9,212,27.5,798,588,73.7,212,26.6,226,28.3,49,30,61.2,20,40.8,22,44.9,5,4,80,1,20,1,20,3,1,33.3,2,66.7,2,66.7,221,141,63.8,80,36.2,88,39.8,1246,960,77,289,23.2,305,24.5,1,0,0,1,100,1,100,44,25,56.8,19,43.2,19,43.2
90,LA PLATA,IGNACIO 11 JT,877,615,70.1,261,29.8,288,32.8,410,286,69.8,124,30.2,140,34.1,467,329,70.4,137,29.3,148,31.7,243,157,64.6,86,35.4,96,39.5,3,1,33.3,2,66.7,2,66.7,5,5,100,0,0,0,0,274,201,73.4,73,26.6,80,29.2,300,222,74,77,25.7,85,28.3,0,0,0,0,0,0,0,52,29,55.8,23,44.2,25,48.1
91,LARIMER,POUDRE R-1,29031,24159,83.2,4808,16.6,5476,18.9,14257,11876,83.3,2348,16.5,2675,18.8,14774,12283,83.1,2460,16.7,2801,19,163,125,76.7,38,23.3,50,30.7,979,762,77.8,217,22.2,254,25.9,406,297,73.2,107,26.4,128,31.5,4995,3984,79.8,996,19.9,1199,24,21515,18202,84.6,3269,15.2,3637,16.9,35,29,82.9,6,17.1,6,17.1,938,760,81,175,18.7,202,21.5
92,BOULDER,THOMPSON R2-J,16906,13276,78.5,3565,21.1,3885,23,8189,6457,78.8,1704,20.8,1845,22.5,8717,6819,78.2,1861,21.3,2040,23.4,103,75,72.8,28,27.2,30,29.1,250,196,78.4,54,21.6,57,22.8,168,113,67.3,55,32.7,60,35.7,3104,2335,75.2,757,24.4,829,26.7,12918,10278,79.6,2587,20,2812,21.8,37,26,70.3,11,29.7,11,29.7,326,253,77.6,73,22.4,86,26.4
93,LARIMER,PARK (ESTES PARK) R-3,1272,972,76.4,295,23.2,308,24.2,585,457,78.1,127,21.7,131,22.4,687,515,75,168,24.5,177,25.8,12,7,58.3,5,41.7,5,41.7,19,15,78.9,4,21.1,4,21.1,13,13,100,0,0,0,0,270,203,75.2,67,24.8,69,25.6,931,721,77.4,205,22,216,23.2,7,2,28.6,5,71.4,5,71.4,20,11,55,9,45,9,45
94,LAS ANIMAS,TRINIDAD 1,1594,1163,73,430,27,463,29,809,595,73.5,213,26.3,225,27.8,785,568,72.4,217,27.6,238,30.3,27,16,59.3,11,40.7,11,40.7,23,19,82.6,4,17.4,4,17.4,17,9,52.9,8,47.1,8,47.1,1039,788,75.8,250,24.1,274,26.4,479,325,67.8,154,32.2,163,34,1,1,100,0,0,0,0,8,5,62.5,3,37.5,3,37.5
95,LAS ANIMAS,PRIMERO REORGANIZED 2,239,115,48.1,124,51.9,124,51.9,111,57,51.4,54,48.6,54,48.6,128,58,45.3,70,54.7,70,54.7,2,0,0,2,100,2,100,1,1,100,0,0,0,0,3,0,0,3,100,3,100,92,50,54.3,42,45.7,42,45.7,141,64,45.4,77,54.6,77,54.6,0,0,0,0,0,0,0,0,0,0,0,0,0,0
96,LAS ANIMAS,HOEHNE REORGANIZED 3,376,270,71.8,106,28.2,106,28.2,181,127,70.2,54,29.8,54,29.8,195,143,73.3,52,26.7,52,26.7,0,0,0,0,0,0,0,2,2,100,0,0,0,0,0,0,0,0,0,0,0,160,114,71.3,46,28.8,46,28.8,207,151,72.9,56,27.1,56,27.1,1,0,0,1,100,1,100,6,3,50,3,50,3,50
97,LAS ANIMAS,AGUILAR REORGANIZED 6,123,56,45.5,66,53.7,69,56.1,55,27,49.1,28,50.9,28,50.9,68,29,42.6,38,55.9,41,60.3,1,0,0,1,100,1,100,0,0,0,0,0,0,0,0,0,0,0,0,0,0,64,31,48.4,32,50,34,53.1,58,25,43.1,33,56.9,34,58.6,0,0,0,0,0,0,0,0,0,0,0,0,0,0
98,LAS ANIMAS,BRANSON REORGANIZED 82,600,220,36.7,380,63.3,385,64.2,339,122,36,217,64,220,64.9,261,98,37.5,163,62.5,165,63.2,8,3,37.5,5,62.5,5,62.5,4,1,25,3,75,3,75,28,7,25,21,75,21,75,147,46,31.3,101,68.7,101,68.7,388,151,38.9,237,61.1,240,61.9,2,1,50,1,50,2,100,23,11,47.8,12,52.2,13,56.5
99,LAS ANIMAS,KIM REORGANIZED 88,61,47,77,14,23,14,23,29,23,79.3,6,20.7,6,20.7,32,24,75,8,25,8,25,0,0,0,0,0,0,0,0,0,0,0,0,0,0,0,0,0,0,0,0,0,11,5,45.5,6,54.5,6,54.5,50,42,84,8,16,8,16,0,0,0,0,0,0,0,0,0,0,0,0,0,0
100,LINCOLN,GENOA-HUGO C113,190,134,70.5,56,29.5,58,30.5,89,65,73,24,27,25,28.1,101,69,68.3,32,31.7,33,32.7,0,0,0,0,0,0,0,0,0,0,0,0,0,0,4,2,50,2,50,3,75,8,3,37.5,5,62.5,5,62.5,178,129,72.5,49,27.5,50,28.1,0,0,0,0,0,0,0,0,0,0,0,0,0,0
101,LINCOLN,LIMON RE-4J,542,369,68.1,173,31.9,177,32.7,268,184,68.7,84,31.3,84,31.3,274,185,67.5,89,32.5,93,33.9,6,4,66.7,2,33.3,2,33.3,5,3,60,2,40,2,40,14,10,71.4,4,28.6,4,28.6,51,34,66.7,17,33.3,17,33.3,455,309,67.9,146,32.1,150,33,2,1,50,1,50,1,50,9,8,88.9,1,11.1,1,11.1
102,LINCOLN,KARVAL RE-23,265,93,35.1,172,64.9,176,66.4,127,48,37.8,79,62.2,81,63.8,138,45,32.6,93,67.4,95,68.8,3,1,33.3,2,66.7,2,66.7,5,3,60,2,40,2,40,6,2,33.3,4,66.7,4,66.7,22,5,22.7,17,77.3,17,77.3,229,82,35.8,147,64.2,151,65.9,0,0,0,0,0,0,0,0,0,0,0,0,0,0
103,LOGAN,VALLEY RE-1,2501,1916,76.6,583,23.3,630,25.2,1195,911,76.2,283,23.7,309,25.9,1306,1005,77,300,23,321,24.6,21,13,61.9,8,38.1,9,42.9,17,10,58.8,7,41.2,7,41.2,20,10,50,10,50,11,55,638,490,76.8,147,23,160,25.1,1732,1341,77.4,390,22.5,421,24.3,4,4,100,0,0,0,0,69,48,69.6,21,30.4,22,31.9
104,LOGAN,FRENCHMAN RE-3,196,153,78.1,43,21.9,44,22.4,102,79,77.5,23,22.5,24,23.5,94,74,78.7,20,21.3,20,21.3,0,0,0,0,0,0,0,2,1,50,1,50,1,50,1,0,0,1,100,1,100,24,19,79.2,5,20.8,5,20.8,167,131,78.4,36,21.6,37,22.2,0,0,0,0,0,0,0,2,2,100,0,0,0,0
105,LOGAN,BUFFALO RE-4J,339,279,82.3,60,17.7,60,17.7,162,136,84,26,16,26,16,177,143,80.8,34,19.2,34,19.2,3,3,100,0,0,0,0,4,2,50,2,50,2,50,10,10,100,0,0,0,0,30,22,73.3,8,26.7,8,26.7,288,238,82.6,50,17.4,50,17.4,0,0,0,0,0,0,0,4,4,100,0,0,0,0
106,LOGAN,PLATEAU RE-5,192,151,78.6,41,21.4,42,21.9,77,58,75.3,19,24.7,19,24.7,115,93,80.9,22,19.1,23,20,0,0,0,0,0,0,0,0,0,0,0,0,0,0,0,0,0,0,0,0,0,6,2,33.3,4,66.7,4,66.7,183,146,79.8,37,20.2,38,20.8,0,0,0,0,0,0,0,3,3,100,0,0,0,0
107,MESA,DE BEQUE 49JT,149,73,49,76,51,81,54.4,59,29,49.2,30,50.8,32,54.2,90,44,48.9,46,51.1,49,54.4,2,2,100,0,0,0,0,0,0,0,0,0,0,0,0,0,0,0,0,0,0,17,6,35.3,11,64.7,11,64.7,126,65,51.6,61,48.4,66,52.4,0,0,0,0,0,0,0,4,0,0,4,100,4,100
108,MESA,PLATEAU VALLEY 50,653,359,55,294,45,299,45.8,276,159,57.6,117,42.4,119,43.1,377,200,53.1,177,46.9,180,47.7,13,6,46.2,7,53.8,8,61.5,4,3,75,1,25,1,25,35,13,37.1,22,62.9,23,65.7,137,60,43.8,77,56.2,77,56.2,459,276,60.1,183,39.9,186,40.5,1,0,0,1,100,1,100,4,1,25,3,75,3,75
109,MESA,MESA COUNTY VALLEY 51,23983,18809,78.4,5029,21,5806,24.2,11660,9151,78.5,2435,20.9,2800,24,12323,9658,78.4,2594,21.1,3006,24.4,258,164,63.6,94,36.4,103,39.9,187,142,75.9,45,24.1,48,25.7,172,126,73.3,43,25,49,28.5,5205,4136,79.5,1033,19.8,1250,24,17270,13579,78.6,3590,20.8,4090,23.7,39,27,69.2,12,30.8,20,51.3,852,635,74.5,212,24.9,246,28.9
110,MINERAL,CREEDE SCHOOL DISTRICT,104,64,61.5,40,38.5,40,38.5,48,30,62.5,18,37.5,18,37.5,56,34,60.7,22,39.3,22,39.3,0,0,0,0,0,0,0,1,0,0,1,100,1,100,0,0,0,0,0,0,0,18,9,50,9,50,9,50,81,54,66.7,27,33.3,27,33.3,0,0,0,0,0,0,0,4,1,25,3,75,3,75
111,MOFFAT,MOFFAT COUNTY RE:NO 1,2448,1875,76.6,573,23.4,638,26.1,1163,889,76.4,275,23.6,312,26.8,1285,986,76.7,298,23.2,326,25.4,29,23,79.3,6,20.7,8,27.6,8,6,75,3,37.5,4,50,10,8,80,2,20,2,20,507,384,75.7,122,24.1,141,27.8,1850,1421,76.8,429,23.2,472,25.5,2,2,100,0,0,0,0,42,31,73.8,11,26.2,11,26.2
112,MONTEZUMA,MONTEZUMA-CORTEZ RE-1,3250,2246,69.1,986,30.3,1119,34.4,1574,1084,68.9,481,30.6,538,34.2,1676,1162,69.3,505,30.1,581,34.7,878,566,64.5,310,35.3,365,41.6,15,11,73.3,4,26.7,4,26.7,15,14,93.3,1,6.7,2,13.3,577,416,72.1,157,27.2,175,30.3,1677,1176,70.1,488,29.1,543,32.4,2,1,50,1,50,1,50,86,62,72.1,25,29.1,29,33.7
113,MONTEZUMA,DOLORES RE-4A,780,552,70.8,228,29.2,230,29.5,374,265,70.9,109,29.1,110,29.4,406,287,70.7,119,29.3,120,29.6,27,19,70.4,8,29.6,8,29.6,5,3,60,2,40,2,40,6,4,66.7,2,33.3,2,33.3,63,45,71.4,18,28.6,18,28.6,666,477,71.6,189,28.4,191,28.7,0,0,0,0,0,0,0,13,4,30.8,9,69.2,9,69.2
114,MONTEZUMA,MANCOS RE-6,449,304,67.7,146,32.5,151,33.6,211,132,62.6,79,37.4,83,39.3,238,172,72.3,67,28.2,68,28.6,28,17,60.7,11,39.3,11,39.3,0,0,0,0,0,0,0,3,0,0,3,100,3,100,75,41,54.7,34,45.3,35,46.7,334,241,72.2,94,28.1,98,29.3,1,1,100,0,0,0,0,8,4,50,4,50,4,50
115,MONTROSE,MONTROSE COUNTY RE-1J,6747,5229,77.5,1484,22,1693,25.1,3267,2562,78.4,688,21.1,782,23.9,3480,2667,76.6,796,22.9,911,26.2,49,31,63.3,18,36.7,21,42.9,31,23,74.2,8,25.8,8,25.8,31,22,71,9,29,9,29,2414,1919,79.5,483,20,560,23.2,4042,3105,76.8,916,22.7,1037,25.7,5,2,40,3,60,4,80,175,127,72.6,47,26.9,54,30.9
116,MONTROSE,WEST END RE-2,351,254,72.4,97,27.6,103,29.3,185,134,72.4,51,27.6,56,30.3,166,120,72.3,46,27.7,47,28.3,8,6,75,2,25,2,25,1,1,100,0,0,0,0,5,4,80,1,20,1,20,34,12,35.3,22,64.7,22,64.7,302,231,76.5,71,23.5,77,25.5,0,0,0,0,0,0,0,1,0,0,1,100,1,100
117,MORGAN,BRUSH RE-2(J),1603,1244,77.6,359,22.4,396,24.7,806,623,77.3,183,22.7,203,25.2,797,621,77.9,176,22.1,193,24.2,5,3,60,2,40,2,40,4,4,100,0,0,0,0,17,11,64.7,6,35.3,6,35.3,789,623,79,166,21,188,23.8,755,577,76.4,178,23.6,193,25.6,2,1,50,1,50,1,50,31,25,80.6,6,19.4,6,19.4
118,MORGAN,FORT MORGAN RE-3,3403,2629,77.3,770,22.6,843,24.8,1654,1282,77.5,369,22.3,408,24.7,1749,1347,77,401,22.9,435,24.9,21,15,71.4,6,28.6,6,28.6,15,9,60,6,40,6,40,139,67,48.2,72,51.8,75,54,2017,1599,79.3,417,20.7,463,23,1177,914,77.7,260,22.1,283,24,1,1,100,0,0,0,0,33,24,72.7,9,27.3,10,30.3
119,MORGAN,WELDON VALLEY RE-20(J),225,166,73.8,59,26.2,59,26.2,119,88,73.9,31,26.1,31,26.1,106,78,73.6,28,26.4,28,26.4,0,0,0,0,0,0,0,1,0,0,1,100,1,100,0,0,0,0,0,0,0,33,21,63.6,12,36.4,12,36.4,191,145,75.9,46,24.1,46,24.1,0,0,0,0,0,0,0,0,0,0,0,0,0,0
120,MORGAN,WIGGINS RE-50(J),561,412,73.4,149,26.6,152,27.1,266,201,75.6,65,24.4,66,24.8,295,211,71.5,84,28.5,86,29.2,7,3,42.9,4,57.1,4,57.1,3,3,100,0,0,0,0,3,2,66.7,1,33.3,1,33.3,161,100,62.1,61,37.9,62,38.5,368,292,79.3,76,20.7,78,21.2,0,0,0,0,0,0,0,19,12,63.2,7,36.8,7,36.8
121,OTERO,EAST OTERO R-1,1494,1056,70.7,438,29.3,471,31.5,729,518,71.1,211,28.9,226,31,765,538,70.3,227,29.7,245,32,6,4,66.7,2,33.3,2,33.3,6,5,83.3,1,16.7,1,16.7,6,5,83.3,1,16.7,1,16.7,945,684,72.4,261,27.6,281,29.7,498,340,68.3,158,31.7,171,34.3,1,0,0,1,100,1,100,32,18,56.3,14,43.8,14,43.8
122,OTERO,ROCKY FORD R-2,965,700,72.5,265,27.5,279,28.9,438,310,70.8,128,29.2,133,30.4,527,390,74,137,26,146,27.7,2,2,100,0,0,0,0,7,5,71.4,2,28.6,2,28.6,11,6,54.5,5,45.5,5,45.5,669,500,74.7,169,25.3,181,27.1,274,185,67.5,89,32.5,91,33.2,0,0,0,0,0,0,0,2,2,100,0,0,0,0
123,OTERO,MANZANOLA 3J,201,120,59.7,81,40.3,85,42.3,94,56,59.6,38,40.4,39,41.5,107,64,59.8,43,40.2,46,43,0,0,0,0,0,0,0,0,0,0,0,0,0,0,1,1,100,0,0,0,0,138,79,57.2,59,42.8,62,44.9,62,40,64.5,22,35.5,23,37.1,0,0,0,0,0,0,0,0,0,0,0,0,0,0
124,OTERO,FOWLER R-4J,463,345,74.5,118,25.5,124,26.8,244,190,77.9,54,22.1,56,23,219,155,70.8,64,29.2,68,31.1,4,0,0,4,100,5,125,0,0,0,0,0,0,0,0,0,0,0,0,0,0,94,68,72.3,26,27.7,28,29.8,358,273,76.3,85,23.7,87,24.3,0,0,0,0,0,0,0,7,4,57.1,3,42.9,4,57.1
125,OTERO,CHERAW 31,224,178,79.5,46,20.5,48,21.4,114,97,85.1,17,14.9,18,15.8,110,81,73.6,29,26.4,30,27.3,1,1,100,0,0,0,0,0,0,0,0,0,0,0,3,0,0,3,100,3,100,46,33,71.7,13,28.3,14,30.4,172,143,83.1,29,16.9,30,17.4,0,0,0,0,0,0,0,2,1,50,1,50,1,50
126,OTERO,SWINK 33,417,315,75.5,102,24.5,103,24.7,205,150,73.2,55,26.8,56,27.3,212,165,77.8,47,22.2,47,22.2,1,1,100,0,0,0,0,27,21,77.8,6,22.2,6,22.2,6,3,50,3,50,3,50,105,75,71.4,30,28.6,30,28.6,269,208,77.3,61,22.7,62,23,0,0,0,0,0,0,0,9,7,77.8,2,22.2,2,22.2
127,OURAY,OURAY R-1,219,146,66.7,73,33.3,75,34.2,117,76,65,41,35,42,35.9,102,70,68.6,32,31.4,33,32.4,1,1,100,0,0,0,0,4,3,75,1,25,1,25,1,1,100,0,0,0,0,30,17,56.7,13,43.3,14,46.7,182,123,67.6,59,32.4,60,33,1,1,100,0,0,0,0,0,0,0,0,0,0,0
128,OURAY,RIDGWAY R-2,386,273,70.7,113,29.3,117,30.3,191,128,67,63,33,65,34,195,145,74.4,50,25.6,52,26.7,1,1,100,0,0,0,0,4,3,75,1,25,1,25,1,1,100,0,0,0,0,38,16,42.1,22,57.9,24,63.2,324,238,73.5,86,26.5,88,27.2,3,2,66.7,1,33.3,1,33.3,15,12,80,3,20,3,20
129,PARK,PLATTE CANYON 1,1247,857,68.7,390,31.3,404,32.4,588,405,68.9,183,31.1,191,32.5,659,452,68.6,207,31.4,213,32.3,5,5,100,0,0,0,0,15,11,73.3,4,26.7,4,26.7,9,5,55.6,4,44.4,5,55.6,104,72,69.2,32,30.8,33,31.7,1060,736,69.4,324,30.6,334,31.5,0,0,0,0,0,0,0,54,28,51.9,26,48.1,28,51.9
130,PARK,PARK COUNTY RE-2,624,403,64.6,220,35.3,226,36.2,304,188,61.8,116,38.2,119,39.1,320,215,67.2,104,32.5,107,33.4,2,1,50,1,50,1,50,2,0,0,2,100,2,100,9,2,22.2,7,77.8,7,77.8,75,43,57.3,32,42.7,35,46.7,525,347,66.1,177,33.7,180,34.3,0,0,0,0,0,0,0,11,10,90.9,1,9.1,1,9.1
131,PHILLIPS,HOLYOKE RE-1J,641,505,78.8,136,21.2,144,22.5,302,234,77.5,68,22.5,72,23.8,339,271,79.9,68,20.1,72,21.2,0,0,0,0,0,0,0,1,0,0,1,100,1,100,3,1,33.3,2,66.7,2,66.7,260,202,77.7,58,22.3,62,23.8,371,296,79.8,75,20.2,79,21.3,0,0,0,0,0,0,0,6,6,100,0,0,0,0
132,PHILLIPS,HAXTUN RE-2J,319,258,80.9,61,19.1,63,19.7,158,125,79.1,33,20.9,35,22.2,161,133,82.6,28,17.4,28,17.4,1,1,100,0,0,0,0,2,2,100,0,0,0,0,1,0,0,1,100,1,100,27,22,81.5,5,18.5,5,18.5,284,229,80.6,55,19.4,57,20.1,0,0,0,0,0,0,0,4,4,100,0,0,0,0
133,PITKIN,ASPEN 1,1819,1529,84.1,290,15.9,312,17.2,876,742,84.7,134,15.3,147,16.8,943,787,83.5,156,16.5,165,17.5,12,4,33.3,8,66.7,8,66.7,34,27,79.4,7,20.6,7,20.6,13,12,92.3,1,7.7,1,7.7,203,163,80.3,40,19.7,42,20.7,1554,1321,85,233,15,253,16.3,1,0,0,1,100,1,100,2,2,100,0,0,0,0
134,PROWERS,GRANADA RE-1,271,178,65.7,93,34.3,93,34.3,114,74,64.9,40,35.1,40,35.1,157,104,66.2,53,33.8,53,33.8,0,0,0,0,0,0,0,0,0,0,0,0,0,0,0,0,0,0,0,0,0,197,124,62.9,73,37.1,73,37.1,74,54,73,20,27,20,27,0,0,0,0,0,0,0,0,0,0,0,0,0,0
135,PROWERS,LAMAR RE-2,1782,1368,76.8,414,23.2,441,24.7,846,642,75.9,204,24.1,215,25.4,936,726,77.6,210,22.4,226,24.1,14,11,78.6,3,21.4,3,21.4,7,6,85.7,1,14.3,1,14.3,10,8,80,2,20,2,20,927,741,79.9,186,20.1,199,21.5,790,577,73,213,27,227,28.7,0,0,0,0,0,0,0,34,25,73.5,9,26.5,9,26.5
136,PROWERS,HOLLY RE-3,291,240,82.5,51,17.5,55,18.9,126,95,75.4,31,24.6,33,26.2,165,145,87.9,20,12.1,22,13.3,4,4,100,0,0,0,0,1,0,0,1,100,1,100,0,0,0,0,0,0,0,141,119,84.4,22,15.6,23,16.3,143,115,80.4,28,19.6,31,21.7,0,0,0,0,0,0,0,2,2,100,0,0,0,0
137,PROWERS,WILEY RE-13 JT,256,181,70.7,75,29.3,75,29.3,132,100,75.8,32,24.2,32,24.2,124,81,65.3,43,34.7,43,34.7,2,1,50,1,50,1,50,0,0,0,0,0,0,0,3,3,100,0,0,0,0,74,47,63.5,27,36.5,27,36.5,173,130,75.1,43,24.9,43,24.9,0,0,0,0,0,0,0,4,0,0,4,100,4,100
138,PUEBLO,PUEBLO CITY 60,19216,14879,77.4,4288,22.3,4939,25.7,9344,7232,77.4,2087,22.3,2395,25.6,9872,7647,77.5,2201,22.3,2544,25.8,133,89,66.9,41,30.8,47,35.3,122,94,77,28,23,29,23.8,465,313,67.3,151,32.5,170,36.6,12672,10104,79.7,2541,20.1,2990,23.6,5578,4118,73.8,1444,25.9,1610,28.9,30,25,83.3,5,16.7,5,16.7,216,136,63,78,36.1,88,40.7
139,PUEBLO,PUEBLO COUNTY 70,9920,7336,74,2565,25.9,2763,27.9,4826,3562,73.8,1254,26,1339,27.7,5094,3774,74.1,1311,25.7,1424,28,71,59,83.1,12,16.9,13,18.3,71,45,63.4,26,36.6,27,38,136,83,61,53,39,56,41.2,3181,2305,72.5,866,27.2,939,29.5,6291,4734,75.3,1548,24.6,1666,26.5,5,2,40,3,60,3,60,165,108,65.5,57,34.5,59,35.8
140,RIO BLANCO,MEEKER RE1,735,541,73.6,194,26.4,196,26.7,364,258,70.9,106,29.1,108,29.7,371,283,76.3,88,23.7,88,23.7,6,3,50,3,50,3,50,3,2,66.7,1,33.3,1,33.3,3,2,66.7,1,33.3,1,33.3,106,81,76.4,25,23.6,25,23.6,607,446,73.5,161,26.5,163,26.9,5,5,100,0,0,0,0,5,2,40,3,60,3,60
141,RIO BLANCO,RANGELY RE-4,531,394,74.2,137,25.8,146,27.5,262,193,73.7,69,26.3,72,27.5,269,201,74.7,68,25.3,74,27.5,3,3,100,0,0,0,0,1,1,100,0,0,0,0,4,3,75,1,25,1,25,65,43,66.2,22,33.8,23,35.4,454,342,75.3,112,24.7,120,26.4,1,1,100,0,0,0,0,3,1,33.3,2,66.7,2,66.7
142,RIO GRANDE,DEL NORTE C-7,635,441,69.4,193,30.4,203,32,314,219,69.7,95,30.3,100,31.8,321,222,69.2,98,30.5,103,32.1,6,3,50,3,50,3,50,1,0,0,1,100,2,200,5,1,20,4,80,4,80,329,238,72.3,91,27.7,97,29.5,292,198,67.8,93,31.8,96,32.9,0,0,0,0,0,0,0,2,1,50,1,50,1,50
143,RIO GRANDE,MONTE VISTA C-8,1338,954,71.3,381,28.5,402,30,649,454,70,193,29.7,205,31.6,689,500,72.6,188,27.3,197,28.6,17,14,82.4,3,17.6,4,23.5,5,1,20,4,80,4,80,7,4,57.1,3,42.9,3,42.9,927,692,74.6,232,25,250,27,370,234,63.2,136,36.8,138,37.3,1,1,100,0,0,0,0,11,8,72.7,3,27.3,3,27.3
144,RIO GRANDE,SARGENT RE-33J,490,399,81.4,91,18.6,91,18.6,248,201,81,47,19,47,19,242,198,81.8,44,18.2,44,18.2,1,1,100,0,0,0,0,6,3,50,3,50,3,50,1,1,100,0,0,0,0,144,121,84,23,16,23,16,331,267,80.7,64,19.3,64,19.3,2,1,50,1,50,1,50,5,5,100,0,0,0,0
145,ROUTT,HAYDEN RE-1,423,307,72.6,116,27.4,118,27.9,186,134,72,52,28,54,29,237,173,73,64,27,64,27,4,4,100,0,0,0,0,6,5,83.3,1,16.7,1,16.7,4,3,75,1,25,1,25,48,37,77.1,11,22.9,11,22.9,361,258,71.5,103,28.5,105,29.1,0,0,0,0,0,0,0,0,0,0,0,0,0,0
146,ROUTT,STEAMBOAT SPRINGS RE-2,2485,1995,80.3,491,19.8,520,20.9,1195,973,81.4,222,18.6,234,19.6,1290,1022,79.2,269,20.9,286,22.2,6,5,83.3,1,16.7,1,16.7,39,26,66.7,13,33.3,13,33.3,9,6,66.7,3,33.3,3,33.3,237,175,73.8,62,26.2,65,27.4,2146,1741,81.1,406,18.9,431,20.1,11,10,90.9,1,9.1,1,9.1,37,32,86.5,5,13.5,6,16.2
147,ROUTT,SOUTH ROUTT RE 3,438,311,71,127,29,133,30.4,220,159,72.3,61,27.7,65,29.5,218,152,69.7,66,30.3,68,31.2,1,0,0,1,100,1,100,5,3,60,2,40,2,40,1,0,0,1,100,1,100,38,24,63.2,14,36.8,14,36.8,393,284,72.3,109,27.7,115,29.3,0,0,0,0,0,0,0,0,0,0,0,0,0,0
148,SAGUACHE,MOUNTAIN VALLEY RE 1,134,80,59.7,54,40.3,60,44.8,76,46,60.5,30,39.5,34,44.7,58,34,58.6,24,41.4,26,44.8,2,0,0,2,100,2,100,0,0,0,0,0,0,0,0,0,0,0,0,0,0,33,25,75.8,8,24.2,10,30.3,96,55,57.3,41,42.7,45,46.9,0,0,0,0,0,0,0,3,0,0,3,100,3,100
149,SAGUACHE,MOFFAT 2,231,154,66.7,77,33.3,80,34.6,109,75,68.8,34,31.2,35,32.1,122,79,64.8,43,35.2,45,36.9,6,6,100,0,0,0,0,2,1,50,1,50,2,100,3,1,33.3,2,66.7,2,66.7,12,11,91.7,1,8.3,1,8.3,204,132,64.7,72,35.3,74,36.3,2,2,100,0,0,0,0,2,1,50,1,50,1,50
150,SAGUACHE,CENTER 26 JT,662,463,69.9,199,30.1,216,32.6,328,233,71,95,29,103,31.4,334,230,68.9,104,31.1,113,33.8,12,9,75,3,25,3,25,0,0,0,0,0,0,0,1,1,100,0,0,0,0,597,433,72.5,164,27.5,180,30.2,47,19,40.4,28,59.6,29,61.7,0,0,0,0,0,0,0,5,1,20,4,80,4,80
151,SAN JUAN,SILVERTON 1,84,45,53.6,39,46.4,40,47.6,32,15,46.9,17,53.1,18,56.3,52,30,57.7,22,42.3,22,42.3,0,0,0,0,0,0,0,0,0,0,0,0,0,0,0,0,0,0,0,0,0,25,11,44,14,56,15,60,59,34,57.6,25,42.4,25,42.4,0,0,0,0,0,0,0,0,0,0,0,0,0,0
152,SAN MIGUEL,TELLURIDE R-1,788,637,80.8,151,19.2,153,19.4,403,327,81.1,76,18.9,76,18.9,385,310,80.5,75,19.5,77,20,2,1,50,1,50,1,50,12,9,75,3,25,3,25,1,1,100,0,0,0,0,132,94,71.2,38,28.8,38,28.8,635,526,82.8,109,17.2,111,17.5,1,1,100,0,0,0,0,5,5,100,0,0,0,0
153,SAN MIGUEL,NORWOOD R-2J,277,218,78.7,59,21.3,64,23.1,147,109,74.1,38,25.9,41,27.9,130,109,83.8,21,16.2,23,17.7,2,2,100,0,0,0,0,2,0,0,2,100,2,100,2,2,100,0,0,0,0,30,19,63.3,11,36.7,11,36.7,239,194,81.2,45,18.8,50,20.9,0,0,0,0,0,0,0,2,1,50,1,50,1,50
154,SEDGWICK,JULESBURG RE-1,1514,361,23.8,1149,75.9,1168,77.1,923,202,21.9,717,77.7,730,79.1,591,159,26.9,432,73.1,438,74.1,17,5,29.4,12,70.6,12,70.6,12,0,0,12,100,12,100,58,6,10.3,52,89.7,52,89.7,311,83,26.7,228,73.3,229,73.6,1087,262,24.1,821,75.5,838,77.1,20,1,5,19,95,20,100,9,4,44.4,5,55.6,5,55.6
155,SEDGWICK,PLATTE VALLEY RE-3,141,106,75.2,35,24.8,35,24.8,68,44,64.7,24,35.3,24,35.3,73,62,84.9,11,15.1,11,15.1,3,2,66.7,1,33.3,1,33.3,2,0,0,2,100,2,100,2,1,50,1,50,1,50,19,15,78.9,4,21.1,4,21.1,115,88,76.5,27,23.5,27,23.5,0,0,0,0,0,0,0,0,0,0,0,0,0,0
156,SUMMIT,SUMMIT RE-1,3361,2614,77.8,746,22.2,782,23.3,1618,1269,78.4,349,21.6,368,22.7,1743,1345,77.2,397,22.8,414,23.8,13,8,61.5,5,38.5,5,38.5,39,26,66.7,13,33.3,14,35.9,17,9,52.9,8,47.1,9,52.9,964,789,81.8,174,18,189,19.6,2240,1714,76.5,526,23.5,544,24.3,2,2,100,0,0,0,0,86,66,76.7,20,23.3,21,24.4
157,TELLER,CRIPPLE CREEK-VICTOR RE-1,483,268,55.5,215,44.5,236,48.9,219,123,56.2,96,43.8,107,48.9,264,145,54.9,119,45.1,129,48.9,4,2,50,2,50,2,50,4,3,75,1,25,1,25,8,4,50,4,50,4,50,46,23,50,23,50,24,52.2,411,232,56.4,179,43.6,199,48.4,8,4,50,4,50,4,50,2,0,0,2,100,2,100
158,TELLER,WOODLAND PARK RE-2,3088,2192,71,895,29,934,30.2,1428,1019,71.4,409,28.6,432,30.3,1660,1173,70.7,486,29.3,502,30.2,17,9,52.9,8,47.1,8,47.1,20,13,65,7,35,8,40,10,8,80,2,20,2,20,238,165,69.3,73,30.7,76,31.9,2677,1913,71.5,763,28.5,796,29.7,4,4,100,0,0,0,0,122,80,65.6,42,34.4,44,36.1
159,WASHINGTON,AKRON R-1,386,309,80.1,72,18.7,77,19.9,193,153,79.3,37,19.2,40,20.7,193,156,80.8,35,18.1,37,19.2,0,0,0,0,0,0,0,3,1,33.3,2,66.7,2,66.7,0,0,0,0,0,0,0,51,44,86.3,7,13.7,7,13.7,324,256,79,63,19.4,68,21,0,0,0,0,0,0,0,8,8,100,0,0,0,0
160,WASHINGTON,ARICKAREE R-2,112,86,76.8,26,23.2,26,23.2,49,32,65.3,17,34.7,17,34.7,63,54,85.7,9,14.3,9,14.3,0,0,0,0,0,0,0,1,1,100,0,0,0,0,0,0,0,0,0,0,0,27,8,29.6,19,70.4,19,70.4,84,77,91.7,7,8.3,7,8.3,0,0,0,0,0,0,0,0,0,0,0,0,0,0
161,WASHINGTON,OTIS R-3,203,159,78.3,44,21.7,47,23.2,100,72,72,28,28,31,31,103,87,84.5,16,15.5,16,15.5,1,1,100,0,0,0,0,0,0,0,0,0,0,0,1,1,100,0,0,0,0,21,12,57.1,9,42.9,9,42.9,176,141,80.1,35,19.9,38,21.6,0,0,0,0,0,0,0,4,4,100,0,0,0,0
162,WASHINGTON,LONE STAR 101,126,94,74.6,32,25.4,32,25.4,64,48,75,16,25,16,25,62,46,74.2,16,25.8,16,25.8,0,0,0,0,0,0,0,0,0,0,0,0,0,0,0,0,0,0,0,0,0,9,4,44.4,5,55.6,5,55.6,117,90,76.9,27,23.1,27,23.1,0,0,0,0,0,0,0,0,0,0,0,0,0,0
163,WASHINGTON,WOODLIN R-104,116,75,64.7,41,35.3,42,36.2,71,44,62,27,38,28,39.4,45,31,68.9,14,31.1,14,31.1,0,0,0,0,0,0,0,0,0,0,0,0,0,0,1,1,100,0,0,0,0,12,10,83.3,2,16.7,2,16.7,103,64,62.1,39,37.9,40,38.8,0,0,0,0,0,0,0,0,0,0,0,0,0,0
164,WELD,WELD COUNTY RE-1,2094,1517,72.4,574,27.4,598,28.6,1005,723,71.9,280,27.9,292,29.1,1089,794,72.9,294,27,306,28.1,22,12,54.5,10,45.5,11,50,8,5,62.5,3,37.5,3,37.5,9,7,77.8,2,22.2,2,22.2,1099,818,74.4,278,25.3,297,27,941,662,70.4,279,29.6,283,30.1,1,1,100,0,0,0,0,14,12,85.7,2,14.3,2,14.3
165,WELD,EATON RE-2,1985,1533,77.2,451,22.7,472,23.8,961,738,76.8,222,23.1,232,24.1,1024,795,77.6,229,22.4,240,23.4,10,8,80,2,20,2,20,11,6,54.5,5,45.5,5,45.5,13,12,92.3,1,7.7,1,7.7,449,314,69.9,134,29.8,148,33,1479,1176,79.5,303,20.5,310,21,0,0,0,0,0,0,0,23,17,73.9,6,26.1,6,26.1
166,WELD,KEENESBURG RE-3(J),2497,1833,73.4,662,26.5,698,28,1202,903,75.1,297,24.7,313,26,1295,930,71.8,365,28.2,385,29.7,12,10,83.3,2,16.7,2,16.7,15,9,60,6,40,7,46.7,14,9,64.3,5,35.7,6,42.9,886,641,72.3,244,27.5,258,29.1,1501,1118,74.5,382,25.4,399,26.6,4,3,75,1,25,1,25,65,43,66.2,22,33.8,25,38.5
167,WELD,WINDSOR RE-4,4957,3878,78.2,1072,21.6,1116,22.5,2386,1871,78.4,511,21.4,535,22.4,2571,2007,78.1,561,21.8,581,22.6,24,19,79.2,5,20.8,5,20.8,56,42,75,14,25,14,25,19,12,63.2,7,36.8,7,36.8,696,516,74.1,179,25.7,188,27,4024,3179,79,839,20.8,872,21.7,5,5,100,0,0,0,0,133,105,78.9,28,21.1,30,22.6
168,WELD,JOHNSTOWN-MILLIKEN RE-5J,3602,2742,76.1,858,23.8,892,24.8,1721,1306,75.9,413,24,429,24.9,1881,1436,76.3,445,23.7,463,24.6,11,8,72.7,3,27.3,3,27.3,29,19,65.5,10,34.5,10,34.5,21,14,66.7,7,33.3,8,38.1,1052,849,80.7,203,19.3,217,20.6,2443,1817,74.4,624,25.5,643,26.3,1,1,100,0,0,0,0,45,34,75.6,11,24.4,11,24.4
169,WELD,GREELEY 6,21971,16903,76.9,4982,22.7,5624,25.6,10769,8328,77.3,2389,22.2,2708,25.1,11202,8575,76.5,2593,23.1,2916,26,80,51,63.8,29,36.3,31,38.8,403,252,62.5,150,37.2,158,39.2,439,266,60.6,170,38.7,184,41.9,12480,9881,79.2,2545,20.4,2960,23.7,8233,6217,75.5,1992,24.2,2184,26.5,43,25,58.1,18,41.9,20,46.5,293,211,72,78,26.6,87,29.7
170,WELD,PLATTE VALLEY RE-7,1212,960,79.2,252,20.8,259,21.4,584,464,79.5,120,20.5,123,21.1,628,496,79,132,21,136,21.7,1,0,0,1,100,1,100,1,1,100,0,0,0,0,3,2,66.7,1,33.3,1,33.3,365,261,71.5,104,28.5,105,28.8,839,695,82.8,144,17.2,150,17.9,0,0,0,0,0,0,0,3,1,33.3,2,66.7,2,66.7
171,WELD,WELD COUNTY S/D RE-8,2609,1976,75.7,631,24.2,677,25.9,1268,963,75.9,303,23.9,327,25.8,1341,1013,75.5,328,24.5,350,26.1,13,8,61.5,5,38.5,5,38.5,17,9,52.9,8,47.1,8,47.1,16,7,43.8,9,56.3,10,62.5,1793,1395,77.8,397,22.1,432,24.1,739,536,72.5,202,27.3,212,28.7,5,4,80,1,20,1,20,26,17,65.4,9,34.6,9,34.6
172,WELD,AULT-HIGHLAND RE-9,950,659,69.4,290,30.5,314,33.1,480,328,68.3,152,31.7,164,34.2,470,331,70.4,138,29.4,150,31.9,4,4,100,0,0,0,0,4,3,75,1,25,1,25,2,1,50,1,50,1,50,337,227,67.4,109,32.3,120,35.6,581,409,70.4,172,29.6,183,31.5,0,0,0,0,0,0,0,22,15,68.2,7,31.8,9,40.9
173,WELD,BRIGGSDALE RE-10,169,130,76.9,39,23.1,39,23.1,97,73,75.3,24,24.7,24,24.7,72,57,79.2,15,20.8,15,20.8,1,0,0,1,100,1,100,9,6,66.7,3,33.3,3,33.3,0,0,0,0,0,0,0,13,9,69.2,4,30.8,4,30.8,145,114,78.6,31,21.4,31,21.4,0,0,0,0,0,0,0,1,1,100,0,0,0,0
174,WELD,PRAIRIE RE-11,185,142,76.8,43,23.2,44,23.8,94,71,75.5,23,24.5,23,24.5,91,71,78,20,22,21,23.1,0,0,0,0,0,0,0,0,0,0,0,0,0,0,5,5,100,0,0,0,0,25,11,44,14,56,14,56,153,124,81,29,19,30,19.6,0,0,0,0,0,0,0,2,2,100,0,0,0,0
175,WELD,PAWNEE RE-12,96,70,72.9,26,27.1,27,28.1,45,31,68.9,14,31.1,14,31.1,51,39,76.5,12,23.5,13,25.5,0,0,0,0,0,0,0,0,0,0,0,0,0,0,0,0,0,0,0,0,0,3,2,66.7,1,33.3,1,33.3,93,68,73.1,25,26.9,26,28,0,0,0,0,0,0,0,0,0,0,0,0,0,0
176,YUMA,YUMA 1,916,686,74.9,230,25.1,265,28.9,471,349,74.1,122,25.9,146,31,445,337,75.7,108,24.3,119,26.7,2,1,50,1,50,1,50,2,2,100,0,0,0,0,1,0,0,1,100,2,200,456,338,74.1,118,25.9,149,32.7,445,339,76.2,106,23.8,108,24.3,0,0,0,0,0,0,0,10,6,60,4,40,5,50
177,YUMA,WRAY RD-2,762,587,77,175,23,184,24.1,377,294,78,83,22,86,22.8,385,293,76.1,92,23.9,98,25.5,3,2,66.7,1,33.3,1,33.3,1,1,100,0,0,0,0,4,2,50,2,50,2,50,182,138,75.8,44,24.2,49,26.9,557,437,78.5,120,21.5,124,22.3,1,1,100,0,0,0,0,14,6,42.9,8,57.1,8,57.1
178,YUMA,IDALIA RJ-3,159,119,74.8,40,25.2,42,26.4,83,62,74.7,21,25.3,22,26.5,76,57,75,19,25,20,26.3,6,3,50,3,50,3,50,0,0,0,0,0,0,0,0,0,0,0,0,0,0,43,28,65.1,15,34.9,16,37.2,110,88,80,22,20,23,20.9,0,0,0,0,0,0,0,0,0,0,0,0,0,0
179,YUMA,LIBERTY J-4,96,66,68.8,30,31.3,31,32.3,43,35,81.4,8,18.6,8,18.6,53,31,58.5,22,41.5,23,43.4,0,0,0,0,0,0,0,0,0,0,0,0,0,0,0,0,0,0,0,0,0,10,7,70,3,30,3,30,82,58,70.7,24,29.3,25,30.5,0,0,0,0,0,0,0,4,1,25,3,75,3,75
180,DENVER,CHARTER SCHOOL INSTITUTE,12020,5323,44.3,6660,55.4,6800,56.6,6311,2808,44.5,3483,55.2,3570,56.6,5709,2515,44.1,3177,55.6,3230,56.6,120,40,33.3,79,65.8,83,69.2,297,184,62,113,38,114,38.4,697,327,46.9,368,52.8,377,54.1,4881,2057,42.1,2806,57.5,2875,58.9,5811,2610,44.9,3186,54.8,3240,55.8,27,13,48.1,14,51.9,15,55.6,187,92,49.2,94,50.3,96,51.3
181,CHAFFEE,MOUNTAIN BOCES,184,76,41.3,113,61.4,116,63,103,37,35.9,66,64.1,67,65,81,39,48.1,47,58,49,60.5,1,1,100,0,0,0,0,0,0,0,0,0,0,0,2,1,50,1,50,1,50,72,23,31.9,50,69.4,50,69.4,109,51,46.8,62,56.9,65,59.6,0,0,0,0,0,0,0,0,0,0,0,0,0,0
182,WELD,CENTENNIAL BOCES,146,0,0,146,100,146,100,64,0,0,64,100,64,100,82,0,0,82,100,82,100,2,0,0,2,100,2,100,0,0,0,0,0,0,0,1,0,0,1,100,1,100,81,0,0,81,100,81,100,62,0,0,62,100,62,100,0,0,0,0,0,0,0,0,0,0,0,0,0,0
183,LA PLATA,SAN JUAN BOCES,84,0,0,84,100,84,100,36,0,0,36,100,36,100,48,0,0,48,100,48,100,8,0,0,8,100,8,100,0,0,0,0,0,0,0,0,0,0,0,0,0,0,15,0,0,15,100,15,100,58,0,0,58,100,58,100,0,0,0,0,0,0,0,3,0,0,3,100,3,100
184,DENVER,EXPEDITIONARY BOCES,402,302,75.1,100,24.9,101,25.1,184,141,76.6,43,23.4,44,23.9,218,161,73.9,57,26.1,57,26.1,2,2,100,0,0,0,0,16,11,68.8,5,31.3,5,31.3,18,9,50,9,50,9,50,43,31,72.1,12,27.9,12,27.9,297,233,78.5,64,21.5,65,21.9,0,0,0,0,0,0,0,26,16,61.5,10,38.5,10,38.5
